"Zona portuaria","Sociedad Portuaria","Tipo de embalaje","Exportación","Importación","Transbordo","Tránsito Internacional","Fluvial","Cabotaje","vigencia_anno","vigencia_mes"
"CARTAGENA","COMPAÑIA DE PUERTOS ASOCIADOS S.A.","TEUS llenos","1.544","2.210","166","1.914",,,"2.018","1"
"SANTA MARTA","SOCIEDAD PORTUARIA REGIONAL DE SANTA MARTA SA","TEUS llenos","696","2.736",,,,,"2.018","1"
"TURBO","PROMOTORA BANANERA S.A","TEUS llenos","434",,,,,"62","2.018","1"
"CARTAGENA","SOCIEDAD PORTUARIA REGIONAL DE CARTAGENA SA","TEUS llenos","4.246","6.712","20.830",,,,"2.018","1"
"CARTAGENA","TERMINAL DE CONTENEDORES DE CARTAGENA S. A.","TEUS llenos","10.860","15.357","84.399",,,,"2.018","1"
"BARRANQUILLA","SOCIEDAD PORTUARIA REGIONAL DE BARRANQUILLA S.A.","TEUS vacios","2.939","711",,,,"4","2.018","1"
"CARTAGENA","PUERTO DE MAMONAL S.A.","TEUS llenos","12",,,,,,"2.018","1"
"BARRANQUILLA","PALERMO SOCIEDAD PORTUARIA S.A","TEUS llenos",,"0",,,,,"2.018","1"
"CARTAGENA","TERMINAL DE CONTENEDORES DE CARTAGENA S. A.","TEUS vacios","4.139","292","21.683",,,,"2.018","1"
"CARTAGENA","SOCIEDAD PORTUARIA PUERTO BAHIA SA","TEUS llenos",,"112",,,,"212","2.018","1"
"BUENAVENTURA","SOCIEDAD PUERTO INDUSTRIAL AGUADULCE S.A.","TEUS llenos","333","3.552",,,,,"2.018","1"
"TURBO","C.I. UNIÓN DE BANANEROS DE URABA S.A. - UNIBAN","TEUS llenos","3.963","700",,,,"96","2.018","1"
"CARTAGENA","COMPAÑIA DE PUERTOS ASOCIADOS S.A.","TEUS vacios","1.073","921","524","1.728",,,"2.018","1"
"CARTAGENA","SOCIEDAD PORTUARIA TRANSMARSYP S.A.","TEUS llenos",,,,,,"303","2.018","1"
"BUENAVENTURA","SOCIEDAD PORTUARIA REGIONAL DE BUENAVENTURA S.A","TEUS llenos","7.528","20.360","45.176",,,,"2.018","1"
"SANTA MARTA","SOCIEDAD PORTUARIA REGIONAL DE SANTA MARTA SA","TEUS vacios","1.654","1.323","24",,,"4","2.018","1"
"BARRANQUILLA","SOCIEDAD PORTUARIA REGIONAL DE BARRANQUILLA S.A.","TEUS llenos","3.131","4.171",,,,,"2.018","1"
"BUENAVENTURA","SOCIEDAD PORTUARIA TERMINAL DE CONTENEDORES DE BUENAVENTURA S.A.","TEUS llenos","4.422","12.949","7.170",,,,"2.018","1"
"BUENAVENTURA","SOCIEDAD PORTUARIA TERMINAL DE CONTENEDORES DE BUENAVENTURA S.A.","TEUS vacios","9.754","208","3.286",,,,"2.018","1"
"BUENAVENTURA","SOCIEDAD PUERTO INDUSTRIAL AGUADULCE S.A.","TEUS vacios","2.176",,,,,,"2.018","1"
"BARRANQUILLA","BARRANQUILLA INTERNATIONAL TERMINAL COMPANY S.A.","TEUS vacios",,"680",,,,"302","2.018","1"
"CARTAGENA","SOCIEDAD PORTUARIA REGIONAL DE CARTAGENA SA","TEUS vacios","3.958","127","5.949",,,,"2.018","1"
"BARRANQUILLA","BARRANQUILLA INTERNATIONAL TERMINAL COMPANY S.A.","TEUS llenos",,"2",,,,,"2.018","1"
"GUAJIRA","CERREJON ZONA NORTE S.A.","TEUS vacios",,"176",,,,,"2.018","1"
"SAN ANDRES","SAN ANDRES PORT SOCIETY SA","TEUS vacios","237",,,,,"401","2.018","1"
"SAN ANDRES","SAN ANDRES PORT SOCIETY SA","TEUS llenos",,"224",,,,"497","2.018","1"
"CARTAGENA","SOCIEDAD PORTUARIA PUERTO BAHIA SA","TEUS vacios",,,,,,"110","2.018","1"
"GUAJIRA","CERREJON ZONA NORTE S.A.","TEUS llenos",,"135",,,,,"2.018","1"
"BUENAVENTURA","SOCIEDAD PORTUARIA REGIONAL DE BUENAVENTURA S.A","TEUS llenos","9.146","17.944","40.585",,,,"2.018","2"
"BARRANQUILLA","SOCIEDAD PORTUARIA REGIONAL DE BARRANQUILLA S.A.","TEUS llenos","3.602","5.489",,,,,"2.018","2"
"SAN ANDRES","SAN ANDRES PORT SOCIETY SA","TEUS vacios","252",,,,,"348","2.018","2"
"BARRANQUILLA","PALERMO SOCIEDAD PORTUARIA S.A","TEUS llenos",,"0",,,,,"2.018","2"
"CARTAGENA","SOCIEDAD PORTUARIA REGIONAL DE CARTAGENA SA","TEUS llenos","4.298","5.262","20.353",,,,"2.018","2"
"CARTAGENA","SOCIEDAD PORTUARIA TRANSMARSYP S.A.","TEUS vacios",,,,,,"0","2.018","2"
"CARTAGENA","TERMINAL DE CONTENEDORES DE CARTAGENA S. A.","TEUS llenos","11.482","14.688","76.261",,,,"2.018","2"
"CARTAGENA","COMPAÑIA DE PUERTOS ASOCIADOS S.A.","TEUS vacios","1.162","809","8","690",,,"2.018","2"
"SAN ANDRES","SAN ANDRES PORT SOCIETY SA","TEUS llenos","1","222",,,,"400","2.018","2"
"CARTAGENA","SOCIEDAD PORTUARIA PUERTO BAHIA SA","TEUS vacios",,,,,,"104","2.018","2"
"CARTAGENA","SOCIEDAD PORTUARIA PUERTO BAHIA SA","TEUS llenos",,,,,,"128","2.018","2"
"BUENAVENTURA","SOCIEDAD PUERTO INDUSTRIAL AGUADULCE S.A.","TEUS llenos","567","3.830",,,,,"2.018","2"
"TURBO","PROMOTORA BANANERA S.A","TEUS llenos","654",,,,,"80","2.018","2"
"SANTA MARTA","SOCIEDAD PORTUARIA REGIONAL DE SANTA MARTA SA","TEUS vacios","881","1.323","145",,,"12","2.018","2"
"BUENAVENTURA","SOCIEDAD PORTUARIA TERMINAL DE CONTENEDORES DE BUENAVENTURA S.A.","TEUS llenos","3.615","10.332","4.459",,,,"2.018","2"
"BARRANQUILLA","SOCIEDAD PORTUARIA REGIONAL DE BARRANQUILLA S.A.","TEUS vacios","1.863","800",,,,,"2.018","2"
"BUENAVENTURA","SOCIEDAD PUERTO INDUSTRIAL AGUADULCE S.A.","TEUS vacios","1.311","2",,,,,"2.018","2"
"TURBO","C.I. UNIÓN DE BANANEROS DE URABA S.A. - UNIBAN","TEUS llenos","4.865","973",,,,"46","2.018","2"
"CARTAGENA","PUERTO DE MAMONAL S.A.","TEUS vacios",,"17",,,,,"2.018","2"
"BUENAVENTURA","SOCIEDAD PORTUARIA TERMINAL DE CONTENEDORES DE BUENAVENTURA S.A.","TEUS vacios","6.905",,"5.842",,,,"2.018","2"
"CARTAGENA","PUERTO DE MAMONAL S.A.","TEUS llenos",,"9",,,,,"2.018","2"
"CARTAGENA","TERMINAL DE CONTENEDORES DE CARTAGENA S. A.","TEUS vacios","3.332","273","19.129",,,,"2.018","2"
"CARTAGENA","SOCIEDAD PORTUARIA REGIONAL DE CARTAGENA SA","TEUS vacios","2.536","283","7.678",,,,"2.018","2"
"CARTAGENA","SOCIEDAD PORTUARIA TRANSMARSYP S.A.","TEUS llenos",,,,,,"415","2.018","2"
"CARTAGENA","COMPAÑIA DE PUERTOS ASOCIADOS S.A.","TEUS llenos","1.360","2.128","447","1.346",,,"2.018","2"
"SANTA MARTA","SOCIEDAD PORTUARIA REGIONAL DE SANTA MARTA SA","TEUS llenos","1.001","2.809",,,,,"2.018","2"
"CARTAGENA","SOCIEDAD PORTUARIA REGIONAL DE CARTAGENA SA","TEUS llenos","3.863","6.120","23.060",,,,"2.018","3"
"TURBO","C.I. UNIÓN DE BANANEROS DE URABA S.A. - UNIBAN","TEUS llenos","5.470","867",,,,"1.166","2.018","3"
"CARTAGENA","PUERTO DE MAMONAL S.A.","TEUS vacios",,"4",,,,,"2.018","3"
"CARTAGENA","COMPAÑIA DE PUERTOS ASOCIADOS S.A.","TEUS llenos","2.089","2.613","565","1.834",,,"2.018","3"
"CARTAGENA","SOCIEDAD PORTUARIA REGIONAL DE CARTAGENA SA","TEUS vacios","2.087","279","7.347",,,,"2.018","3"
"GUAJIRA","CERREJON ZONA NORTE S.A.","TEUS vacios",,"96",,,,,"2.018","3"
"SANTA MARTA","SOCIEDAD PORTUARIA REGIONAL DE SANTA MARTA SA","TEUS llenos","180","3.613",,,,,"2.018","3"
"CARTAGENA","PUERTO DE MAMONAL S.A.","TEUS llenos","2",,,,,,"2.018","3"
"GUAJIRA","CERREJON ZONA NORTE S.A.","TEUS llenos",,"102",,,,,"2.018","3"
"SAN ANDRES","SAN ANDRES PORT SOCIETY SA","TEUS vacios","184","1",,,,"498","2.018","3"
"CARTAGENA","SOCIEDAD PORTUARIA PUERTO BAHIA SA","TEUS vacios",,,"4",,,"50","2.018","3"
"TURBO","PROMOTORA BANANERA S.A","TEUS llenos","868",,,,,"114","2.018","3"
"BARRANQUILLA","SOCIEDAD PORTUARIA REGIONAL DE BARRANQUILLA S.A.","TEUS vacios","2.930","573",,,,,"2.018","3"
"SAN ANDRES","SAN ANDRES PORT SOCIETY SA","TEUS llenos",,"306",,,,"528","2.018","3"
"BARRANQUILLA","PALERMO SOCIEDAD PORTUARIA S.A","TEUS llenos",,"0",,,,,"2.018","3"
"BUENAVENTURA","SOCIEDAD PORTUARIA TERMINAL DE CONTENEDORES DE BUENAVENTURA S.A.","TEUS vacios","7.093","12","7.112",,,,"2.018","3"
"BUENAVENTURA","SOCIEDAD PORTUARIA REGIONAL DE BUENAVENTURA S.A","TEUS llenos","6.807","18.448","34.233",,,,"2.018","3"
"BARRANQUILLA","SOCIEDAD PORTUARIA REGIONAL DE BARRANQUILLA S.A.","TEUS llenos","3.778","6.410",,,,,"2.018","3"
"BUENAVENTURA","SOCIEDAD PORTUARIA TERMINAL DE CONTENEDORES DE BUENAVENTURA S.A.","TEUS llenos","5.892","12.065","5.921",,,,"2.018","3"
"BUENAVENTURA","SOCIEDAD PUERTO INDUSTRIAL AGUADULCE S.A.","TEUS llenos","1.070","2.928",,,,"270","2.018","3"
"CARTAGENA","TERMINAL DE CONTENEDORES DE CARTAGENA S. A.","TEUS vacios","4.341","32","21.350",,,,"2.018","3"
"CARTAGENA","TERMINAL DE CONTENEDORES DE CARTAGENA S. A.","TEUS llenos","13.292","16.771","94.105",,,,"2.018","3"
"BUENAVENTURA","SOCIEDAD PUERTO INDUSTRIAL AGUADULCE S.A.","TEUS vacios","1.161",,,,,,"2.018","3"
"CARTAGENA","COMPAÑIA DE PUERTOS ASOCIADOS S.A.","TEUS vacios","385","303","1.023","2.231",,,"2.018","3"
"SANTA MARTA","SOCIEDAD PORTUARIA REGIONAL DE SANTA MARTA SA","TEUS vacios","2.897","1.831","110",,,"12","2.018","3"
"CARTAGENA","SOCIEDAD PORTUARIA TRANSMARSYP S.A.","TEUS llenos",,,,,,"523","2.018","3"
"CARTAGENA","SOCIEDAD PORTUARIA PUERTO BAHIA SA","TEUS llenos",,"3",,,,"109","2.018","3"
"CARTAGENA","SOCIEDAD PORTUARIA REGIONAL DE CARTAGENA SA","TEUS llenos","4.401","8.441","27.826",,,,"2.018","4"
"BARRANQUILLA","SOCIEDAD PORTUARIA REGIONAL DE BARRANQUILLA S.A.","TEUS llenos","3.858","4.972",,"4",,,"2.018","4"
"BARRANQUILLA","PALERMO SOCIEDAD PORTUARIA S.A","TEUS llenos",,"19",,,,,"2.018","4"
"SAN ANDRES","SAN ANDRES PORT SOCIETY SA","TEUS vacios","267",,,,,"545","2.018","4"
"CARTAGENA","PUERTO DE MAMONAL S.A.","TEUS llenos","7","12",,,,,"2.018","4"
"SAN ANDRES","SAN ANDRES PORT SOCIETY SA","TEUS llenos","1","218",,"70",,"475","2.018","4"
"BUENAVENTURA","SOCIEDAD PORTUARIA TERMINAL DE CONTENEDORES DE BUENAVENTURA S.A.","TEUS llenos","5.001","12.958","8.279",,,,"2.018","4"
"CARTAGENA","COMPAÑIA DE PUERTOS ASOCIADOS S.A.","TEUS llenos","1.581","2.466","339","2.195",,,"2.018","4"
"TURBO","C.I. UNIÓN DE BANANEROS DE URABA S.A. - UNIBAN","TEUS llenos","4.140","1.195",,,,"380","2.018","4"
"TURBO","PROMOTORA BANANERA S.A","TEUS llenos","754",,,,,"28","2.018","4"
"CARTAGENA","SOCIEDAD PORTUARIA PUERTO BAHIA SA","TEUS vacios",,,"40",,,"8","2.018","4"
"BUENAVENTURA","SOCIEDAD PUERTO INDUSTRIAL AGUADULCE S.A.","TEUS llenos","597","3.349",,,,,"2.018","4"
"BARRANQUILLA","SOCIEDAD PORTUARIA REGIONAL DE BARRANQUILLA S.A.","TEUS vacios","2.850","781",,,,,"2.018","4"
"BUENAVENTURA","SOCIEDAD PORTUARIA REGIONAL DE BUENAVENTURA S.A","TEUS llenos","8.242","19.045","40.204",,,,"2.018","4"
"GUAJIRA","CERREJON ZONA NORTE S.A.","TEUS llenos",,"140",,,,,"2.018","4"
"CARTAGENA","SOCIEDAD PORTUARIA REGIONAL DE CARTAGENA SA","TEUS vacios","3.626","505","12.880",,,,"2.018","4"
"BUENAVENTURA","SOCIEDAD PUERTO INDUSTRIAL AGUADULCE S.A.","TEUS vacios","9.228","4.924",,,,"2","2.018","4"
"BUENAVENTURA","SOCIEDAD PORTUARIA TERMINAL DE CONTENEDORES DE BUENAVENTURA S.A.","TEUS vacios","7.482","57","3.978",,,,"2.018","4"
"CARTAGENA","TERMINAL DE CONTENEDORES DE CARTAGENA S. A.","TEUS llenos","11.499","14.216","89.326",,,,"2.018","4"
"GUAJIRA","CERREJON ZONA NORTE S.A.","TEUS vacios",,"91",,,,,"2.018","4"
"CARTAGENA","COMPAÑIA DE PUERTOS ASOCIADOS S.A.","TEUS vacios","437","79","448","1.589",,,"2.018","4"
"CARTAGENA","SOCIEDAD PORTUARIA TRANSMARSYP S.A.","TEUS llenos",,,,,,"478","2.018","4"
"CARTAGENA","TERMINAL DE CONTENEDORES DE CARTAGENA S. A.","TEUS vacios","4.695","84","13.655",,,,"2.018","4"
"SANTA MARTA","SOCIEDAD PORTUARIA REGIONAL DE SANTA MARTA SA","TEUS vacios","3.584","1.786","113",,,"8","2.018","4"
"CARTAGENA","SOCIEDAD PORTUARIA PUERTO BAHIA SA","TEUS llenos","4",,,,,"155","2.018","4"
"SANTA MARTA","SOCIEDAD PORTUARIA REGIONAL DE SANTA MARTA SA","TEUS llenos","589","3.606",,,,,"2.018","4"
"CARTAGENA","TERMINAL DE CONTENEDORES DE CARTAGENA S. A.","TEUS llenos","12.756","17.155","99.246",,,,"2.018","5"
"SAN ANDRES","SAN ANDRES PORT SOCIETY SA","TEUS vacios","218",,,,,"571","2.018","5"
"CARTAGENA","PUERTO DE MAMONAL S.A.","TEUS llenos",,"7",,,,,"2.018","5"
"GUAJIRA","CERREJON ZONA NORTE S.A.","TEUS vacios",,"111",,,,,"2.018","5"
"CARTAGENA","COMPAÑIA DE PUERTOS ASOCIADOS S.A.","TEUS vacios","423","199","102","680",,,"2.018","5"
"SANTA MARTA","SOCIEDAD PORTUARIA REGIONAL DE SANTA MARTA SA","TEUS vacios","2.977","2.099","55",,,"2","2.018","5"
"CARTAGENA","COMPAÑIA DE PUERTOS ASOCIADOS S.A.","TEUS llenos","1.965","2.573","414","1.190",,,"2.018","5"
"SAN ANDRES","SAN ANDRES PORT SOCIETY SA","TEUS llenos","4","257",,,,"482","2.018","5"
"CARTAGENA","SOCIEDAD PORTUARIA REGIONAL DE CARTAGENA SA","TEUS vacios","4.737","237","9.982",,,,"2.018","5"
"GUAJIRA","CERREJON ZONA NORTE S.A.","TEUS llenos",,"100",,,,,"2.018","5"
"BARRANQUILLA","SOCIEDAD PORTUARIA REGIONAL DE BARRANQUILLA S.A.","TEUS vacios","2.302","699",,,,,"2.018","5"
"BARRANQUILLA","SOCIEDAD PORTUARIA REGIONAL DE BARRANQUILLA S.A.","TEUS llenos","3.418","5.730",,,,,"2.018","5"
"BUENAVENTURA","SOCIEDAD PORTUARIA REGIONAL DE BUENAVENTURA S.A","TEUS llenos","9.506","21.497","43.365",,,,"2.018","5"
"BUENAVENTURA","SOCIEDAD PORTUARIA REGIONAL DE BUENAVENTURA S.A","TEUS vacios",,,"0",,,,"2.018","5"
"CARTAGENA","SOCIEDAD PORTUARIA PUERTO BAHIA SA","TEUS vacios",,,"30",,,"65","2.018","5"
"CARTAGENA","TERMINAL DE CONTENEDORES DE CARTAGENA S. A.","TEUS vacios","4.412","270","21.100",,,,"2.018","5"
"CARTAGENA","SOCIEDAD PORTUARIA TRANSMARSYP S.A.","TEUS llenos",,,,,,"434","2.018","5"
"CARTAGENA","SOCIEDAD PORTUARIA TRANSMARSYP S.A.","TEUS vacios",,,,,,"0","2.018","5"
"BARRANQUILLA","PALERMO SOCIEDAD PORTUARIA S.A","TEUS llenos",,"2",,,,,"2.018","5"
"BUENAVENTURA","SOCIEDAD PORTUARIA TERMINAL DE CONTENEDORES DE BUENAVENTURA S.A.","TEUS vacios","3.571",,"7.028",,,,"2.018","5"
"TURBO","PROMOTORA BANANERA S.A","TEUS llenos","540",,,,,"60","2.018","5"
"TURBO","C.I. UNIÓN DE BANANEROS DE URABA S.A. - UNIBAN","TEUS llenos","3.879","931",,,,"82","2.018","5"
"BUENAVENTURA","SOCIEDAD PUERTO INDUSTRIAL AGUADULCE S.A.","TEUS llenos","1.615","6.864",,,,,"2.018","5"
"BUENAVENTURA","SOCIEDAD PORTUARIA TERMINAL DE CONTENEDORES DE BUENAVENTURA S.A.","TEUS llenos","4.448","11.839","5.345",,,,"2.018","5"
"CARTAGENA","SOCIEDAD PORTUARIA REGIONAL DE CARTAGENA SA","TEUS llenos","4.419","7.847","21.212",,,,"2.018","5"
"BUENAVENTURA","SOCIEDAD PUERTO INDUSTRIAL AGUADULCE S.A.","TEUS vacios","2.979",,,,,,"2.018","5"
"CARTAGENA","SOCIEDAD PORTUARIA PUERTO BAHIA SA","TEUS llenos",,,,,,"209","2.018","5"
"SANTA MARTA","SOCIEDAD PORTUARIA REGIONAL DE SANTA MARTA SA","TEUS llenos","754","3.274",,,,,"2.018","5"
"CARTAGENA","SOCIEDAD PORTUARIA REGIONAL DE CARTAGENA SA","TEUS llenos","5.277","8.777","20.220",,,,"2.018","6"
"BUENAVENTURA","SOCIEDAD PORTUARIA TERMINAL DE CONTENEDORES DE BUENAVENTURA S.A.","TEUS vacios","9.225",,"5.384",,,,"2.018","6"
"CARTAGENA","SOCIEDAD PORTUARIA TRANSMARSYP S.A.","TEUS llenos",,,,,,"504","2.018","6"
"CARTAGENA","SOCIEDAD PORTUARIA PUERTO BAHIA SA","TEUS vacios",,,"10",,,"105","2.018","6"
"BUENAVENTURA","SOCIEDAD PUERTO INDUSTRIAL AGUADULCE S.A.","TEUS vacios","3.797",,,,,,"2.018","6"
"TURBO","C.I. UNIÓN DE BANANEROS DE URABA S.A. - UNIBAN","TEUS llenos","2.932","1.636",,,,"58","2.018","6"
"BUENAVENTURA","SOCIEDAD PORTUARIA TERMINAL DE CONTENEDORES DE BUENAVENTURA S.A.","TEUS llenos","2.546","10.317","4.217",,,,"2.018","6"
"GUAJIRA","CERREJON ZONA NORTE S.A.","TEUS vacios",,"83",,,,,"2.018","6"
"BUENAVENTURA","SOCIEDAD PORTUARIA REGIONAL DE BUENAVENTURA S.A","TEUS llenos","10.544","20.031","36.968",,,,"2.018","6"
"GUAJIRA","CERREJON ZONA NORTE S.A.","TEUS llenos",,"117",,,,,"2.018","6"
"BARRANQUILLA","SOCIEDAD PORTUARIA REGIONAL DE BARRANQUILLA S.A.","TEUS vacios","1.663","586",,,,"4","2.018","6"
"SANTA MARTA","SOCIEDAD PORTUARIA REGIONAL DE SANTA MARTA SA","TEUS vacios","3.902","1.940","36",,,,"2.018","6"
"SANTA MARTA","SOCIEDAD PORTUARIA REGIONAL DE SANTA MARTA SA","TEUS llenos","445","3.774",,,,,"2.018","6"
"CARTAGENA","TERMINAL DE CONTENEDORES DE CARTAGENA S. A.","TEUS vacios","7.105","20","16.163",,,,"2.018","6"
"BARRANQUILLA","SOCIEDAD PORTUARIA REGIONAL DE BARRANQUILLA S.A.","TEUS llenos","3.538","5.268",,"28",,,"2.018","6"
"CARTAGENA","TERMINAL DE CONTENEDORES DE CARTAGENA S. A.","TEUS llenos","11.494","14.784","90.465",,,,"2.018","6"
"CARTAGENA","PUERTO DE MAMONAL S.A.","TEUS llenos",,"46",,,,,"2.018","6"
"TURBO","PROMOTORA BANANERA S.A","TEUS llenos","750",,,,,"24","2.018","6"
"CARTAGENA","SOCIEDAD PORTUARIA PUERTO BAHIA SA","TEUS llenos",,,,,,"125","2.018","6"
"SAN ANDRES","SAN ANDRES PORT SOCIETY SA","TEUS vacios","172",,,,,"543","2.018","6"
"CARTAGENA","COMPAÑIA DE PUERTOS ASOCIADOS S.A.","TEUS vacios","385","199","135","1.190",,,"2.018","6"
"SAN ANDRES","SAN ANDRES PORT SOCIETY SA","TEUS llenos","124","210",,"2",,"462","2.018","6"
"CARTAGENA","SOCIEDAD PORTUARIA REGIONAL DE CARTAGENA SA","TEUS vacios","2.326","212","12.751",,,,"2.018","6"
"CARTAGENA","COMPAÑIA DE PUERTOS ASOCIADOS S.A.","TEUS llenos","2.292","2.663","467","1.429",,,"2.018","6"
"BUENAVENTURA","SOCIEDAD PUERTO INDUSTRIAL AGUADULCE S.A.","TEUS llenos","2.146","10.047",,,,,"2.018","6"
"BARRANQUILLA","PALERMO SOCIEDAD PORTUARIA S.A","TEUS llenos",,"0",,,,,"2.018","6"
"SANTA MARTA","SOCIEDAD PORTUARIA REGIONAL DE SANTA MARTA SA","TEUS vacios","3.282","2.180","34",,,"8","2.018","7"
"CARTAGENA","COMPAÑIA DE PUERTOS ASOCIADOS S.A.","TEUS vacios","408","65","98","1.136",,,"2.018","7"
"TURBO","C.I. UNIÓN DE BANANEROS DE URABA S.A. - UNIBAN","TEUS llenos","2.408","985",,,,"60","2.018","7"
"BUENAVENTURA","SOCIEDAD PORTUARIA TERMINAL DE CONTENEDORES DE BUENAVENTURA S.A.","TEUS vacios","8.095","1","2.548",,,,"2.018","7"
"CARTAGENA","SOCIEDAD PORTUARIA TRANSMARSYP S.A.","TEUS llenos",,,,,,"383","2.018","7"
"CARTAGENA","SOCIEDAD PORTUARIA PUERTO BAHIA SA","TEUS llenos",,,,,,"150","2.018","7"
"TURBO","PROMOTORA BANANERA S.A","TEUS llenos","530",,,,,"32","2.018","7"
"CARTAGENA","TERMINAL DE CONTENEDORES DE CARTAGENA S. A.","TEUS vacios","4.422","4","30.944",,,,"2.018","7"
"BARRANQUILLA","SOCIEDAD PORTUARIA REGIONAL DE BARRANQUILLA S.A.","TEUS vacios","2.949","756",,,,,"2.018","7"
"CARTAGENA","SOCIEDAD PORTUARIA REGIONAL DE CARTAGENA SA","TEUS llenos","4.499","9.697","25.223",,,,"2.018","7"
"CARTAGENA","TERMINAL DE CONTENEDORES DE CARTAGENA S. A.","TEUS llenos","12.008","15.146","103.737",,,,"2.018","7"
"CARTAGENA","COMPAÑIA DE PUERTOS ASOCIADOS S.A.","TEUS llenos","2.259","2.517","606","1.669",,,"2.018","7"
"BUENAVENTURA","SOCIEDAD PUERTO INDUSTRIAL AGUADULCE S.A.","TEUS llenos","2.128","8.554",,,,"18","2.018","7"
"CARTAGENA","SOCIEDAD PORTUARIA PUERTO BAHIA SA","TEUS vacios","2",,"49",,,"63","2.018","7"
"SAN ANDRES","SAN ANDRES PORT SOCIETY SA","TEUS llenos","7","219",,,,"600","2.018","7"
"SANTA MARTA","SOCIEDAD PORTUARIA REGIONAL DE SANTA MARTA SA","TEUS llenos","318","3.637",,,,,"2.018","7"
"GUAJIRA","CERREJON ZONA NORTE S.A.","TEUS vacios",,"95",,,,,"2.018","7"
"GUAJIRA","CERREJON ZONA NORTE S.A.","TEUS llenos",,"100",,,,,"2.018","7"
"BARRANQUILLA","PALERMO SOCIEDAD PORTUARIA S.A","TEUS llenos",,"10",,,,,"2.018","7"
"BUENAVENTURA","SOCIEDAD PORTUARIA TERMINAL DE CONTENEDORES DE BUENAVENTURA S.A.","TEUS llenos","2.312","10.329","5.109",,,"120","2.018","7"
"CARTAGENA","SOCIEDAD PORTUARIA REGIONAL DE CARTAGENA SA","TEUS vacios","3.900","192","10.457",,,,"2.018","7"
"BUENAVENTURA","SOCIEDAD PORTUARIA REGIONAL DE BUENAVENTURA S.A","TEUS llenos","12.133","24.673","31.403",,,,"2.018","7"
"CARTAGENA","PUERTO DE MAMONAL S.A.","TEUS llenos",,"8",,,,,"2.018","7"
"SAN ANDRES","SAN ANDRES PORT SOCIETY SA","TEUS vacios","137",,,,,"272","2.018","7"
"BUENAVENTURA","SOCIEDAD PUERTO INDUSTRIAL AGUADULCE S.A.","TEUS vacios","3.111",,,,,,"2.018","7"
"BARRANQUILLA","SOCIEDAD PORTUARIA REGIONAL DE BARRANQUILLA S.A.","TEUS llenos","4.239","6.231",,"20",,,"2.018","7"
"CARTAGENA","PUERTO DE MAMONAL S.A.","TEUS llenos",,"10",,,,,"2.018","8"
"GUAJIRA","CERREJON ZONA NORTE S.A.","TEUS llenos",,"67",,,,,"2.018","8"
"CARTAGENA","SOCIEDAD PORTUARIA TRANSMARSYP S.A.","TEUS llenos",,,,,,"499","2.018","8"
"BUENAVENTURA","SOCIEDAD PUERTO INDUSTRIAL AGUADULCE S.A.","TEUS llenos","2.377","13.467",,,,,"2.018","8"
"TURBO","C.I. UNIÓN DE BANANEROS DE URABA S.A. - UNIBAN","TEUS llenos","4.460","1.266",,,,"214","2.018","8"
"SAN ANDRES","SAN ANDRES PORT SOCIETY SA","TEUS llenos","4","240",,,,"529","2.018","8"
"SAN ANDRES","SAN ANDRES PORT SOCIETY SA","TEUS vacios","269","1",,,,"574","2.018","8"
"CARTAGENA","COMPAÑIA DE PUERTOS ASOCIADOS S.A.","TEUS llenos","1.984","2.520","1.075","1.580",,,"2.018","8"
"CARTAGENA","SOCIEDAD PORTUARIA PUERTO BAHIA SA","TEUS llenos",,"14","12",,,"82","2.018","8"
"BARRANQUILLA","PALERMO SOCIEDAD PORTUARIA S.A","TEUS llenos",,"48",,,,,"2.018","8"
"CARTAGENA","SOCIEDAD PORTUARIA PUERTO BAHIA SA","TEUS vacios",,,"46",,,"53","2.018","8"
"CARTAGENA","SOCIEDAD PORTUARIA REGIONAL DE CARTAGENA SA","TEUS vacios","3.934","86","9.339",,,,"2.018","8"
"BARRANQUILLA","SOCIEDAD PORTUARIA REGIONAL DE BARRANQUILLA S.A.","TEUS vacios","2.691","908",,,,,"2.018","8"
"BUENAVENTURA","SOCIEDAD PUERTO INDUSTRIAL AGUADULCE S.A.","TEUS vacios","6.256","1",,,,,"2.018","8"
"BUENAVENTURA","SOCIEDAD PORTUARIA TERMINAL DE CONTENEDORES DE BUENAVENTURA S.A.","TEUS llenos","1.843","10.738","8.251",,,,"2.018","8"
"CARTAGENA","TERMINAL DE CONTENEDORES DE CARTAGENA S. A.","TEUS vacios","5.854","40","29.545",,,,"2.018","8"
"CARTAGENA","COMPAÑIA DE PUERTOS ASOCIADOS S.A.","TEUS vacios","203","4","32","1.581",,,"2.018","8"
"SANTA MARTA","SOCIEDAD PORTUARIA REGIONAL DE SANTA MARTA SA","TEUS llenos","570","3.947",,,,,"2.018","8"
"GUAJIRA","CERREJON ZONA NORTE S.A.","TEUS vacios",,"22",,,,,"2.018","8"
"TURBO","PROMOTORA BANANERA S.A","TEUS llenos","738",,,,,"22","2.018","8"
"CARTAGENA","TERMINAL DE CONTENEDORES DE CARTAGENA S. A.","TEUS llenos","12.029","15.321","97.179",,,,"2.018","8"
"CARTAGENA","SOCIEDAD PORTUARIA REGIONAL DE CARTAGENA SA","TEUS llenos","4.456","9.938","22.673",,,,"2.018","8"
"BUENAVENTURA","SOCIEDAD PORTUARIA TERMINAL DE CONTENEDORES DE BUENAVENTURA S.A.","TEUS vacios","9.639","2","2.795",,,,"2.018","8"
"BARRANQUILLA","SOCIEDAD PORTUARIA REGIONAL DE BARRANQUILLA S.A.","TEUS llenos","3.814","6.316",,"14",,,"2.018","8"
"SANTA MARTA","SOCIEDAD PORTUARIA REGIONAL DE SANTA MARTA SA","TEUS vacios","3.603","1.955","65",,,"4","2.018","8"
"BUENAVENTURA","SOCIEDAD PORTUARIA REGIONAL DE BUENAVENTURA S.A","TEUS llenos","14.951","15.769","26.824",,,,"2.018","8"
"BARRANQUILLA","PALERMO SOCIEDAD PORTUARIA S.A","TEUS llenos",,"16",,,,,"2.018","9"
"CARTAGENA","SOCIEDAD PORTUARIA REGIONAL DE CARTAGENA SA","TEUS llenos","5.070","9.896","23.789",,,,"2.018","9"
"BARRANQUILLA","SOCIEDAD PORTUARIA REGIONAL DE BARRANQUILLA S.A.","TEUS llenos","3.858","5.739",,"14",,,"2.018","9"
"CARTAGENA","SOCIEDAD PORTUARIA TRANSMARSYP S.A.","TEUS llenos",,,,,,"583","2.018","9"
"TURBO","PROMOTORA BANANERA S.A","TEUS llenos","718",,,,,"36","2.018","9"
"CARTAGENA","SOCIEDAD PORTUARIA TRANSMARSYP S.A.","TEUS vacios",,,,,,"0","2.018","9"
"CARTAGENA","PUERTO DE MAMONAL S.A.","TEUS vacios",,"30",,,,,"2.018","9"
"GUAJIRA","CERREJON ZONA NORTE S.A.","TEUS llenos",,"111",,,,,"2.018","9"
"BARRANQUILLA","SOCIEDAD PORTUARIA REGIONAL DE BARRANQUILLA S.A.","TEUS vacios","3.330","790",,,,,"2.018","9"
"SAN ANDRES","SAN ANDRES PORT SOCIETY SA","TEUS llenos",,"258",,"2",,"510","2.018","9"
"SAN ANDRES","SAN ANDRES PORT SOCIETY SA","TEUS vacios",,"266",,"20",,"513","2.018","9"
"BUENAVENTURA","SOCIEDAD PORTUARIA TERMINAL DE CONTENEDORES DE BUENAVENTURA S.A.","TEUS llenos","274","2.907","2.825",,,,"2.018","9"
"BUENAVENTURA","SOCIEDAD PORTUARIA REGIONAL DE BUENAVENTURA S.A","TEUS llenos","13.226","25.379","35.450",,,,"2.018","9"
"CARTAGENA","TERMINAL DE CONTENEDORES DE CARTAGENA S. A.","TEUS llenos","12.902","16.296","101.799",,,,"2.018","9"
"BUENAVENTURA","SOCIEDAD PORTUARIA TERMINAL DE CONTENEDORES DE BUENAVENTURA S.A.","TEUS vacios","5.126",,"724",,,,"2.018","9"
"CARTAGENA","TERMINAL DE CONTENEDORES DE CARTAGENA S. A.","TEUS vacios","4.895","103","23.969",,,,"2.018","9"
"TURBO","C.I. UNIÓN DE BANANEROS DE URABA S.A. - UNIBAN","TEUS llenos","4.971","759",,,,"50","2.018","9"
"SANTA MARTA","SOCIEDAD PORTUARIA REGIONAL DE SANTA MARTA SA","TEUS vacios","2.332","1.984","25",,,"143","2.018","9"
"CARTAGENA","SOCIEDAD PORTUARIA REGIONAL DE CARTAGENA SA","TEUS vacios","4.458","62","7.750",,,,"2.018","9"
"SANTA MARTA","SOCIEDAD PORTUARIA REGIONAL DE SANTA MARTA SA","TEUS llenos","860","3.316",,,,,"2.018","9"
"CARTAGENA","PUERTO DE MAMONAL S.A.","TEUS llenos","1","4",,,,,"2.018","9"
"CARTAGENA","SOCIEDAD PORTUARIA PUERTO BAHIA SA","TEUS llenos",,,,,,"128","2.018","9"
"CARTAGENA","SOCIEDAD PORTUARIA PUERTO BAHIA SA","TEUS vacios",,,"8",,,"17","2.018","9"
"CARTAGENA","COMPAÑIA DE PUERTOS ASOCIADOS S.A.","TEUS llenos","1.893","2.369","591","1.805",,,"2.018","9"
"CARTAGENA","COMPAÑIA DE PUERTOS ASOCIADOS S.A.","TEUS vacios","332","44","20","1.942",,,"2.018","9"
"BUENAVENTURA","SOCIEDAD PUERTO INDUSTRIAL AGUADULCE S.A.","TEUS vacios","8.848","3",,,,,"2.018","9"
"BUENAVENTURA","SOCIEDAD PUERTO INDUSTRIAL AGUADULCE S.A.","TEUS llenos","3.238","15.917",,,,,"2.018","9"
"GUAJIRA","CERREJON ZONA NORTE S.A.","TEUS vacios",,"59",,,,,"2.018","9"
"CARTAGENA","SOCIEDAD PORTUARIA TRANSMARSYP S.A.","TEUS llenos",,,,,,"484","2.018","10"
"CARTAGENA","SOCIEDAD PORTUARIA REGIONAL DE CARTAGENA SA","TEUS llenos","5.588","10.115","25.949",,,,"2.018","10"
"BUENAVENTURA","SOCIEDAD PORTUARIA TERMINAL DE CONTENEDORES DE BUENAVENTURA S.A.","TEUS llenos","1.482","11.746","7.612",,,"10","2.018","10"
"CARTAGENA","SOCIEDAD PORTUARIA REGIONAL DE CARTAGENA SA","TEUS vacios","5.143","89","8.353",,,,"2.018","10"
"TURBO","PROMOTORA BANANERA S.A","TEUS llenos","694",,,,,,"2.018","10"
"BUENAVENTURA","SOCIEDAD PORTUARIA REGIONAL DE BUENAVENTURA S.A","TEUS llenos","12.365","22.227","27.834",,,,"2.018","10"
"CARTAGENA","PUERTO DE MAMONAL S.A.","TEUS llenos","2",,,,,,"2.018","10"
"BARRANQUILLA","SOCIEDAD PORTUARIA REGIONAL DE BARRANQUILLA S.A.","TEUS llenos","3.907","7.051",,"7",,,"2.018","10"
"CARTAGENA","COMPAÑIA DE PUERTOS ASOCIADOS S.A.","TEUS llenos","1.994","2.244","856","2.226",,,"2.018","10"
"BUENAVENTURA","SOCIEDAD PORTUARIA TERMINAL DE CONTENEDORES DE BUENAVENTURA S.A.","TEUS vacios","6.650","9","1.786",,,"63","2.018","10"
"BUENAVENTURA","SOCIEDAD PUERTO INDUSTRIAL AGUADULCE S.A.","TEUS vacios","9.592","6",,,,,"2.018","10"
"CARTAGENA","COMPAÑIA DE PUERTOS ASOCIADOS S.A.","TEUS vacios","437","44","231","1.589",,,"2.018","10"
"SAN ANDRES","SAN ANDRES PORT SOCIETY SA","TEUS vacios",,"242",,,,"382","2.018","10"
"SAN ANDRES","SAN ANDRES PORT SOCIETY SA","TEUS llenos",,"268",,,,"584","2.018","10"
"BUENAVENTURA","SOCIEDAD PUERTO INDUSTRIAL AGUADULCE S.A.","TEUS llenos","2.475","15.846",,,,,"2.018","10"
"CARTAGENA","SOCIEDAD PORTUARIA PUERTO BAHIA SA","TEUS llenos",,"11",,,,"80","2.018","10"
"GUAJIRA","CERREJON ZONA NORTE S.A.","TEUS vacios",,"209",,,,,"2.018","10"
"SANTA MARTA","SOCIEDAD PORTUARIA REGIONAL DE SANTA MARTA SA","TEUS llenos","824","2.866",,,,,"2.018","10"
"BARRANQUILLA","PALERMO SOCIEDAD PORTUARIA S.A","TEUS llenos",,"0",,,,,"2.018","10"
"CARTAGENA","TERMINAL DE CONTENEDORES DE CARTAGENA S. A.","TEUS llenos","12.750","18.092","108.950",,,,"2.018","10"
"SANTA MARTA","SOCIEDAD PORTUARIA REGIONAL DE SANTA MARTA SA","TEUS vacios","2.450","1.678","101",,,"88","2.018","10"
"BARRANQUILLA","SOCIEDAD PORTUARIA REGIONAL DE BARRANQUILLA S.A.","TEUS vacios","2.885","1.387",,,,"57","2.018","10"
"CARTAGENA","TERMINAL DE CONTENEDORES DE CARTAGENA S. A.","TEUS vacios","6.290","26","27.389",,,,"2.018","10"
"GUAJIRA","CERREJON ZONA NORTE S.A.","TEUS llenos",,"147",,,,,"2.018","10"
"TURBO","C.I. UNIÓN DE BANANEROS DE URABA S.A. - UNIBAN","TEUS llenos","5.664","1.192",,,,,"2.018","10"
"CARTAGENA","SOCIEDAD PORTUARIA PUERTO BAHIA SA","TEUS vacios",,,"46",,,"37","2.018","10"
"TURBO","C.I. UNIÓN DE BANANEROS DE URABA S.A. - UNIBAN","TEUS llenos","5.047","1.107",,,,,"2.018","11"
"CARTAGENA","SOCIEDAD PORTUARIA PUERTO BAHIA SA","TEUS llenos",,"6",,,,"41","2.018","11"
"CARTAGENA","TERMINAL DE CONTENEDORES DE CARTAGENA S. A.","TEUS vacios","6.209","34","22.394",,,,"2.018","11"
"BUENAVENTURA","SOCIEDAD PORTUARIA TERMINAL DE CONTENEDORES DE BUENAVENTURA S.A.","TEUS vacios","7.092","70","1.664",,,,"2.018","11"
"BARRANQUILLA","SOCIEDAD PORTUARIA REGIONAL DE BARRANQUILLA S.A.","TEUS vacios","2.809","874",,,,,"2.018","11"
"BUENAVENTURA","SOCIEDAD PORTUARIA REGIONAL DE BUENAVENTURA S.A","TEUS llenos","12.587","17.035","29.289",,,,"2.018","11"
"GUAJIRA","CERREJON ZONA NORTE S.A.","TEUS vacios",,"130",,,,,"2.018","11"
"CARTAGENA","SOCIEDAD PORTUARIA REGIONAL DE CARTAGENA SA","TEUS llenos","4.611","9.672","21.721",,,,"2.018","11"
"SANTA MARTA","SOCIEDAD PORTUARIA REGIONAL DE SANTA MARTA SA","TEUS vacios","3.462","1.828","46",,,"28","2.018","11"
"CARTAGENA","SOCIEDAD PORTUARIA REGIONAL DE CARTAGENA SA","TEUS vacios","5.596","209","8.282",,,,"2.018","11"
"SAN ANDRES","SAN ANDRES PORT SOCIETY SA","TEUS llenos","2","223",,,,"497","2.018","11"
"BUENAVENTURA","SOCIEDAD PUERTO INDUSTRIAL AGUADULCE S.A.","TEUS llenos","2.290","13.883",,,,,"2.018","11"
"BARRANQUILLA","SOCIEDAD PORTUARIA REGIONAL DE BARRANQUILLA S.A.","TEUS llenos","4.304","6.963",,"44",,,"2.018","11"
"CARTAGENA","COMPAÑIA DE PUERTOS ASOCIADOS S.A.","TEUS vacios","361","79","247","1.550",,,"2.018","11"
"BARRANQUILLA","PALERMO SOCIEDAD PORTUARIA S.A","TEUS llenos",,"20",,,,,"2.018","11"
"SAN ANDRES","SAN ANDRES PORT SOCIETY SA","TEUS vacios",,"315",,,,"513","2.018","11"
"CARTAGENA","SOCIEDAD PORTUARIA TRANSMARSYP S.A.","TEUS llenos",,,,,,"543","2.018","11"
"BUENAVENTURA","SOCIEDAD PUERTO INDUSTRIAL AGUADULCE S.A.","TEUS vacios","9.657","4",,,,,"2.018","11"
"SANTA MARTA","SOCIEDAD PORTUARIA REGIONAL DE SANTA MARTA SA","TEUS llenos","214","3.353",,,,,"2.018","11"
"BUENAVENTURA","SOCIEDAD PORTUARIA TERMINAL DE CONTENEDORES DE BUENAVENTURA S.A.","TEUS llenos","1.453","10.025","5.531",,,,"2.018","11"
"CARTAGENA","TERMINAL DE CONTENEDORES DE CARTAGENA S. A.","TEUS llenos","12.993","17.613","98.839",,,,"2.018","11"
"GUAJIRA","CERREJON ZONA NORTE S.A.","TEUS llenos",,"94",,,,,"2.018","11"
"CARTAGENA","COMPAÑIA DE PUERTOS ASOCIADOS S.A.","TEUS llenos","1.566","2.455","840","3.332",,,"2.018","11"
"CARTAGENA","SOCIEDAD PORTUARIA PUERTO BAHIA SA","TEUS vacios",,,"26",,,"53","2.018","11"
"CARTAGENA","PUERTO DE MAMONAL S.A.","TEUS llenos",,"3",,,,,"2.018","11"
"TURBO","PROMOTORA BANANERA S.A","TEUS llenos","746",,,,,,"2.018","11"
"CARTAGENA","TERMINAL DE CONTENEDORES DE CARTAGENA S. A.","TEUS llenos","11.657","16.942","100.276",,,,"2.018","12"
"BARRANQUILLA","PALERMO SOCIEDAD PORTUARIA S.A","TEUS llenos",,"4",,,,,"2.018","12"
"BUENAVENTURA","SOCIEDAD PUERTO INDUSTRIAL AGUADULCE S.A.","TEUS vacios","8.953","104",,,,,"2.018","12"
"CARTAGENA","COMPAÑIA DE PUERTOS ASOCIADOS S.A.","TEUS llenos","1.489","2.168","355","1.911",,,"2.018","12"
"CARTAGENA","SOCIEDAD PORTUARIA PUERTO BAHIA SA","TEUS llenos",,"2","2",,,"70","2.018","12"
"SANTA MARTA","SOCIEDAD PORTUARIA REGIONAL DE SANTA MARTA SA","TEUS vacios","2.794","2.214","235",,,"20","2.018","12"
"BUENAVENTURA","SOCIEDAD PORTUARIA REGIONAL DE BUENAVENTURA S.A","TEUS llenos","11.720","18.116","37.848",,,,"2.018","12"
"CARTAGENA","COMPAÑIA DE PUERTOS ASOCIADOS S.A.","TEUS vacios","251","407","70","958",,,"2.018","12"
"BARRANQUILLA","SOCIEDAD PORTUARIA REGIONAL DE BARRANQUILLA S.A.","TEUS vacios","3.388","944",,,,,"2.018","12"
"CARTAGENA","PUERTO DE MAMONAL S.A.","TEUS llenos",,"9",,,,,"2.018","12"
"GUAJIRA","CERREJON ZONA NORTE S.A.","TEUS llenos",,"78",,,,,"2.018","12"
"CARTAGENA","TERMINAL DE CONTENEDORES DE CARTAGENA S. A.","TEUS vacios","5.958","144","21.209",,,,"2.018","12"
"SAN ANDRES","SAN ANDRES PORT SOCIETY SA","TEUS vacios",,"315",,,,"493","2.018","12"
"BUENAVENTURA","SOCIEDAD PUERTO INDUSTRIAL AGUADULCE S.A.","TEUS llenos","2.140","14.803",,,,,"2.018","12"
"CARTAGENA","SOCIEDAD PORTUARIA TRANSMARSYP S.A.","TEUS llenos",,,,,,"604","2.018","12"
"BARRANQUILLA","SOCIEDAD PORTUARIA REGIONAL DE BARRANQUILLA S.A.","TEUS llenos","4.280","6.083",,"21",,,"2.018","12"
"TURBO","PROMOTORA BANANERA S.A","TEUS llenos","640",,,,,,"2.018","12"
"BUENAVENTURA","SOCIEDAD PORTUARIA TERMINAL DE CONTENEDORES DE BUENAVENTURA S.A.","TEUS llenos","1.638","8.750","4.456",,,,"2.018","12"
"GUAJIRA","CERREJON ZONA NORTE S.A.","TEUS vacios",,"54",,,,,"2.018","12"
"CARTAGENA","SOCIEDAD PORTUARIA REGIONAL DE CARTAGENA SA","TEUS llenos","5.211","9.344","24.116",,,,"2.018","12"
"BUENAVENTURA","SOCIEDAD PORTUARIA TERMINAL DE CONTENEDORES DE BUENAVENTURA S.A.","TEUS vacios","6.278","38","2.103",,,"196","2.018","12"
"CARTAGENA","SOCIEDAD PORTUARIA PUERTO BAHIA SA","TEUS vacios",,,"10",,,"31","2.018","12"
"CARTAGENA","SOCIEDAD PORTUARIA REGIONAL DE CARTAGENA SA","TEUS vacios","5.382","340","6.346",,,,"2.018","12"
"SAN ANDRES","SAN ANDRES PORT SOCIETY SA","TEUS llenos",,"312",,"9",,"494","2.018","12"
"TURBO","C.I. UNIÓN DE BANANEROS DE URABA S.A. - UNIBAN","TEUS llenos","3.765","729",,,,,"2.018","12"
"SANTA MARTA","SOCIEDAD PORTUARIA REGIONAL DE SANTA MARTA SA","TEUS llenos","309","3.553",,,,,"2.018","12"
"BUENAVENTURA","SOCIEDAD PORTUARIA REGIONAL DE BUENAVENTURA S.A","TEUS llenos","8.895","14.230","32.019",,,,"2.019","1"
"SAN ANDRES","SAN ANDRES PORT SOCIETY SA","TEUS vacios","44","171",,,,"533","2.019","1"
"CARTAGENA","COMPAÑIA DE PUERTOS ASOCIADOS S.A.","TEUS vacios","208","249",,"958",,"218","2.019","1"
"SAN ANDRES","SAN ANDRES PORT SOCIETY SA","TEUS llenos","2","136",,,,"574","2.019","1"
"CARTAGENA","SOCIEDAD PORTUARIA REGIONAL DE CARTAGENA SA","TEUS llenos","4.887","9.343","25.337",,,,"2.019","1"
"BUENAVENTURA","SOCIEDAD PORTUARIA TERMINAL DE CONTENEDORES DE BUENAVENTURA S.A.","TEUS vacios","6.662","2","1.106",,,,"2.019","1"
"CARTAGENA","SOCIEDAD PORTUARIA TRANSMARSYP S.A.","TEUS vacios",,,,,,"2","2.019","1"
"CARTAGENA","SOCIEDAD PORTUARIA PUERTO BAHIA SA","TEUS llenos",,,"6",,,"1","2.019","1"
"CARTAGENA","SOCIEDAD PORTUARIA REGIONAL DE CARTAGENA SA","TEUS vacios","5.871","79","6.601",,,,"2.019","1"
"CARTAGENA","TERMINAL DE CONTENEDORES DE CARTAGENA S. A.","TEUS llenos","12.051","16.228","93.799",,,,"2.019","1"
"BARRANQUILLA","SOCIEDAD PORTUARIA REGIONAL DE BARRANQUILLA S.A.","TEUS llenos","3.143","6.185",,"7",,,"2.019","1"
"TURBO","PROMOTORA BANANERA S.A","TEUS llenos","986",,,,,,"2.019","1"
"CARTAGENA","SOCIEDAD PORTUARIA PUERTO BAHIA SA","TEUS vacios",,,"18",,,,"2.019","1"
"CARTAGENA","SOCIEDAD PORTUARIA TRANSMARSYP S.A.","TEUS llenos",,,,,,"507","2.019","1"
"SANTA MARTA","SOCIEDAD PORTUARIA REGIONAL DE SANTA MARTA SA","TEUS llenos","104","3.710",,,,"53","2.019","1"
"CARTAGENA","COMPAÑIA DE PUERTOS ASOCIADOS S.A.","TEUS llenos","1.546","2.099",,"1.663",,"855","2.019","1"
"BUENAVENTURA","SOCIEDAD PUERTO INDUSTRIAL AGUADULCE S.A.","TEUS vacios","12.115",,,,,"176","2.019","1"
"CARTAGENA","TERMINAL DE CONTENEDORES DE CARTAGENA S. A.","TEUS vacios","7.258","88","27.783",,,,"2.019","1"
"BUENAVENTURA","SOCIEDAD PUERTO INDUSTRIAL AGUADULCE S.A.","TEUS llenos","1.761","16.765",,,,"21","2.019","1"
"GUAJIRA","CERREJON ZONA NORTE S.A.","TEUS vacios",,"36",,,,,"2.019","1"
"BARRANQUILLA","PALERMO SOCIEDAD PORTUARIA S.A","TEUS llenos",,"1",,,,,"2.019","1"
"SANTA MARTA","SOCIEDAD PORTUARIA REGIONAL DE SANTA MARTA SA","TEUS vacios","3.804","1.542","97",,,"165","2.019","1"
"BARRANQUILLA","SOCIEDAD PORTUARIA REGIONAL DE BARRANQUILLA S.A.","TEUS vacios","3.175","644",,,,,"2.019","1"
"GUAJIRA","CERREJON ZONA NORTE S.A.","TEUS llenos",,"186",,,,,"2.019","1"
"BUENAVENTURA","SOCIEDAD PORTUARIA TERMINAL DE CONTENEDORES DE BUENAVENTURA S.A.","TEUS llenos","1.784","9.914","3.080",,,,"2.019","1"
"TURBO","C.I. UNIÓN DE BANANEROS DE URABA S.A. - UNIBAN","TEUS llenos","4.207","1.153",,,,"64","2.019","1"
"CARTAGENA","PUERTO DE MAMONAL S.A.","TEUS llenos",,"2",,,,,"2.019","1"
"BUENAVENTURA","SOCIEDAD PORTUARIA TERMINAL DE CONTENEDORES DE BUENAVENTURA S.A.","TEUS vacios","5.576","26","894",,,,"2.019","2"
"CARTAGENA","SOCIEDAD PORTUARIA PUERTO BAHIA SA","TEUS vacios",,,"86",,,,"2.019","2"
"CARTAGENA","SOCIEDAD PORTUARIA REGIONAL DE CARTAGENA SA","TEUS llenos","5.550","9.033","22.012",,,,"2.019","2"
"BUENAVENTURA","SOCIEDAD PORTUARIA REGIONAL DE BUENAVENTURA S.A","TEUS llenos","10.486","17.204","27.855",,,,"2.019","2"
"SANTA MARTA","SOCIEDAD PORTUARIA REGIONAL DE SANTA MARTA SA","TEUS vacios","3.759","1.605","81",,,,"2.019","2"
"BARRANQUILLA","SOCIEDAD PORTUARIA REGIONAL DE BARRANQUILLA S.A.","TEUS vacios","2.662","996",,,,,"2.019","2"
"TURBO","C.I. UNIÓN DE BANANEROS DE URABA S.A. - UNIBAN","TEUS llenos","4.404","1.151",,,,,"2.019","2"
"BUENAVENTURA","SOCIEDAD PUERTO INDUSTRIAL AGUADULCE S.A.","TEUS llenos","1.539","14.263",,,,,"2.019","2"
"BARRANQUILLA","SOCIEDAD PORTUARIA REGIONAL DE BARRANQUILLA S.A.","TEUS llenos","3.635","5.811",,"14",,,"2.019","2"
"BARRANQUILLA","PALERMO SOCIEDAD PORTUARIA S.A","TEUS llenos",,"0",,,,,"2.019","2"
"BUENAVENTURA","SOCIEDAD PUERTO INDUSTRIAL AGUADULCE S.A.","TEUS vacios","10.217",,,,,,"2.019","2"
"SANTA MARTA","SOCIEDAD PORTUARIA REGIONAL DE SANTA MARTA SA","TEUS llenos","601","2.428",,,,,"2.019","2"
"CARTAGENA","SOCIEDAD PORTUARIA TRANSMARSYP S.A.","TEUS vacios",,,,,,"3","2.019","2"
"BUENAVENTURA","SOCIEDAD PORTUARIA TERMINAL DE CONTENEDORES DE BUENAVENTURA S.A.","TEUS llenos","2.181","8.073","1.887",,,,"2.019","2"
"CARTAGENA","TERMINAL DE CONTENEDORES DE CARTAGENA S. A.","TEUS vacios","6.183","6","20.438",,,,"2.019","2"
"GUAJIRA","CERREJON ZONA NORTE S.A.","TEUS llenos",,"140",,,,,"2.019","2"
"CARTAGENA","TERMINAL DE CONTENEDORES DE CARTAGENA S. A.","TEUS llenos","10.624","14.692","85.638",,,,"2.019","2"
"TURBO","PROMOTORA BANANERA S.A","TEUS llenos","1.064",,,,,,"2.019","2"
"GUAJIRA","CERREJON ZONA NORTE S.A.","TEUS vacios",,"135",,,,,"2.019","2"
"CARTAGENA","COMPAÑIA DE PUERTOS ASOCIADOS S.A.","TEUS vacios","264","54","228","2.005",,,"2.019","2"
"SAN ANDRES","SAN ANDRES PORT SOCIETY SA","TEUS vacios",,"152",,"44",,"394","2.019","2"
"CARTAGENA","COMPAÑIA DE PUERTOS ASOCIADOS S.A.","TEUS llenos","1.843","1.981","570","1.134",,,"2.019","2"
"CARTAGENA","SOCIEDAD PORTUARIA REGIONAL DE CARTAGENA SA","TEUS vacios","4.726","317","7.401",,,,"2.019","2"
"CARTAGENA","SOCIEDAD PORTUARIA TRANSMARSYP S.A.","TEUS llenos",,,,,,"546","2.019","2"
"SAN ANDRES","SAN ANDRES PORT SOCIETY SA","TEUS llenos",,"228",,"6",,"526","2.019","2"
"CARTAGENA","PUERTO DE MAMONAL S.A.","TEUS llenos",,"9",,,,,"2.019","2"
"SAN ANDRES","SAN ANDRES PORT SOCIETY SA","TEUS llenos","16","261",,,,"546","2.019","3"
"CARTAGENA","SOCIEDAD PORTUARIA REGIONAL DE CARTAGENA SA","TEUS llenos","6.153","9.488","23.959",,,,"2.019","3"
"GUAJIRA","CERREJON ZONA NORTE S.A.","TEUS llenos",,"292",,,,,"2.019","3"
"BUENAVENTURA","SOCIEDAD PUERTO INDUSTRIAL AGUADULCE S.A.","TEUS llenos","2.458","14.908",,,,"84","2.019","3"
"CARTAGENA","TERMINAL DE CONTENEDORES DE CARTAGENA S. A.","TEUS llenos","11.887","17.832","106.146",,,,"2.019","3"
"CARTAGENA","SOCIEDAD PORTUARIA PUERTO BAHIA SA","TEUS vacios",,,"26",,,,"2.019","3"
"BARRANQUILLA","SOCIEDAD PORTUARIA REGIONAL DE BARRANQUILLA S.A.","TEUS vacios","3.209","982",,,,,"2.019","3"
"CARTAGENA","COMPAÑIA DE PUERTOS ASOCIADOS S.A.","TEUS vacios","300","101","347","1.169",,,"2.019","3"
"BARRANQUILLA","SOCIEDAD PORTUARIA REGIONAL DE BARRANQUILLA S.A.","TEUS llenos","4.168","5.657",,"3",,,"2.019","3"
"GUAJIRA","CERREJON ZONA NORTE S.A.","TEUS vacios",,"88",,,,,"2.019","3"
"CARTAGENA","SOCIEDAD PORTUARIA TRANSMARSYP S.A.","TEUS llenos",,,,,,"703","2.019","3"
"TURBO","PROMOTORA BANANERA S.A","TEUS llenos","1.070",,,,,,"2.019","3"
"SAN ANDRES","SAN ANDRES PORT SOCIETY SA","TEUS vacios","426",,,,,"547","2.019","3"
"SANTA MARTA","SOCIEDAD PORTUARIA REGIONAL DE SANTA MARTA SA","TEUS llenos","2.012","4.229",,,,,"2.019","3"
"BUENAVENTURA","SOCIEDAD PORTUARIA TERMINAL DE CONTENEDORES DE BUENAVENTURA S.A.","TEUS llenos","1.376","7.952","1.996",,,,"2.019","3"
"CARTAGENA","SOCIEDAD PORTUARIA PUERTO BAHIA SA","TEUS llenos",,"4",,,,,"2.019","3"
"BUENAVENTURA","SOCIEDAD PORTUARIA TERMINAL DE CONTENEDORES DE BUENAVENTURA S.A.","TEUS vacios","5.449","23","701",,,,"2.019","3"
"BARRANQUILLA","PALERMO SOCIEDAD PORTUARIA S.A","TEUS llenos",,"0",,,,,"2.019","3"
"BUENAVENTURA","SOCIEDAD PUERTO INDUSTRIAL AGUADULCE S.A.","TEUS vacios","9.707",,,,,"664","2.019","3"
"TURBO","C.I. UNIÓN DE BANANEROS DE URABA S.A. - UNIBAN","TEUS llenos","5.190","1.240",,,,,"2.019","3"
"CARTAGENA","PUERTO DE MAMONAL S.A.","TEUS llenos",,"8",,,,,"2.019","3"
"BUENAVENTURA","SOCIEDAD PORTUARIA REGIONAL DE BUENAVENTURA S.A","TEUS llenos","12.895","18.473","33.100",,,,"2.019","3"
"CARTAGENA","TERMINAL DE CONTENEDORES DE CARTAGENA S. A.","TEUS vacios","6.792","218","20.660",,,,"2.019","3"
"SANTA MARTA","SOCIEDAD PORTUARIA REGIONAL DE SANTA MARTA SA","TEUS vacios",,"1.970","22",,,,"2.019","3"
"CARTAGENA","SOCIEDAD PORTUARIA REGIONAL DE CARTAGENA SA","TEUS vacios","4.892","533","6.840",,,,"2.019","3"
"CARTAGENA","COMPAÑIA DE PUERTOS ASOCIADOS S.A.","TEUS llenos","1.760","2.092","454","1.616",,,"2.019","3"
"CARTAGENA","SOCIEDAD PORTUARIA TRANSMARSYP S.A.","TEUS vacios",,,,,,"4","2.019","3"
"BARRANQUILLA","SOCIEDAD PORTUARIA REGIONAL DE BARRANQUILLA S.A.","TEUS llenos","3.826","5.385",,"8",,,"2.019","4"
"GUAJIRA","CERREJON ZONA NORTE S.A.","TEUS vacios",,"240",,,,,"2.019","4"
"CARTAGENA","SOCIEDAD PORTUARIA REGIONAL DE CARTAGENA SA","TEUS vacios","4.874","266","8.405",,,,"2.019","4"
"CARTAGENA","SOCIEDAD PORTUARIA TRANSMARSYP S.A.","TEUS vacios",,,,,,"4","2.019","4"
"CARTAGENA","SOCIEDAD PORTUARIA PUERTO BAHIA SA","TEUS llenos",,,"8",,,,"2.019","4"
"SAN ANDRES","SAN ANDRES PORT SOCIETY SA","TEUS llenos","4","229",,,,"533","2.019","4"
"CARTAGENA","COMPAÑIA DE PUERTOS ASOCIADOS S.A.","TEUS vacios","222","87","196","41",,,"2.019","4"
"CARTAGENA","TERMINAL DE CONTENEDORES DE CARTAGENA S. A.","TEUS llenos","11.522","19.194","109.433",,,,"2.019","4"
"SANTA MARTA","SOCIEDAD PORTUARIA REGIONAL DE SANTA MARTA SA","TEUS llenos","1.608","3.377",,,,,"2.019","4"
"CARTAGENA","SOCIEDAD PORTUARIA REGIONAL DE CARTAGENA SA","TEUS llenos","5.882","9.506","32.230",,,,"2.019","4"
"BUENAVENTURA","SOCIEDAD PORTUARIA TERMINAL DE CONTENEDORES DE BUENAVENTURA S.A.","TEUS vacios","6.986","95","649",,,,"2.019","4"
"BUENAVENTURA","SOCIEDAD PUERTO INDUSTRIAL AGUADULCE S.A.","TEUS llenos","2.468","15.570",,,,,"2.019","4"
"GUAJIRA","CERREJON ZONA NORTE S.A.","TEUS llenos",,"90",,,,,"2.019","4"
"SANTA MARTA","SOCIEDAD PORTUARIA REGIONAL DE SANTA MARTA SA","TEUS vacios","2.314","1.540","15",,,"64","2.019","4"
"BARRANQUILLA","SOCIEDAD PORTUARIA REGIONAL DE BARRANQUILLA S.A.","TEUS vacios","2.303","1.370",,,,"198","2.019","4"
"CARTAGENA","COMPAÑIA DE PUERTOS ASOCIADOS S.A.","TEUS llenos","1.621","1.897","763","1.658",,,"2.019","4"
"TURBO","C.I. UNIÓN DE BANANEROS DE URABA S.A. - UNIBAN","TEUS llenos","3.584","1.161",,,,"62","2.019","4"
"CARTAGENA","PUERTO BUENAVISTA S.A","TEUS llenos","112",,,,,,"2.019","4"
"CARTAGENA","TERMINAL DE CONTENEDORES DE CARTAGENA S. A.","TEUS vacios","6.047","127","18.461",,,,"2.019","4"
"BUENAVENTURA","SOCIEDAD PORTUARIA TERMINAL DE CONTENEDORES DE BUENAVENTURA S.A.","TEUS llenos","2.006","9.462","1.822",,,,"2.019","4"
"BUENAVENTURA","SOCIEDAD PORTUARIA REGIONAL DE BUENAVENTURA S.A","TEUS llenos","691","55.147","5.542","128",,,"2.019","4"
"CARTAGENA","SOCIEDAD PORTUARIA TRANSMARSYP S.A.","TEUS llenos",,,,,,"529","2.019","4"
"CARTAGENA","PUERTO DE MAMONAL S.A.","TEUS llenos","2","21",,,,,"2.019","4"
"BUENAVENTURA","SOCIEDAD PUERTO INDUSTRIAL AGUADULCE S.A.","TEUS vacios","7.962","330",,,,,"2.019","4"
"CARTAGENA","SOCIEDAD PORTUARIA PUERTO BAHIA SA","TEUS vacios",,,"39",,,,"2.019","4"
"TURBO","PROMOTORA BANANERA S.A","TEUS llenos","924",,,,,,"2.019","4"
"SAN ANDRES","SAN ANDRES PORT SOCIETY SA","TEUS vacios","180","6",,,,"402","2.019","4"
"SANTA MARTA","SOCIEDAD PORTUARIA REGIONAL DE SANTA MARTA SA","TEUS vacios","1.911","1.937","18",,,"10","2.019","5"
"BUENAVENTURA","SOCIEDAD PUERTO INDUSTRIAL AGUADULCE S.A.","TEUS llenos","2.156","15.249",,,,,"2.019","5"
"CARTAGENA","COMPAÑIA DE PUERTOS ASOCIADOS S.A.","TEUS llenos","1.827","1.814","469","1.536",,,"2.019","5"
"TURBO","C.I. UNIÓN DE BANANEROS DE URABA S.A. - UNIBAN","TEUS llenos","2.979","873",,,,"38","2.019","5"
"BUENAVENTURA","SOCIEDAD PUERTO INDUSTRIAL AGUADULCE S.A.","TEUS vacios","8.928",,,,,"2","2.019","5"
"TURBO","PROMOTORA BANANERA S.A","TEUS llenos","880",,,,,,"2.019","5"
"SAN ANDRES","SAN ANDRES PORT SOCIETY SA","TEUS vacios","216",,,,,"441","2.019","5"
"CARTAGENA","TERMINAL DE CONTENEDORES DE CARTAGENA S. A.","TEUS vacios","7.580","8","25.495",,,,"2.019","5"
"CARTAGENA","SOCIEDAD PORTUARIA PUERTO BAHIA SA","TEUS vacios",,,"56",,,,"2.019","5"
"GUAJIRA","CERREJON ZONA NORTE S.A.","TEUS vacios",,"70",,,,,"2.019","5"
"CARTAGENA","SOCIEDAD PORTUARIA PUERTO BAHIA SA","TEUS llenos",,,"4",,,,"2.019","5"
"BARRANQUILLA","SOCIEDAD PORTUARIA REGIONAL DE BARRANQUILLA S.A.","TEUS llenos","4.807","6.558",,"3",,"389","2.019","5"
"BUENAVENTURA","SOCIEDAD PORTUARIA TERMINAL DE CONTENEDORES DE BUENAVENTURA S.A.","TEUS vacios","6.988",,"1.616",,,,"2.019","5"
"CARTAGENA","PUERTO DE MAMONAL S.A.","TEUS llenos",,"6",,,,,"2.019","5"
"CARTAGENA","SOCIEDAD PORTUARIA TRANSMARSYP S.A.","TEUS llenos",,,,,,"533","2.019","5"
"CARTAGENA","SOCIEDAD PORTUARIA REGIONAL DE CARTAGENA SA","TEUS llenos","5.456","8.610","22.395",,,,"2.019","5"
"SANTA MARTA","SOCIEDAD PORTUARIA REGIONAL DE SANTA MARTA SA","TEUS llenos","737","3.724",,,,,"2.019","5"
"CARTAGENA","SOCIEDAD PORTUARIA REGIONAL DE CARTAGENA SA","TEUS vacios","5.648","63","10.418",,,,"2.019","5"
"BUENAVENTURA","SOCIEDAD PORTUARIA TERMINAL DE CONTENEDORES DE BUENAVENTURA S.A.","TEUS llenos","2.330","8.762","2.090",,,,"2.019","5"
"GUAJIRA","CERREJON ZONA NORTE S.A.","TEUS llenos",,"121",,,,,"2.019","5"
"CARTAGENA","SOCIEDAD PORTUARIA TRANSMARSYP S.A.","TEUS vacios",,,,,,"2","2.019","5"
"CARTAGENA","COMPAÑIA DE PUERTOS ASOCIADOS S.A.","TEUS vacios","318","273","309","490",,,"2.019","5"
"BUENAVENTURA","SOCIEDAD PORTUARIA REGIONAL DE BUENAVENTURA S.A","TEUS llenos","10.569","17.434","25.796",,,,"2.019","5"
"CARTAGENA","TERMINAL DE CONTENEDORES DE CARTAGENA S. A.","TEUS llenos","11.794","18.027","109.294",,,,"2.019","5"
"SAN ANDRES","SAN ANDRES PORT SOCIETY SA","TEUS llenos",,"216",,,,"505","2.019","5"
"BARRANQUILLA","PALERMO SOCIEDAD PORTUARIA S.A","TEUS llenos",,"61",,,,,"2.019","5"
"BUENAVENTURA","SOCIEDAD PUERTO INDUSTRIAL AGUADULCE S.A.","TEUS llenos","2.245","14.584",,,,"6","2.019","6"
"BARRANQUILLA","PALERMO SOCIEDAD PORTUARIA S.A","TEUS llenos",,"0",,,,,"2.019","6"
"CARTAGENA","COMPAÑIA DE PUERTOS ASOCIADOS S.A.","TEUS llenos","1.668","1.922","706","1.440",,,"2.019","6"
"SAN ANDRES","SAN ANDRES PORT SOCIETY SA","TEUS llenos",,"215",,"6",,"532","2.019","6"
"SANTA MARTA","SOCIEDAD PORTUARIA REGIONAL DE SANTA MARTA SA","TEUS vacios","1.690","2.232","270",,,"196","2.019","6"
"BARRANQUILLA","SOCIEDAD PORTUARIA REGIONAL DE BARRANQUILLA S.A.","TEUS vacios","41","3.071",,,,"1.238","2.019","6"
"CARTAGENA","SOCIEDAD PORTUARIA REGIONAL DE CARTAGENA SA","TEUS vacios","6.038","111","7.178",,,,"2.019","6"
"BUENAVENTURA","SOCIEDAD PORTUARIA REGIONAL DE BUENAVENTURA S.A","TEUS llenos",,"47.484","12.035",,,,"2.019","6"
"GUAJIRA","CERREJON ZONA NORTE S.A.","TEUS llenos",,"96",,,,,"2.019","6"
"CARTAGENA","COMPAÑIA DE PUERTOS ASOCIADOS S.A.","TEUS vacios","201","269","98","1.517",,,"2.019","6"
"CARTAGENA","SOCIEDAD PORTUARIA REGIONAL DE CARTAGENA SA","TEUS llenos","5.095","10.292","26.462",,,,"2.019","6"
"CARTAGENA","SOCIEDAD PORTUARIA TRANSMARSYP S.A.","TEUS llenos",,,,,,"633","2.019","6"
"BUENAVENTURA","SOCIEDAD PUERTO INDUSTRIAL AGUADULCE S.A.","TEUS vacios","8.418",,,,,"6","2.019","6"
"TURBO","PROMOTORA BANANERA S.A","TEUS llenos","574",,,,,"76","2.019","6"
"CARTAGENA","TERMINAL DE CONTENEDORES DE CARTAGENA S. A.","TEUS llenos","10.232","17.814","95.575",,,,"2.019","6"
"CARTAGENA","SOCIEDAD PORTUARIA TRANSMARSYP S.A.","TEUS vacios",,,,,,"2","2.019","6"
"SAN ANDRES","SAN ANDRES PORT SOCIETY SA","TEUS vacios","242",,,,,"544","2.019","6"
"CARTAGENA","SOCIEDAD PORTUARIA PUERTO BAHIA SA","TEUS llenos","12","1","7",,,,"2.019","6"
"TURBO","C.I. UNIÓN DE BANANEROS DE URABA S.A. - UNIBAN","TEUS llenos","1.648","976",,,,"456","2.019","6"
"CARTAGENA","PUERTO DE MAMONAL S.A.","TEUS llenos","4","29",,,,,"2.019","6"
"BARRANQUILLA","SOCIEDAD PORTUARIA REGIONAL DE BARRANQUILLA S.A.","TEUS llenos","3.616","3.527",,"17",,"191","2.019","6"
"CARTAGENA","TERMINAL DE CONTENEDORES DE CARTAGENA S. A.","TEUS vacios","6.232","27","21.116",,,,"2.019","6"
"BUENAVENTURA","SOCIEDAD PORTUARIA TERMINAL DE CONTENEDORES DE BUENAVENTURA S.A.","TEUS vacios","8.821","26","1.901",,,"679","2.019","6"
"CARTAGENA","SOCIEDAD PORTUARIA PUERTO BAHIA SA","TEUS vacios",,,"26",,,,"2.019","6"
"SANTA MARTA","SOCIEDAD PORTUARIA REGIONAL DE SANTA MARTA SA","TEUS llenos","1.402","3.243",,,,,"2.019","6"
"BUENAVENTURA","SOCIEDAD PORTUARIA TERMINAL DE CONTENEDORES DE BUENAVENTURA S.A.","TEUS llenos","3.482","9.485","3.036",,,"77","2.019","6"
"GUAJIRA","CERREJON ZONA NORTE S.A.","TEUS vacios",,"91",,,,,"2.019","6"
"CARTAGENA","COMPAÑIA DE PUERTOS ASOCIADOS S.A.","TEUS llenos","1.805","1.928","477","1.108",,,"2.019","7"
"BARRANQUILLA","SOCIEDAD PORTUARIA REGIONAL DE BARRANQUILLA S.A.","TEUS llenos","4.207","2.108",,"10",,,"2.019","7"
"BUENAVENTURA","SOCIEDAD PUERTO INDUSTRIAL AGUADULCE S.A.","TEUS vacios","7.786","2",,,,,"2.019","7"
"BARRANQUILLA","SOCIEDAD PORTUARIA REGIONAL DE BARRANQUILLA S.A.","TEUS vacios","148","2.395",,"1",,"1.210","2.019","7"
"CARTAGENA","TERMINAL DE CONTENEDORES DE CARTAGENA S. A.","TEUS llenos","9.636","17.175","111.186",,,,"2.019","7"
"CARTAGENA","SOCIEDAD PORTUARIA PUERTO BAHIA SA","TEUS llenos","4","2","2",,,"11","2.019","7"
"GUAJIRA","CERREJON ZONA NORTE S.A.","TEUS llenos","6","72",,,,,"2.019","7"
"BUENAVENTURA","SOCIEDAD PORTUARIA TERMINAL DE CONTENEDORES DE BUENAVENTURA S.A.","TEUS llenos","5.143","11.817","5.429",,,,"2.019","7"
"CARTAGENA","COMPAÑIA DE PUERTOS ASOCIADOS S.A.","TEUS vacios","136","199","163","300",,,"2.019","7"
"CARTAGENA","SOCIEDAD PORTUARIA REGIONAL DE CARTAGENA SA","TEUS llenos","7.525","10.533","42.441",,,,"2.019","7"
"CARTAGENA","SOCIEDAD PORTUARIA PUERTO BAHIA SA","TEUS vacios",,,"72",,,"21","2.019","7"
"TURBO","C.I. UNIÓN DE BANANEROS DE URABA S.A. - UNIBAN","TEUS llenos","1.376","844",,,,"1.162","2.019","7"
"CARTAGENA","SOCIEDAD PORTUARIA TRANSMARSYP S.A.","TEUS llenos",,,,,,"604","2.019","7"
"CARTAGENA","SOCIEDAD PORTUARIA TRANSMARSYP S.A.","TEUS vacios",,,,,,"6","2.019","7"
"GUAJIRA","CERREJON ZONA NORTE S.A.","TEUS vacios","218",,,,,,"2.019","7"
"BUENAVENTURA","SOCIEDAD PORTUARIA REGIONAL DE BUENAVENTURA S.A","TEUS llenos","8.201","15.985","15.957",,,,"2.019","7"
"BARRANQUILLA","PALERMO SOCIEDAD PORTUARIA S.A","TEUS llenos",,"0",,,,,"2.019","7"
"CARTAGENA","PUERTO DE MAMONAL S.A.","TEUS llenos","4","5",,,,,"2.019","7"
"CARTAGENA","TERMINAL DE CONTENEDORES DE CARTAGENA S. A.","TEUS vacios","8.357","64","20.199",,,,"2.019","7"
"SAN ANDRES","SAN ANDRES PORT SOCIETY SA","TEUS llenos",,"259",,,,"655","2.019","7"
"CARTAGENA","SOCIEDAD PORTUARIA REGIONAL DE CARTAGENA SA","TEUS vacios","5.341","212","15.143",,,,"2.019","7"
"BUENAVENTURA","SOCIEDAD PORTUARIA TERMINAL DE CONTENEDORES DE BUENAVENTURA S.A.","TEUS vacios","7.222","136","2.079",,,"273","2.019","7"
"TURBO","PROMOTORA BANANERA S.A","TEUS llenos","516",,,,,"208","2.019","7"
"SANTA MARTA","SOCIEDAD PORTUARIA REGIONAL DE SANTA MARTA SA","TEUS llenos","1.400","3.185",,,,,"2.019","7"
"BUENAVENTURA","SOCIEDAD PUERTO INDUSTRIAL AGUADULCE S.A.","TEUS llenos","3.165","17.973",,,,"12","2.019","7"
"SAN ANDRES","SAN ANDRES PORT SOCIETY SA","TEUS vacios",,"391",,,,"532","2.019","7"
"SANTA MARTA","SOCIEDAD PORTUARIA REGIONAL DE SANTA MARTA SA","TEUS vacios","1.390","3.764","97",,,,"2.019","7"
"CARTAGENA","COMPAÑIA DE PUERTOS ASOCIADOS S.A.","TEUS llenos","1.720","2.102","412","2.207",,,"2.019","8"
"CARTAGENA","TERMINAL DE CONTENEDORES DE CARTAGENA S. A.","TEUS vacios","7.791","32","21.988",,,,"2.019","8"
"GUAJIRA","CERREJON ZONA NORTE S.A.","TEUS vacios","31",,,,,,"2.019","8"
"TURBO","C.I. UNIÓN DE BANANEROS DE URABA S.A. - UNIBAN","TEUS llenos","2.145","980",,,,"1.772","2.019","8"
"BUENAVENTURA","SOCIEDAD PORTUARIA REGIONAL DE BUENAVENTURA S.A","TEUS llenos","172","990","3",,,,"2.019","8"
"CARTAGENA","COMPAÑIA DE PUERTOS ASOCIADOS S.A.","TEUS vacios","388","127","153","1.524",,,"2.019","8"
"SAN ANDRES","SAN ANDRES PORT SOCIETY SA","TEUS vacios","221","1",,,,"634","2.019","8"
"CARTAGENA","SOCIEDAD PORTUARIA PUERTO BAHIA SA","TEUS vacios",,,"108",,,"32","2.019","8"
"SANTA MARTA","SOCIEDAD PORTUARIA REGIONAL DE SANTA MARTA SA","TEUS llenos","1.805","3.856",,,,,"2.019","8"
"CARTAGENA","SOCIEDAD PORTUARIA REGIONAL DE CARTAGENA SA","TEUS vacios","6.423","112","14.839",,,,"2.019","8"
"CARTAGENA","SOCIEDAD PORTUARIA TRANSMARSYP S.A.","TEUS llenos",,,,,,"657","2.019","8"
"BUENAVENTURA","SOCIEDAD PORTUARIA TERMINAL DE CONTENEDORES DE BUENAVENTURA S.A.","TEUS vacios","4.936","7","4.204",,,,"2.019","8"
"BARRANQUILLA","PALERMO SOCIEDAD PORTUARIA S.A","TEUS llenos",,"0",,,,,"2.019","8"
"BARRANQUILLA","SOCIEDAD PORTUARIA REGIONAL DE BARRANQUILLA S.A.","TEUS vacios","1.157","820",,,,"1.454","2.019","8"
"CARTAGENA","SOCIEDAD PORTUARIA TRANSMARSYP S.A.","TEUS vacios",,,,,,"1","2.019","8"
"GUAJIRA","CERREJON ZONA NORTE S.A.","TEUS llenos","8","59",,,,,"2.019","8"
"CARTAGENA","SOCIEDAD PORTUARIA PUERTO BAHIA SA","TEUS llenos","2",,"2",,,"19","2.019","8"
"BUENAVENTURA","SOCIEDAD PUERTO INDUSTRIAL AGUADULCE S.A.","TEUS llenos","3.236","15.513",,,,"32","2.019","8"
"BUENAVENTURA","SOCIEDAD PUERTO INDUSTRIAL AGUADULCE S.A.","TEUS vacios","9.794","132",,,,"50","2.019","8"
"TURBO","PROMOTORA BANANERA S.A","TEUS llenos","616",,,,,"346","2.019","8"
"CARTAGENA","TERMINAL DE CONTENEDORES DE CARTAGENA S. A.","TEUS llenos","10.681","18.532","119.462",,,,"2.019","8"
"SANTA MARTA","SOCIEDAD PORTUARIA REGIONAL DE SANTA MARTA SA","TEUS vacios","1.860","2.277","158",,,"2.157","2.019","8"
"BARRANQUILLA","SOCIEDAD PORTUARIA REGIONAL DE BARRANQUILLA S.A.","TEUS llenos","4.174","5.876","4","7",,,"2.019","8"
"BUENAVENTURA","SOCIEDAD PORTUARIA TERMINAL DE CONTENEDORES DE BUENAVENTURA S.A.","TEUS llenos","4.942","13.454","2.989",,,,"2.019","8"
"CARTAGENA","SOCIEDAD PORTUARIA REGIONAL DE CARTAGENA SA","TEUS llenos","5.990","10.018","36.890",,,,"2.019","8"
"SAN ANDRES","SAN ANDRES PORT SOCIETY SA","TEUS llenos","4","259",,,,"583","2.019","8"
"TURBO","PROMOTORA BANANERA S.A","TEUS llenos","492",,,,,"306","2.019","9"
"BARRANQUILLA","SOCIEDAD PORTUARIA REGIONAL DE BARRANQUILLA S.A.","TEUS llenos","4.286","5.830",,"66",,"7","2.019","9"
"TURBO","C.I. UNIÓN DE BANANEROS DE URABA S.A. - UNIBAN","TEUS llenos","2.579","1.123",,,,"1.878","2.019","9"
"CARTAGENA","SOCIEDAD PORTUARIA REGIONAL DE CARTAGENA SA","TEUS vacios","5.671","430","14.775",,,,"2.019","9"
"CARTAGENA","SOCIEDAD PORTUARIA TRANSMARSYP S.A.","TEUS vacios",,,,,,"2","2.019","9"
"BUENAVENTURA","SOCIEDAD PORTUARIA TERMINAL DE CONTENEDORES DE BUENAVENTURA S.A.","TEUS vacios","7.575",,"1.181",,,,"2.019","9"
"CARTAGENA","COMPAÑIA DE PUERTOS ASOCIADOS S.A.","TEUS vacios","417","226","178","293",,,"2.019","9"
"CARTAGENA","SOCIEDAD PORTUARIA TRANSMARSYP S.A.","TEUS llenos",,,,,,"595","2.019","9"
"CARTAGENA","COMPAÑIA DE PUERTOS ASOCIADOS S.A.","TEUS llenos","1.445","1.897","642","2.401",,,"2.019","9"
"CARTAGENA","TERMINAL DE CONTENEDORES DE CARTAGENA S. A.","TEUS llenos","9.406","16.708","103.191",,,,"2.019","9"
"CARTAGENA","SOCIEDAD PORTUARIA PUERTO BAHIA SA","TEUS llenos",,,"2",,,"53","2.019","9"
"GUAJIRA","CERREJON ZONA NORTE S.A.","TEUS vacios","239",,,,,,"2.019","9"
"CARTAGENA","TERMINAL DE CONTENEDORES DE CARTAGENA S. A.","TEUS vacios","6.826","69","15.128",,,,"2.019","9"
"CARTAGENA","SOCIEDAD PORTUARIA PUERTO BAHIA SA","TEUS vacios",,,"103",,,"50","2.019","9"
"BUENAVENTURA","SOCIEDAD PUERTO INDUSTRIAL AGUADULCE S.A.","TEUS llenos","2.757","15.899",,,,"4","2.019","9"
"SANTA MARTA","SOCIEDAD PORTUARIA REGIONAL DE SANTA MARTA SA","TEUS vacios","4.760","3.273","36",,,"1.232","2.019","9"
"BARRANQUILLA","SOCIEDAD PORTUARIA REGIONAL DE BARRANQUILLA S.A.","TEUS vacios","1.705","655",,,,"1.288","2.019","9"
"BUENAVENTURA","SOCIEDAD PORTUARIA TERMINAL DE CONTENEDORES DE BUENAVENTURA S.A.","TEUS llenos","4.662","11.216","2.351",,,,"2.019","9"
"GUAJIRA","CERREJON ZONA NORTE S.A.","TEUS llenos","25","36",,,,,"2.019","9"
"CARTAGENA","SOCIEDAD PORTUARIA REGIONAL DE CARTAGENA SA","TEUS llenos","6.791","9.942","29.467",,,,"2.019","9"
"SAN ANDRES","SAN ANDRES PORT SOCIETY SA","TEUS llenos",,"223",,"6",,"673","2.019","9"
"SANTA MARTA","SOCIEDAD PORTUARIA REGIONAL DE SANTA MARTA SA","TEUS llenos","975","4.241",,,,,"2.019","9"
"SAN ANDRES","SAN ANDRES PORT SOCIETY SA","TEUS vacios","77","140",,,,"575","2.019","9"
"BUENAVENTURA","SOCIEDAD PORTUARIA REGIONAL DE BUENAVENTURA S.A","TEUS llenos","8.745","16.078","3.307",,,,"2.019","9"
"BUENAVENTURA","SOCIEDAD PUERTO INDUSTRIAL AGUADULCE S.A.","TEUS vacios","12.612","48",,,,"175","2.019","9"
"BARRANQUILLA","PALERMO SOCIEDAD PORTUARIA S.A","TEUS vacios",,"12",,,,,"2.019","9"
"BARRANQUILLA","PALERMO SOCIEDAD PORTUARIA S.A","TEUS llenos",,"21",,,,,"2.019","9"
"BARRANQUILLA","PALERMO SOCIEDAD PORTUARIA S.A","TEUS vacios",,"0",,,,,"2.019","10"
"CARTAGENA","TERMINAL DE CONTENEDORES DE CARTAGENA S. A.","TEUS vacios","7.725","247","18.595",,,,"2.019","10"
"CARTAGENA","COMPAÑIA DE PUERTOS ASOCIADOS S.A.","TEUS llenos","1.261","2.068","726","1.390",,,"2.019","10"
"CARTAGENA","COMPAÑIA DE PUERTOS ASOCIADOS S.A.","TEUS vacios","806","64","244","798",,,"2.019","10"
"SAN ANDRES","SAN ANDRES PORT SOCIETY SA","TEUS llenos",,"268",,"37",,"641","2.019","10"
"CARTAGENA","TERMINAL DE CONTENEDORES DE CARTAGENA S. A.","TEUS llenos","10.477","18.838","114.222",,,,"2.019","10"
"BARRANQUILLA","PALERMO SOCIEDAD PORTUARIA S.A","TEUS llenos",,"0",,,,,"2.019","10"
"GUAJIRA","CERREJON ZONA NORTE S.A.","TEUS vacios","85",,,,,,"2.019","10"
"CARTAGENA","SOCIEDAD PORTUARIA REGIONAL DE CARTAGENA SA","TEUS vacios","6.109","184","18.494",,,,"2.019","10"
"BUENAVENTURA","SOCIEDAD PORTUARIA TERMINAL DE CONTENEDORES DE BUENAVENTURA S.A.","TEUS llenos","6.255","15.392","2.280",,,,"2.019","10"
"BARRANQUILLA","SOCIEDAD PORTUARIA REGIONAL DE BARRANQUILLA S.A.","TEUS vacios","2.307","738",,"6",,"2.611","2.019","10"
"TURBO","C.I. UNIÓN DE BANANEROS DE URABA S.A. - UNIBAN","TEUS llenos","2.680","1.089",,,,"2.360","2.019","10"
"TURBO","PROMOTORA BANANERA S.A","TEUS llenos","496",,,,,"508","2.019","10"
"CARTAGENA","SOCIEDAD PORTUARIA REGIONAL DE CARTAGENA SA","TEUS llenos","7.820","11.820","35.875",,,,"2.019","10"
"BUENAVENTURA","SOCIEDAD PORTUARIA TERMINAL DE CONTENEDORES DE BUENAVENTURA S.A.","TEUS vacios","10.434","1","392",,,,"2.019","10"
"SANTA MARTA","SOCIEDAD PORTUARIA REGIONAL DE SANTA MARTA SA","TEUS llenos","1.772","3.462",,,,,"2.019","10"
"GUAJIRA","CERREJON ZONA NORTE S.A.","TEUS llenos","7","57",,,,,"2.019","10"
"BUENAVENTURA","SOCIEDAD PORTUARIA REGIONAL DE BUENAVENTURA S.A","TEUS vacios","9.053","251","3.650",,,,"2.019","10"
"CARTAGENA","PUERTO DE MAMONAL S.A.","TEUS llenos","8","15",,,,,"2.019","10"
"CARTAGENA","SOCIEDAD PORTUARIA PUERTO BAHIA SA","TEUS llenos",,,"4",,,"44","2.019","10"
"SANTA MARTA","SOCIEDAD PORTUARIA REGIONAL DE SANTA MARTA SA","TEUS vacios","3.091","2.109","112",,,"2.066","2.019","10"
"BUENAVENTURA","SOCIEDAD PORTUARIA REGIONAL DE BUENAVENTURA S.A","TEUS llenos","9.641","18.421","3.628",,,,"2.019","10"
"BUENAVENTURA","SOCIEDAD PUERTO INDUSTRIAL AGUADULCE S.A.","TEUS vacios","12.534","24",,,,"130","2.019","10"
"CARTAGENA","SOCIEDAD PORTUARIA PUERTO BAHIA SA","TEUS vacios",,"22","47",,,"45","2.019","10"
"BARRANQUILLA","SOCIEDAD PORTUARIA REGIONAL DE BARRANQUILLA S.A.","TEUS llenos","3.798","6.590","7","65",,"47","2.019","10"
"CARTAGENA","SOCIEDAD PORTUARIA TRANSMARSYP S.A.","TEUS vacios",,,,,,"3","2.019","10"
"CARTAGENA","SOCIEDAD PORTUARIA TRANSMARSYP S.A.","TEUS llenos",,,,,,"640","2.019","10"
"SAN ANDRES","SAN ANDRES PORT SOCIETY SA","TEUS vacios",,"273",,,,"690","2.019","10"
"BUENAVENTURA","SOCIEDAD PUERTO INDUSTRIAL AGUADULCE S.A.","TEUS llenos","2.510","14.397",,,,"2","2.019","10"
"GUAJIRA","CERREJON ZONA NORTE S.A.","TEUS llenos","12","52",,,,,"2.019","11"
"TURBO","C.I. UNIÓN DE BANANEROS DE URABA S.A. - UNIBAN","TEUS llenos","2.637","1.212",,,,"1.806","2.019","11"
"BUENAVENTURA","SOCIEDAD PUERTO INDUSTRIAL AGUADULCE S.A.","TEUS vacios","10.796","27",,,,,"2.019","11"
"CARTAGENA","SOCIEDAD PORTUARIA REGIONAL DE CARTAGENA SA","TEUS llenos","7.070","11.215","31.599",,,,"2.019","11"
"BARRANQUILLA","PALERMO SOCIEDAD PORTUARIA S.A","TEUS llenos",,"0",,,,,"2.019","11"
"CARTAGENA","SOCIEDAD PORTUARIA TRANSMARSYP S.A.","TEUS llenos",,,,,,"751","2.019","11"
"BUENAVENTURA","SOCIEDAD PORTUARIA TERMINAL DE CONTENEDORES DE BUENAVENTURA S.A.","TEUS llenos","4.522","9.560","1.316",,,,"2.019","11"
"BUENAVENTURA","SOCIEDAD PUERTO INDUSTRIAL AGUADULCE S.A.","TEUS llenos","1.938","15.727",,,,"67","2.019","11"
"CARTAGENA","PUERTO DE MAMONAL S.A.","TEUS llenos","3","32",,,,,"2.019","11"
"CARTAGENA","SOCIEDAD PORTUARIA TRANSMARSYP S.A.","TEUS vacios",,,,,,"3","2.019","11"
"BUENAVENTURA","SOCIEDAD PORTUARIA REGIONAL DE BUENAVENTURA S.A","TEUS llenos","8.024","15.084","2.985",,,,"2.019","11"
"SAN ANDRES","SAN ANDRES PORT SOCIETY SA","TEUS llenos","19","246",,,,"621","2.019","11"
"CARTAGENA","COMPAÑIA DE PUERTOS ASOCIADOS S.A.","TEUS llenos","993","1.883","635","1.431",,,"2.019","11"
"CARTAGENA","TERMINAL DE CONTENEDORES DE CARTAGENA S. A.","TEUS vacios","6.008","368","18.732",,,,"2.019","11"
"BARRANQUILLA","SOCIEDAD PORTUARIA REGIONAL DE BARRANQUILLA S.A.","TEUS llenos","3.998","6.598","29","96",,"44","2.019","11"
"SANTA MARTA","SOCIEDAD PORTUARIA REGIONAL DE SANTA MARTA SA","TEUS vacios","2.076","2.067","100",,,"2.454","2.019","11"
"BUENAVENTURA","SOCIEDAD PORTUARIA TERMINAL DE CONTENEDORES DE BUENAVENTURA S.A.","TEUS vacios","4.690","16","1.051",,,,"2.019","11"
"BUENAVENTURA","SOCIEDAD PORTUARIA REGIONAL DE BUENAVENTURA S.A","TEUS vacios","8.460","71","2.804",,,,"2.019","11"
"SAN ANDRES","SAN ANDRES PORT SOCIETY SA","TEUS vacios","238",,,,,"464","2.019","11"
"BARRANQUILLA","SOCIEDAD PORTUARIA REGIONAL DE BARRANQUILLA S.A.","TEUS vacios","1.097","779",,,,"2.398","2.019","11"
"CARTAGENA","SOCIEDAD PORTUARIA PUERTO BAHIA SA","TEUS llenos",,,"6",,,"62","2.019","11"
"BARRANQUILLA","PALERMO SOCIEDAD PORTUARIA S.A","TEUS vacios",,"0",,,,,"2.019","11"
"SANTA MARTA","SOCIEDAD PORTUARIA REGIONAL DE SANTA MARTA SA","TEUS llenos","2.065","3.487",,,,,"2.019","11"
"CARTAGENA","SOCIEDAD PORTUARIA REGIONAL DE CARTAGENA SA","TEUS vacios","6.425","465","16.876",,,,"2.019","11"
"TURBO","PROMOTORA BANANERA S.A","TEUS llenos","620",,,,,"308","2.019","11"
"CARTAGENA","TERMINAL DE CONTENEDORES DE CARTAGENA S. A.","TEUS llenos","9.310","17.539","101.019",,,,"2.019","11"
"GUAJIRA","CERREJON ZONA NORTE S.A.","TEUS vacios","41",,,,,,"2.019","11"
"CARTAGENA","SOCIEDAD PORTUARIA PUERTO BAHIA SA","TEUS vacios",,,"66",,,"42","2.019","11"
"CARTAGENA","COMPAÑIA DE PUERTOS ASOCIADOS S.A.","TEUS vacios","589","96","215","785",,,"2.019","11"
"TURBO","PROMOTORA BANANERA S.A","TEUS llenos","474",,,,,"370","2.019","12"
"BUENAVENTURA","SOCIEDAD PUERTO INDUSTRIAL AGUADULCE S.A.","TEUS vacios","14.533","1.029",,,,"28","2.019","12"
"CARTAGENA","TERMINAL DE CONTENEDORES DE CARTAGENA S. A.","TEUS llenos","10.983","17.407","116.974",,,,"2.019","12"
"SAN ANDRES","SAN ANDRES PORT SOCIETY SA","TEUS vacios",,"292",,,,"598","2.019","12"
"BARRANQUILLA","SOCIEDAD PORTUARIA REGIONAL DE BARRANQUILLA S.A.","TEUS vacios","1.472","399",,,,"2.022","2.019","12"
"CARTAGENA","TERMINAL DE CONTENEDORES DE CARTAGENA S. A.","TEUS vacios","8.734","278","25.670",,,,"2.019","12"
"BARRANQUILLA","SOCIEDAD PORTUARIA REGIONAL DE BARRANQUILLA S.A.","TEUS llenos","4.165","6.074","33","108",,"46","2.019","12"
"CARTAGENA","SOCIEDAD PORTUARIA REGIONAL DE CARTAGENA SA","TEUS vacios","5.455","1.143","7.823",,,,"2.019","12"
"CARTAGENA","COMPAÑIA DE PUERTOS ASOCIADOS S.A.","TEUS llenos","1.087","1.512","555","1.819",,,"2.019","12"
"BUENAVENTURA","SOCIEDAD PORTUARIA REGIONAL DE BUENAVENTURA S.A","TEUS llenos","8.995","16.989","2.813",,,,"2.019","12"
"SANTA MARTA","SOCIEDAD PORTUARIA REGIONAL DE SANTA MARTA SA","TEUS vacios","1.905","1.944","82",,,"1.610","2.019","12"
"CARTAGENA","SOCIEDAD PORTUARIA TRANSMARSYP S.A.","TEUS vacios",,,,,,"1","2.019","12"
"BUENAVENTURA","SOCIEDAD PORTUARIA TERMINAL DE CONTENEDORES DE BUENAVENTURA S.A.","TEUS llenos","5.428","12.864","2.531",,,,"2.019","12"
"GUAJIRA","CERREJON ZONA NORTE S.A.","TEUS llenos","3","52",,,,,"2.019","12"
"SANTA MARTA","SOCIEDAD PORTUARIA REGIONAL DE SANTA MARTA SA","TEUS llenos","1.439","3.662",,,,,"2.019","12"
"CARTAGENA","COMPAÑIA DE PUERTOS ASOCIADOS S.A.","TEUS vacios","350","22","133","142",,,"2.019","12"
"BUENAVENTURA","SOCIEDAD PORTUARIA REGIONAL DE BUENAVENTURA S.A","TEUS vacios","10.850","879","1.022",,,,"2.019","12"
"CARTAGENA","SOCIEDAD PORTUARIA REGIONAL DE CARTAGENA SA","TEUS llenos","6.801","10.304","34.440",,,,"2.019","12"
"CARTAGENA","SOCIEDAD PORTUARIA PUERTO BAHIA SA","TEUS llenos",,,"35",,,"45","2.019","12"
"SAN ANDRES","SAN ANDRES PORT SOCIETY SA","TEUS llenos",,"304",,,,"575","2.019","12"
"TURBO","C.I. UNIÓN DE BANANEROS DE URABA S.A. - UNIBAN","TEUS llenos","1.466","590",,,,"1.938","2.019","12"
"BUENAVENTURA","SOCIEDAD PORTUARIA TERMINAL DE CONTENEDORES DE BUENAVENTURA S.A.","TEUS vacios","6.907","584","1.171",,,,"2.019","12"
"GUAJIRA","CERREJON ZONA NORTE S.A.","TEUS vacios","2","97",,,,,"2.019","12"
"CARTAGENA","PUERTO DE MAMONAL S.A.","TEUS llenos","1","11",,,,,"2.019","12"
"CARTAGENA","SOCIEDAD PORTUARIA PUERTO BAHIA SA","TEUS vacios",,,"31",,,"37","2.019","12"
"BUENAVENTURA","SOCIEDAD PUERTO INDUSTRIAL AGUADULCE S.A.","TEUS llenos","3.352","20.272",,,,"350","2.019","12"
"CARTAGENA","SOCIEDAD PORTUARIA TRANSMARSYP S.A.","TEUS llenos",,,,,,"602","2.019","12"
"GUAJIRA","CERREJON ZONA NORTE S.A.","TEUS vacios","42","1",,,,,"2.020","1"
"CARTAGENA","TERMINAL DE CONTENEDORES DE CARTAGENA S. A.","TEUS llenos","11.798","19.302","106.621",,,"5.172","2.020","1"
"BUENAVENTURA","SOCIEDAD PUERTO INDUSTRIAL AGUADULCE S.A.","TEUS vacios","10.868","81",,,,"76","2.020","1"
"SAN ANDRES","SAN ANDRES PORT SOCIETY SA","TEUS llenos","4","203",,,,"438","2.020","1"
"BARRANQUILLA","PALERMO SOCIEDAD PORTUARIA S.A","TEUS llenos",,"102",,,,,"2.020","1"
"BUENAVENTURA","SOCIEDAD PORTUARIA REGIONAL DE BUENAVENTURA S.A","TEUS vacios","8.575","175","822",,,,"2.020","1"
"BUENAVENTURA","SOCIEDAD PORTUARIA TERMINAL DE CONTENEDORES DE BUENAVENTURA S.A.","TEUS llenos","3.219","10.274","668",,,,"2.020","1"
"BUENAVENTURA","SOCIEDAD PORTUARIA TERMINAL DE CONTENEDORES DE BUENAVENTURA S.A.","TEUS vacios","7.561","30","65",,,,"2.020","1"
"SAN ANDRES","SAN ANDRES PORT SOCIETY SA","TEUS vacios","269",,,,,"555","2.020","1"
"CARTAGENA","SOCIEDAD PORTUARIA PUERTO BAHIA SA","TEUS llenos",,,"4",,,"1","2.020","1"
"BUENAVENTURA","SOCIEDAD PUERTO INDUSTRIAL AGUADULCE S.A.","TEUS llenos","1.850","15.572",,,,"32","2.020","1"
"CARTAGENA","SOCIEDAD PORTUARIA REGIONAL DE CARTAGENA SA","TEUS llenos","8.015","10.647","30.345",,,"1.294","2.020","1"
"CARTAGENA","SOCIEDAD PORTUARIA PUERTO BAHIA SA","TEUS vacios",,,"58",,,"22","2.020","1"
"CARTAGENA","COMPAÑIA DE PUERTOS ASOCIADOS S.A.","TEUS vacios","421","284","528","434",,,"2.020","1"
"TURBO","PROMOTORA BANANERA S.A","TEUS llenos","518",,,,,"536","2.020","1"
"TURBO","C.I. UNIÓN DE BANANEROS DE URABA S.A. - UNIBAN","TEUS llenos","2.535","539",,,,"3.047","2.020","1"
"CARTAGENA","SOCIEDAD PORTUARIA TRANSMARSYP S.A.","TEUS llenos",,,,,,"501","2.020","1"
"CARTAGENA","PUERTO DE MAMONAL S.A.","TEUS llenos","2","1",,,,,"2.020","1"
"SANTA MARTA","SOCIEDAD PORTUARIA REGIONAL DE SANTA MARTA SA","TEUS vacios","3.443","9.129","320",,,"3.511","2.020","1"
"CARTAGENA","SOCIEDAD PORTUARIA TRANSMARSYP S.A.","TEUS vacios",,,,,,"3","2.020","1"
"GUAJIRA","CERREJON ZONA NORTE S.A.","TEUS llenos","21","24",,,,,"2.020","1"
"CARTAGENA","COMPAÑIA DE PUERTOS ASOCIADOS S.A.","TEUS llenos","980","1.417","740","2.222",,,"2.020","1"
"SANTA MARTA","SOCIEDAD PORTUARIA REGIONAL DE SANTA MARTA SA","TEUS llenos","2.283","4.666",,,,"44","2.020","1"
"CARTAGENA","TERMINAL DE CONTENEDORES DE CARTAGENA S. A.","TEUS vacios","9.191","1.140","20.142",,,"940","2.020","1"
"BUENAVENTURA","SOCIEDAD PORTUARIA REGIONAL DE BUENAVENTURA S.A","TEUS llenos","6.729","15.069","1.884",,,,"2.020","1"
"BARRANQUILLA","SOCIEDAD PORTUARIA REGIONAL DE BARRANQUILLA S.A.","TEUS llenos","3.321","5.104","6","43",,"31","2.020","1"
"BARRANQUILLA","SOCIEDAD PORTUARIA REGIONAL DE BARRANQUILLA S.A.","TEUS vacios","1.758","736",,,,"2.096","2.020","1"
"CARTAGENA","SOCIEDAD PORTUARIA REGIONAL DE CARTAGENA SA","TEUS vacios","4.478","1.903","10.698",,,"1.714","2.020","1"
"TURBO","C.I. UNIÓN DE BANANEROS DE URABA S.A. - UNIBAN","TEUS vacios","6.097",,,,,,"2.020","1"
"BARRANQUILLA","PALERMO SOCIEDAD PORTUARIA S.A","TEUS vacios",,"0",,,,,"2.020","1"
"CARTAGENA","SOCIEDAD PORTUARIA PUERTO BAHIA SA","TEUS vacios",,,"124",,,"2","2.020","2"
"CARTAGENA","SOCIEDAD PORTUARIA REGIONAL DE CARTAGENA SA","TEUS llenos","6.582","11.351","25.997",,,"1.933","2.020","2"
"SAN ANDRES","SAN ANDRES PORT SOCIETY SA","TEUS vacios","272",,,,,"555","2.020","2"
"SANTA MARTA","SOCIEDAD PORTUARIA REGIONAL DE SANTA MARTA SA","TEUS vacios","3.846","10.639","2",,,"2.531","2.020","2"
"BARRANQUILLA","SOCIEDAD PORTUARIA REGIONAL DE BARRANQUILLA S.A.","TEUS vacios","1.939","588",,,,"968","2.020","2"
"BARRANQUILLA","SOCIEDAD PORTUARIA REGIONAL DE BARRANQUILLA S.A.","TEUS llenos","4.205","4.919","10","49",,"32","2.020","2"
"BUENAVENTURA","SOCIEDAD PORTUARIA REGIONAL DE BUENAVENTURA S.A","TEUS vacios","10.695","11","824",,,,"2.020","2"
"TURBO","PROMOTORA BANANERA S.A","TEUS llenos","302",,,,,"392","2.020","2"
"TURBO","C.I. UNIÓN DE BANANEROS DE URABA S.A. - UNIBAN","TEUS vacios","5.981",,,,,,"2.020","2"
"CARTAGENA","COMPAÑIA DE PUERTOS ASOCIADOS S.A.","TEUS vacios","572","14","594","606",,,"2.020","2"
"CARTAGENA","SOCIEDAD PORTUARIA PUERTO BAHIA SA","TEUS llenos",,,"30",,,"16","2.020","2"
"GUAJIRA","CERREJON ZONA NORTE S.A.","TEUS vacios","62",,,,,,"2.020","2"
"BUENAVENTURA","SOCIEDAD PORTUARIA REGIONAL DE BUENAVENTURA S.A","TEUS llenos","8.357","16.916","1.437",,,,"2.020","2"
"BARRANQUILLA","PALERMO SOCIEDAD PORTUARIA S.A","TEUS llenos","2","2",,,,,"2.020","2"
"BARRANQUILLA","PALERMO SOCIEDAD PORTUARIA S.A","TEUS vacios",,"84",,,,,"2.020","2"
"BUENAVENTURA","SOCIEDAD PUERTO INDUSTRIAL AGUADULCE S.A.","TEUS vacios","11.613",,,,,"22","2.020","2"
"SANTA MARTA","SOCIEDAD PORTUARIA REGIONAL DE SANTA MARTA SA","TEUS llenos","2.096","3.334",,,,"554","2.020","2"
"BUENAVENTURA","SOCIEDAD PORTUARIA TERMINAL DE CONTENEDORES DE BUENAVENTURA S.A.","TEUS llenos","5.280","10.932","791",,,,"2.020","2"
"TURBO","C.I. UNIÓN DE BANANEROS DE URABA S.A. - UNIBAN","TEUS llenos","2.559","820",,,,"2.911","2.020","2"
"CARTAGENA","SOCIEDAD PORTUARIA TRANSMARSYP S.A.","TEUS vacios",,,,,,"31","2.020","2"
"CARTAGENA","COMPAÑIA DE PUERTOS ASOCIADOS S.A.","TEUS llenos","888","1.215","520","1.997",,,"2.020","2"
"SAN ANDRES","SAN ANDRES PORT SOCIETY SA","TEUS llenos","2","232",,,,"546","2.020","2"
"CARTAGENA","SOCIEDAD PORTUARIA TRANSMARSYP S.A.","TEUS llenos",,,,,,"676","2.020","2"
"CARTAGENA","SOCIEDAD PORTUARIA REGIONAL DE CARTAGENA SA","TEUS vacios","3.287","1.327","9.727",,,"848","2.020","2"
"CARTAGENA","TERMINAL DE CONTENEDORES DE CARTAGENA S. A.","TEUS llenos","13.683","20.747","103.034",,,"4.958","2.020","2"
"GUAJIRA","CERREJON ZONA NORTE S.A.","TEUS llenos","5","75",,,,,"2.020","2"
"CARTAGENA","TERMINAL DE CONTENEDORES DE CARTAGENA S. A.","TEUS vacios","8.517","1.833","19.856",,,"1.808","2.020","2"
"CARTAGENA","PUERTO DE MAMONAL S.A.","TEUS llenos",,"10",,,,,"2.020","2"
"BUENAVENTURA","SOCIEDAD PORTUARIA TERMINAL DE CONTENEDORES DE BUENAVENTURA S.A.","TEUS vacios","6.598","120","203",,,,"2.020","2"
"BUENAVENTURA","SOCIEDAD PUERTO INDUSTRIAL AGUADULCE S.A.","TEUS llenos","2.219","15.397",,,,"1.029","2.020","2"
"SANTA MARTA","SOCIEDAD PORTUARIA REGIONAL DE SANTA MARTA SA","TEUS vacios","3.287","9.734","2",,,"2.603","2.020","3"
"BUENAVENTURA","SOCIEDAD PUERTO INDUSTRIAL AGUADULCE S.A.","TEUS vacios","7.487","8",,,,"58","2.020","3"
"TURBO","C.I. UNIÓN DE BANANEROS DE URABA S.A. - UNIBAN","TEUS vacios","5.200",,,,,,"2.020","3"
"SAN ANDRES","SAN ANDRES PORT SOCIETY SA","TEUS llenos","14","239",,,,"601","2.020","3"
"SAN ANDRES","SAN ANDRES PORT SOCIETY SA","TEUS vacios","245",,,,,"503","2.020","3"
"CARTAGENA","COMPAÑIA DE PUERTOS ASOCIADOS S.A.","TEUS vacios","261","103","306","153",,,"2.020","3"
"TURBO","PROMOTORA BANANERA S.A","TEUS llenos","444",,,,,"378","2.020","3"
"BUENAVENTURA","SOCIEDAD PORTUARIA TERMINAL DE CONTENEDORES DE BUENAVENTURA S.A.","TEUS llenos","4.117","10.434","511",,,,"2.020","3"
"BUENAVENTURA","SOCIEDAD PORTUARIA REGIONAL DE BUENAVENTURA S.A","TEUS llenos","10.124","14.416","4.036",,,,"2.020","3"
"GUAJIRA","CERREJON ZONA NORTE S.A.","TEUS llenos","2","43",,,,,"2.020","3"
"CARTAGENA","SOCIEDAD PORTUARIA TRANSMARSYP S.A.","TEUS llenos",,,,,,"406","2.020","3"
"TURBO","C.I. UNIÓN DE BANANEROS DE URABA S.A. - UNIBAN","TEUS llenos","1.472","617",,,,"2.632","2.020","3"
"SANTA MARTA","SOCIEDAD PORTUARIA REGIONAL DE SANTA MARTA SA","TEUS llenos","5.420","4.406",,,,,"2.020","3"
"CARTAGENA","TERMINAL DE CONTENEDORES DE CARTAGENA S. A.","TEUS llenos","14.090","22.024","119.800",,,"5.277","2.020","3"
"BARRANQUILLA","SOCIEDAD PORTUARIA REGIONAL DE BARRANQUILLA S.A.","TEUS llenos","4.121","4.849","8","32",,"9","2.020","3"
"BUENAVENTURA","SOCIEDAD PORTUARIA REGIONAL DE BUENAVENTURA S.A","TEUS vacios","8.367","152","620",,,,"2.020","3"
"BARRANQUILLA","PALERMO SOCIEDAD PORTUARIA S.A","TEUS vacios",,"64",,,,,"2.020","3"
"GUAJIRA","CERREJON ZONA NORTE S.A.","TEUS vacios","47",,,,,,"2.020","3"
"BARRANQUILLA","SOCIEDAD PORTUARIA REGIONAL DE BARRANQUILLA S.A.","TEUS vacios","1.499","912",,,,"1.199","2.020","3"
"BUENAVENTURA","SOCIEDAD PORTUARIA TERMINAL DE CONTENEDORES DE BUENAVENTURA S.A.","TEUS vacios","6.597",,"755",,,,"2.020","3"
"CARTAGENA","TERMINAL DE CONTENEDORES DE CARTAGENA S. A.","TEUS vacios","8.188","1.905","20.500",,,"1.325","2.020","3"
"CARTAGENA","COMPAÑIA DE PUERTOS ASOCIADOS S.A.","TEUS llenos","976","1.609","310","1.794",,,"2.020","3"
"CARTAGENA","SOCIEDAD PORTUARIA TRANSMARSYP S.A.","TEUS vacios",,,,,,"37","2.020","3"
"BUENAVENTURA","SOCIEDAD PUERTO INDUSTRIAL AGUADULCE S.A.","TEUS llenos","2.584","8.873",,,,"444","2.020","3"
"CARTAGENA","SOCIEDAD PORTUARIA PUERTO BAHIA SA","TEUS vacios",,,"200",,,"27","2.020","3"
"CARTAGENA","SOCIEDAD PORTUARIA REGIONAL DE CARTAGENA SA","TEUS vacios","3.704","1.218","8.022",,,"915","2.020","3"
"CARTAGENA","SOCIEDAD PORTUARIA PUERTO BAHIA SA","TEUS llenos",,"5","24",,,"37","2.020","3"
"CARTAGENA","SOCIEDAD PORTUARIA REGIONAL DE CARTAGENA SA","TEUS llenos","9.192","11.634","31.315",,,"1.373","2.020","3"
"CARTAGENA","PUERTO DE MAMONAL S.A.","TEUS llenos",,"2",,,,,"2.020","3"
"TURBO","C.I. UNIÓN DE BANANEROS DE URABA S.A. - UNIBAN","TEUS llenos","1.506","457",,,,"3.200","2.020","4"
"BUENAVENTURA","SOCIEDAD PORTUARIA REGIONAL DE BUENAVENTURA S.A","TEUS llenos","7.080","13.926","2.772",,,,"2.020","4"
"GUAJIRA","CERREJON ZONA NORTE S.A.","TEUS llenos",,"42",,,,,"2.020","4"
"SAN ANDRES","SAN ANDRES PORT SOCIETY SA","TEUS vacios","88",,,,,"262","2.020","4"
"SAN ANDRES","SAN ANDRES PORT SOCIETY SA","TEUS llenos",,"69",,,,"323","2.020","4"
"BARRANQUILLA","PALERMO SOCIEDAD PORTUARIA S.A","TEUS llenos",,"25",,,,,"2.020","4"
"BUENAVENTURA","SOCIEDAD PORTUARIA REGIONAL DE BUENAVENTURA S.A","TEUS vacios","8.569","1.429",,,,,"2.020","4"
"BARRANQUILLA","PALERMO SOCIEDAD PORTUARIA S.A","TEUS vacios",,"3",,,,,"2.020","4"
"CARTAGENA","TERMINAL DE CONTENEDORES DE CARTAGENA S. A.","TEUS llenos","10.325","18.781","105.144",,,"5.504","2.020","4"
"SANTA MARTA","SOCIEDAD PORTUARIA REGIONAL DE SANTA MARTA SA","TEUS llenos","7.065","4",,,,,"2.020","4"
"CARTAGENA","TERMINAL DE CONTENEDORES DE CARTAGENA S. A.","TEUS vacios","9.719","1.568","20.249",,,"2.079","2.020","4"
"CARTAGENA","SOCIEDAD PORTUARIA PUERTO BAHIA SA","TEUS llenos",,"16","2",,,,"2.020","4"
"TURBO","PROMOTORA BANANERA S.A","TEUS llenos","430",,,,,"600","2.020","4"
"BUENAVENTURA","SOCIEDAD PORTUARIA TERMINAL DE CONTENEDORES DE BUENAVENTURA S.A.","TEUS llenos","3.523","10.976","1.089",,,,"2.020","4"
"CARTAGENA","SOCIEDAD PORTUARIA REGIONAL DE CARTAGENA SA","TEUS vacios","4.548","99","7.965",,,"144","2.020","4"
"BUENAVENTURA","SOCIEDAD PORTUARIA TERMINAL DE CONTENEDORES DE BUENAVENTURA S.A.","TEUS vacios","7.837","400","2.363",,,,"2.020","4"
"SANTA MARTA","SOCIEDAD PORTUARIA REGIONAL DE SANTA MARTA SA","TEUS vacios","484","8.246","4",,,"2.966","2.020","4"
"BUENAVENTURA","SOCIEDAD PUERTO INDUSTRIAL AGUADULCE S.A.","TEUS llenos","2.180","14.650",,,,"1.059","2.020","4"
"CARTAGENA","SOCIEDAD PORTUARIA TRANSMARSYP S.A.","TEUS vacios",,,,,,"29","2.020","4"
"TURBO","C.I. UNIÓN DE BANANEROS DE URABA S.A. - UNIBAN","TEUS vacios","4.663",,,,,,"2.020","4"
"BARRANQUILLA","SOCIEDAD PORTUARIA REGIONAL DE BARRANQUILLA S.A.","TEUS vacios","1.748","626",,,,"965","2.020","4"
"CARTAGENA","COMPAÑIA DE PUERTOS ASOCIADOS S.A.","TEUS llenos","672","895","223","1.438",,,"2.020","4"
"GUAJIRA","CERREJON ZONA NORTE S.A.","TEUS vacios","16",,,,,,"2.020","4"
"BARRANQUILLA","SOCIEDAD PORTUARIA REGIONAL DE BARRANQUILLA S.A.","TEUS llenos","2.191","4.756","8","48",,"42","2.020","4"
"CARTAGENA","SOCIEDAD PORTUARIA TRANSMARSYP S.A.","TEUS llenos",,,,,,"226","2.020","4"
"CARTAGENA","SOCIEDAD PORTUARIA REGIONAL DE CARTAGENA SA","TEUS llenos","5.960","12.101","31.085",,,"1.385","2.020","4"
"BUENAVENTURA","SOCIEDAD PUERTO INDUSTRIAL AGUADULCE S.A.","TEUS vacios","5.747","6",,,,"1","2.020","4"
"CARTAGENA","SOCIEDAD PORTUARIA PUERTO BAHIA SA","TEUS vacios",,,"64",,,,"2.020","4"
"CARTAGENA","COMPAÑIA DE PUERTOS ASOCIADOS S.A.","TEUS vacios","515","632","306","588",,,"2.020","4"
"CARTAGENA","PUERTO DE MAMONAL S.A.","TEUS llenos",,"3",,,,,"2.020","4"
"SANTA MARTA","SOCIEDAD PORTUARIA REGIONAL DE SANTA MARTA SA","TEUS vacios",,"1.352","6",,,"2.175","2.020","5"
"BUENAVENTURA","SOCIEDAD PUERTO INDUSTRIAL AGUADULCE S.A.","TEUS vacios","12.756","5",,,,"5","2.020","5"
"BUENAVENTURA","SOCIEDAD PORTUARIA TERMINAL DE CONTENEDORES DE BUENAVENTURA S.A.","TEUS llenos","4.204","6.288","475",,,,"2.020","5"
"BUENAVENTURA","SOCIEDAD PORTUARIA TERMINAL DE CONTENEDORES DE BUENAVENTURA S.A.","TEUS vacios","6.587","10","2.445",,,,"2.020","5"
"CARTAGENA","SOCIEDAD PORTUARIA TRANSMARSYP S.A.","TEUS vacios",,,,,,"19","2.020","5"
"GUAJIRA","CERREJON ZONA NORTE S.A.","TEUS llenos","4","18",,,,,"2.020","5"
"BUENAVENTURA","SOCIEDAD PORTUARIA REGIONAL DE BUENAVENTURA S.A","TEUS vacios","10.359","14","591",,,,"2.020","5"
"TURBO","PROMOTORA BANANERA S.A","TEUS llenos","422",,,,,"472","2.020","5"
"CARTAGENA","SOCIEDAD PORTUARIA REGIONAL DE CARTAGENA SA","TEUS llenos","7.014","8.830","38.349",,,"1.072","2.020","5"
"SAN ANDRES","SAN ANDRES PORT SOCIETY SA","TEUS vacios","85",,,,,"341","2.020","5"
"BARRANQUILLA","SOCIEDAD PORTUARIA REGIONAL DE BARRANQUILLA S.A.","TEUS llenos","3.682","3.754","2","17",,"18","2.020","5"
"TURBO","C.I. UNIÓN DE BANANEROS DE URABA S.A. - UNIBAN","TEUS vacios","3.729",,,,,,"2.020","5"
"CARTAGENA","SOCIEDAD PORTUARIA REGIONAL DE CARTAGENA SA","TEUS vacios","5.797","668","5.037",,,"193","2.020","5"
"BARRANQUILLA","PALERMO SOCIEDAD PORTUARIA S.A","TEUS vacios",,"10",,,,,"2.020","5"
"CARTAGENA","TERMINAL DE CONTENEDORES DE CARTAGENA S. A.","TEUS llenos","10.984","14.852","100.004",,,"4.394","2.020","5"
"BUENAVENTURA","SOCIEDAD PORTUARIA REGIONAL DE BUENAVENTURA S.A","TEUS llenos","7.486","12.878","3.114",,,,"2.020","5"
"TURBO","C.I. UNIÓN DE BANANEROS DE URABA S.A. - UNIBAN","TEUS llenos","1.191","310",,,,"2.041","2.020","5"
"CARTAGENA","COMPAÑIA DE PUERTOS ASOCIADOS S.A.","TEUS vacios","290","10","45","250",,,"2.020","5"
"BUENAVENTURA","SOCIEDAD PUERTO INDUSTRIAL AGUADULCE S.A.","TEUS llenos","2.311","11.993",,,,"1.104","2.020","5"
"BARRANQUILLA","SOCIEDAD PORTUARIA REGIONAL DE BARRANQUILLA S.A.","TEUS vacios","1.561","881",,,,"999","2.020","5"
"CARTAGENA","PUERTO DE MAMONAL S.A.","TEUS llenos","12",,,,,,"2.020","5"
"SAN ANDRES","SAN ANDRES PORT SOCIETY SA","TEUS llenos","12","100",,,,"305","2.020","5"
"CARTAGENA","SOCIEDAD PORTUARIA PUERTO BAHIA SA","TEUS vacios",,,"6",,,,"2.020","5"
"CARTAGENA","COMPAÑIA DE PUERTOS ASOCIADOS S.A.","TEUS llenos","981","714","305","1.145",,,"2.020","5"
"CARTAGENA","SOCIEDAD PORTUARIA TRANSMARSYP S.A.","TEUS llenos",,,,,,"256","2.020","5"
"CARTAGENA","TERMINAL DE CONTENEDORES DE CARTAGENA S. A.","TEUS vacios","10.036","1.128","18.273",,,"1.502","2.020","5"
"BARRANQUILLA","PALERMO SOCIEDAD PORTUARIA S.A","TEUS llenos","6",,,,,,"2.020","5"
"GUAJIRA","CERREJON ZONA NORTE S.A.","TEUS vacios","34",,,,,,"2.020","5"
"CARTAGENA","TERMINAL DE CONTENEDORES DE CARTAGENA S. A.","TEUS vacios","6.065","1.754","20.338",,,"1.092","2.020","6"
"BUENAVENTURA","SOCIEDAD PORTUARIA REGIONAL DE BUENAVENTURA S.A","TEUS vacios","4.374","315","4",,,,"2.020","6"
"CARTAGENA","SOCIEDAD PORTUARIA TRANSMARSYP S.A.","TEUS vacios",,,,,,"24","2.020","6"
"CARTAGENA","PUERTO DE MAMONAL S.A.","TEUS llenos","13",,,,,,"2.020","6"
"CARTAGENA","COMPAÑIA DE PUERTOS ASOCIADOS S.A.","TEUS llenos","1.135","851","325","1.455",,,"2.020","6"
"TURBO","C.I. UNIÓN DE BANANEROS DE URABA S.A. - UNIBAN","TEUS vacios","2.797",,,,,,"2.020","6"
"SANTA MARTA","SOCIEDAD PORTUARIA REGIONAL DE SANTA MARTA SA","TEUS vacios",,"1.204","2",,,"1.515","2.020","6"
"BUENAVENTURA","SOCIEDAD PUERTO INDUSTRIAL AGUADULCE S.A.","TEUS vacios","7.172","259",,,,,"2.020","6"
"CARTAGENA","SOCIEDAD PORTUARIA PUERTO BAHIA SA","TEUS vacios",,,"8",,,"7","2.020","6"
"SAN ANDRES","SAN ANDRES PORT SOCIETY SA","TEUS llenos",,"105",,,,"358","2.020","6"
"CARTAGENA","SOCIEDAD PORTUARIA REGIONAL DE CARTAGENA SA","TEUS llenos","9.106","8.941","34.910",,,"1.163","2.020","6"
"BARRANQUILLA","SOCIEDAD PORTUARIA REGIONAL DE BARRANQUILLA S.A.","TEUS vacios","966","889",,,,"763","2.020","6"
"BUENAVENTURA","SOCIEDAD PORTUARIA TERMINAL DE CONTENEDORES DE BUENAVENTURA S.A.","TEUS llenos","3.295","8.059","948",,,,"2.020","6"
"TURBO","PROMOTORA BANANERA S.A","TEUS llenos","394",,,,,"342","2.020","6"
"BARRANQUILLA","SOCIEDAD PORTUARIA REGIONAL DE BARRANQUILLA S.A.","TEUS llenos","3.625","3.641","6","42",,"26","2.020","6"
"BARRANQUILLA","PALERMO SOCIEDAD PORTUARIA S.A","TEUS llenos","6","2",,,,,"2.020","6"
"BUENAVENTURA","SOCIEDAD PUERTO INDUSTRIAL AGUADULCE S.A.","TEUS llenos","2.544","11.347",,,,"394","2.020","6"
"GUAJIRA","CERREJON ZONA NORTE S.A.","TEUS llenos",,"24",,,,,"2.020","6"
"GUAJIRA","CERREJON ZONA NORTE S.A.","TEUS vacios","39",,,,,,"2.020","6"
"BUENAVENTURA","SOCIEDAD PORTUARIA TERMINAL DE CONTENEDORES DE BUENAVENTURA S.A.","TEUS vacios","2.677","496","1.852",,,,"2.020","6"
"CARTAGENA","COMPAÑIA DE PUERTOS ASOCIADOS S.A.","TEUS vacios","260","534","59","116",,,"2.020","6"
"CARTAGENA","SOCIEDAD PORTUARIA PUERTO BAHIA SA","TEUS llenos",,"16",,,,"7","2.020","6"
"BARRANQUILLA","PALERMO SOCIEDAD PORTUARIA S.A","TEUS vacios",,"32",,,,,"2.020","6"
"CARTAGENA","TERMINAL DE CONTENEDORES DE CARTAGENA S. A.","TEUS llenos","11.966","13.437","91.715",,,"3.856","2.020","6"
"TURBO","C.I. UNIÓN DE BANANEROS DE URABA S.A. - UNIBAN","TEUS llenos","833","276",,,,"2.060","2.020","6"
"CARTAGENA","SOCIEDAD PORTUARIA REGIONAL DE CARTAGENA SA","TEUS vacios","2.077","446","5.679",,,"421","2.020","6"
"BUENAVENTURA","SOCIEDAD PORTUARIA REGIONAL DE BUENAVENTURA S.A","TEUS llenos","8.140","8.278","1.781",,,,"2.020","6"
"CARTAGENA","SOCIEDAD PORTUARIA TRANSMARSYP S.A.","TEUS llenos",,,,,,"209","2.020","6"
"SAN ANDRES","SAN ANDRES PORT SOCIETY SA","TEUS vacios","155","1",,,,"313","2.020","6"
"BUENAVENTURA","SOCIEDAD PUERTO INDUSTRIAL AGUADULCE S.A.","TEUS llenos","2.982","14.264",,,,"583","2.020","7"
"TURBO","C.I. UNIÓN DE BANANEROS DE URABA S.A. - UNIBAN","TEUS vacios","3.595",,,,,,"2.020","7"
"BUENAVENTURA","SOCIEDAD PUERTO INDUSTRIAL AGUADULCE S.A.","TEUS vacios","6.748","318",,,,"144","2.020","7"
"TURBO","C.I. UNIÓN DE BANANEROS DE URABA S.A. - UNIBAN","TEUS llenos","1.036","362",,,,"2.697","2.020","7"
"BARRANQUILLA","SOCIEDAD PORTUARIA REGIONAL DE BARRANQUILLA S.A.","TEUS llenos","3.647","3.821","13","53",,"43","2.020","7"
"CARTAGENA","TERMINAL DE CONTENEDORES DE CARTAGENA S. A.","TEUS llenos","12.847","14.356","97.744",,,"3.910","2.020","7"
"BARRANQUILLA","PALERMO SOCIEDAD PORTUARIA S.A","TEUS vacios",,"48",,,,,"2.020","7"
"CARTAGENA","SOCIEDAD PORTUARIA REGIONAL DE CARTAGENA SA","TEUS llenos","9.365","9.549","38.923",,,"1.240","2.020","7"
"CARTAGENA","SOCIEDAD PORTUARIA REGIONAL DE CARTAGENA SA","TEUS vacios","2.631","2.564","9.658",,,"786","2.020","7"
"BUENAVENTURA","SOCIEDAD PORTUARIA TERMINAL DE CONTENEDORES DE BUENAVENTURA S.A.","TEUS vacios","2.472","380","3.004",,,,"2.020","7"
"BARRANQUILLA","SOCIEDAD PORTUARIA REGIONAL DE BARRANQUILLA S.A.","TEUS vacios","1.201","1.525",,,,"789","2.020","7"
"CARTAGENA","COMPAÑIA DE PUERTOS ASOCIADOS S.A.","TEUS vacios","98","367","180","151",,,"2.020","7"
"CARTAGENA","SOCIEDAD PORTUARIA TRANSMARSYP S.A.","TEUS vacios",,,,,,"22","2.020","7"
"GUAJIRA","CERREJON ZONA NORTE S.A.","TEUS llenos","2","32",,,,,"2.020","7"
"CARTAGENA","COMPAÑIA DE PUERTOS ASOCIADOS S.A.","TEUS llenos","1.244","929","373","1.769",,,"2.020","7"
"GUAJIRA","CERREJON ZONA NORTE S.A.","TEUS vacios","37",,,,,,"2.020","7"
"BUENAVENTURA","SOCIEDAD PORTUARIA TERMINAL DE CONTENEDORES DE BUENAVENTURA S.A.","TEUS llenos","4.580","9.112","912",,,,"2.020","7"
"SAN ANDRES","SAN ANDRES PORT SOCIETY SA","TEUS vacios","95",,,,,"461","2.020","7"
"CARTAGENA","SOCIEDAD PORTUARIA TRANSMARSYP S.A.","TEUS llenos",,,,,,"291","2.020","7"
"BUENAVENTURA","SOCIEDAD PORTUARIA REGIONAL DE BUENAVENTURA S.A","TEUS llenos","8.093","11.706","2.298",,,,"2.020","7"
"CARTAGENA","PUERTO DE MAMONAL S.A.","TEUS llenos",,"3",,,,,"2.020","7"
"CARTAGENA","TERMINAL DE CONTENEDORES DE CARTAGENA S. A.","TEUS vacios","3.164","2.527","16.730",,,"385","2.020","7"
"CARTAGENA","SOCIEDAD PORTUARIA PUERTO BAHIA SA","TEUS llenos",,"26",,,,"6","2.020","7"
"BUENAVENTURA","SOCIEDAD PORTUARIA REGIONAL DE BUENAVENTURA S.A","TEUS vacios","5.176","659","501",,,,"2.020","7"
"CARTAGENA","SOCIEDAD PORTUARIA PUERTO BAHIA SA","TEUS vacios",,,"70",,,,"2.020","7"
"SANTA MARTA","SOCIEDAD PORTUARIA REGIONAL DE SANTA MARTA SA","TEUS vacios","848","1.282","38",,,"1.867","2.020","7"
"TURBO","PROMOTORA BANANERA S.A","TEUS llenos","532",,,,,"426","2.020","7"
"SAN ANDRES","SAN ANDRES PORT SOCIETY SA","TEUS llenos","1","98",,,,"489","2.020","7"
"TURBO","C.I. UNIÓN DE BANANEROS DE URABA S.A. - UNIBAN","TEUS vacios","4.857",,,,,,"2.020","8"
"GUAJIRA","CERREJON ZONA NORTE S.A.","TEUS vacios",,"39",,,,,"2.020","8"
"CARTAGENA","TERMINAL DE CONTENEDORES DE CARTAGENA S. A.","TEUS llenos","14.467","19.062","118.530",,,"5.105","2.020","8"
"CARTAGENA","SOCIEDAD PORTUARIA PUERTO BAHIA SA","TEUS llenos",,"4","6",,,"22","2.020","8"
"CARTAGENA","PUERTO DE MAMONAL S.A.","TEUS llenos","7","1",,,,,"2.020","8"
"CARTAGENA","SOCIEDAD PORTUARIA REGIONAL DE CARTAGENA SA","TEUS vacios","2.356","1.550","8.093",,,"902","2.020","8"
"BUENAVENTURA","SOCIEDAD PORTUARIA REGIONAL DE BUENAVENTURA S.A","TEUS llenos","10.305","14.438","1.723",,,,"2.020","8"
"SAN ANDRES","SAN ANDRES PORT SOCIETY SA","TEUS llenos","1","94",,,,"408","2.020","8"
"BUENAVENTURA","SOCIEDAD PORTUARIA TERMINAL DE CONTENEDORES DE BUENAVENTURA S.A.","TEUS llenos","5.560","9.893","1.552",,,,"2.020","8"
"CARTAGENA","COMPAÑIA DE PUERTOS ASOCIADOS S.A.","TEUS vacios","46","124","184","486",,,"2.020","8"
"BUENAVENTURA","SOCIEDAD PORTUARIA TERMINAL DE CONTENEDORES DE BUENAVENTURA S.A.","TEUS vacios","4.428","791","900",,,,"2.020","8"
"BUENAVENTURA","SOCIEDAD PUERTO INDUSTRIAL AGUADULCE S.A.","TEUS vacios","7.065",,,,,"40","2.020","8"
"CARTAGENA","SOCIEDAD PORTUARIA TRANSMARSYP S.A.","TEUS llenos",,,,,,"284","2.020","8"
"BUENAVENTURA","SOCIEDAD PUERTO INDUSTRIAL AGUADULCE S.A.","TEUS llenos","2.979","15.580",,,,"1.093","2.020","8"
"TURBO","C.I. UNIÓN DE BANANEROS DE URABA S.A. - UNIBAN","TEUS llenos","1.091","361",,,,"3.490","2.020","8"
"GUAJIRA","CERREJON ZONA NORTE S.A.","TEUS llenos",,"34",,,,,"2.020","8"
"BARRANQUILLA","SOCIEDAD PORTUARIA REGIONAL DE BARRANQUILLA S.A.","TEUS vacios","747","1.374",,,,"1.319","2.020","8"
"CARTAGENA","COMPAÑIA DE PUERTOS ASOCIADOS S.A.","TEUS llenos","1.171","1.138","303","1.496",,,"2.020","8"
"SAN ANDRES","SAN ANDRES PORT SOCIETY SA","TEUS vacios","98",,,,,"432","2.020","8"
"CARTAGENA","TERMINAL DE CONTENEDORES DE CARTAGENA S. A.","TEUS vacios","5.197","1.577","18.467",,,"1.238","2.020","8"
"CARTAGENA","SOCIEDAD PORTUARIA PUERTO BAHIA SA","TEUS vacios",,,"54",,,,"2.020","8"
"SANTA MARTA","SOCIEDAD PORTUARIA REGIONAL DE SANTA MARTA SA","TEUS vacios","1.973","1.628","20",,,"1.948","2.020","8"
"BARRANQUILLA","SOCIEDAD PORTUARIA REGIONAL DE BARRANQUILLA S.A.","TEUS llenos","4.801","4.636","7","24",,"28","2.020","8"
"BUENAVENTURA","SOCIEDAD PORTUARIA REGIONAL DE BUENAVENTURA S.A","TEUS vacios","6.604","1.037","405",,,,"2.020","8"
"TURBO","PROMOTORA BANANERA S.A","TEUS llenos","464",,,,,"396","2.020","8"
"BARRANQUILLA","PALERMO SOCIEDAD PORTUARIA S.A","TEUS vacios",,"34",,,,,"2.020","8"
"CARTAGENA","SOCIEDAD PORTUARIA TRANSMARSYP S.A.","TEUS vacios",,,,,,"18","2.020","8"
"CARTAGENA","SOCIEDAD PORTUARIA REGIONAL DE CARTAGENA SA","TEUS llenos","8.565","8.955","38.107",,,"1.841","2.020","8"
"TURBO","C.I. UNIÓN DE BANANEROS DE URABA S.A. - UNIBAN","TEUS llenos","1.577","452",,,,"3.268","2.020","9"
"BARRANQUILLA","SOCIEDAD PORTUARIA REGIONAL DE BARRANQUILLA S.A.","TEUS llenos","4.042","5.159",,"5",,,"2.020","9"
"CARTAGENA","TERMINAL DE CONTENEDORES DE CARTAGENA S. A.","TEUS llenos","15.850","18.484","120.884",,,"4.856","2.020","9"
"SAN ANDRES","SAN ANDRES PORT SOCIETY SA","TEUS vacios","122",,,,,"501","2.020","9"
"CARTAGENA","SOCIEDAD PORTUARIA TRANSMARSYP S.A.","TEUS llenos",,,,,,"236","2.020","9"
"BUENAVENTURA","SOCIEDAD PORTUARIA TERMINAL DE CONTENEDORES DE BUENAVENTURA S.A.","TEUS llenos","3.762","9.461","1.509",,,,"2.020","9"
"CARTAGENA","TERMINAL DE CONTENEDORES DE CARTAGENA S. A.","TEUS vacios","5.612","2.199","19.087",,,"1.031","2.020","9"
"SAN ANDRES","SAN ANDRES PORT SOCIETY SA","TEUS llenos",,"96",,,,"475","2.020","9"
"BUENAVENTURA","SOCIEDAD PORTUARIA TERMINAL DE CONTENEDORES DE BUENAVENTURA S.A.","TEUS vacios","3.468","300","874",,,,"2.020","9"
"CARTAGENA","SOCIEDAD PORTUARIA REGIONAL DE CARTAGENA SA","TEUS llenos","7.686","9.239","30.862",,,"1.690","2.020","9"
"CARTAGENA","SOCIEDAD PORTUARIA PUERTO BAHIA SA","TEUS vacios",,,"58",,,,"2.020","9"
"BUENAVENTURA","SOCIEDAD PUERTO INDUSTRIAL AGUADULCE S.A.","TEUS llenos","2.727","16.147",,,,"2.201","2.020","9"
"CARTAGENA","SOCIEDAD PORTUARIA PUERTO BAHIA SA","TEUS llenos",,"44","4",,,,"2.020","9"
"TURBO","PROMOTORA BANANERA S.A","TEUS llenos","548",,,,,"390","2.020","9"
"BUENAVENTURA","SOCIEDAD PORTUARIA REGIONAL DE BUENAVENTURA S.A","TEUS vacios","4.111","296","12",,,,"2.020","9"
"BARRANCABERMEJA","SOCIEDAD PORTUARIA IMPALA TERMINALS BARRANCABERMEJA S.A.","TEUS vacios",,,,,"120",,"2.020","9"
"SANTA MARTA","SOCIEDAD PORTUARIA REGIONAL DE SANTA MARTA SA","TEUS llenos","4.578",,,,,,"2.020","9"
"TURBO","C.I. UNIÓN DE BANANEROS DE URABA S.A. - UNIBAN","TEUS vacios","6.200",,,,,,"2.020","9"
"SANTA MARTA","SOCIEDAD PORTUARIA REGIONAL DE SANTA MARTA SA","TEUS vacios","2.277","1.469","4",,,"2.254","2.020","9"
"CARTAGENA","COMPAÑIA DE PUERTOS ASOCIADOS S.A.","TEUS llenos","1.170","973","452","1.724",,,"2.020","9"
"BUENAVENTURA","SOCIEDAD PORTUARIA REGIONAL DE BUENAVENTURA S.A","TEUS llenos","9.911","10.278","2.001",,,,"2.020","9"
"CARTAGENA","COMPAÑIA DE PUERTOS ASOCIADOS S.A.","TEUS vacios","277","46","166","1.115",,,"2.020","9"
"BUENAVENTURA","SOCIEDAD PUERTO INDUSTRIAL AGUADULCE S.A.","TEUS vacios","10.185","8",,,,"122","2.020","9"
"BARRANQUILLA","SOCIEDAD PORTUARIA REGIONAL DE BARRANQUILLA S.A.","TEUS vacios","1.552","1.769",,,,"825","2.020","9"
"CARTAGENA","SOCIEDAD PORTUARIA REGIONAL DE CARTAGENA SA","TEUS vacios","3.265","1.582","6.894",,,"1.264","2.020","9"
"CARTAGENA","SOCIEDAD PORTUARIA TRANSMARSYP S.A.","TEUS vacios",,,,,,"27","2.020","9"
"BARRANQUILLA","PALERMO SOCIEDAD PORTUARIA S.A","TEUS llenos","8","16",,,,,"2.020","9"
"BARRANQUILLA","PALERMO SOCIEDAD PORTUARIA S.A","TEUS vacios",,"48",,,,,"2.020","9"
"BARRANQUILLA","SOCIEDAD PORTUARIA REGIONAL DE BARRANQUILLA S.A.","TEUS vacios","1.615","1.124",,,,"467","2.020","10"
"BARRANQUILLA","PALERMO SOCIEDAD PORTUARIA S.A","TEUS llenos","2","8",,,,,"2.020","10"
"BUENAVENTURA","SOCIEDAD PORTUARIA REGIONAL DE BUENAVENTURA S.A","TEUS llenos","10.628","14.462","1.840",,,,"2.020","10"
"BUENAVENTURA","SOCIEDAD PORTUARIA TERMINAL DE CONTENEDORES DE BUENAVENTURA S.A.","TEUS llenos","5.699","12.916","1.846",,,,"2.020","10"
"CARTAGENA","COMPAÑIA DE PUERTOS ASOCIADOS S.A.","TEUS llenos","1.384","1.041","532","2.612",,,"2.020","10"
"CARTAGENA","TERMINAL DE CONTENEDORES DE CARTAGENA S. A.","TEUS vacios","5.325","1.653","20.044",,,"1.191","2.020","10"
"CARTAGENA","SOCIEDAD PORTUARIA TRANSMARSYP S.A.","TEUS vacios",,,,,,"32","2.020","10"
"TURBO","C.I. UNIÓN DE BANANEROS DE URABA S.A. - UNIBAN","TEUS llenos","1.569","435",,,,"4.223","2.020","10"
"SAN ANDRES","SAN ANDRES PORT SOCIETY SA","TEUS vacios","96",,,,,"342","2.020","10"
"BUENAVENTURA","SOCIEDAD PUERTO INDUSTRIAL AGUADULCE S.A.","TEUS llenos","4.877","16.572",,,,"763","2.020","10"
"BARRANQUILLA","PALERMO SOCIEDAD PORTUARIA S.A","TEUS vacios","2","46",,,,,"2.020","10"
"CARTAGENA","SOCIEDAD PORTUARIA PUERTO BAHIA SA","TEUS vacios",,,"8",,,,"2.020","10"
"CARTAGENA","SOCIEDAD PORTUARIA REGIONAL DE CARTAGENA SA","TEUS vacios","3.767","1.542","4.347",,,"1.408","2.020","10"
"BARRANQUILLA","SOCIEDAD PORTUARIA REGIONAL DE BARRANQUILLA S.A.","TEUS llenos","3.936","5.094","4","4",,,"2.020","10"
"CARTAGENA","SOCIEDAD PORTUARIA TRANSMARSYP S.A.","TEUS llenos",,,,,,"322","2.020","10"
"CARTAGENA","SOCIEDAD PORTUARIA REGIONAL DE CARTAGENA SA","TEUS llenos","8.622","11.352","33.608",,,"2.029","2.020","10"
"SAN ANDRES","SAN ANDRES PORT SOCIETY SA","TEUS llenos","19","85",,,,"404","2.020","10"
"SANTA MARTA","SOCIEDAD PORTUARIA REGIONAL DE SANTA MARTA SA","TEUS vacios","1.767","1.138","3",,,"2.587","2.020","10"
"BUENAVENTURA","SOCIEDAD PORTUARIA TERMINAL DE CONTENEDORES DE BUENAVENTURA S.A.","TEUS vacios","3.727","509","446",,,,"2.020","10"
"TURBO","C.I. UNIÓN DE BANANEROS DE URABA S.A. - UNIBAN","TEUS vacios","5.476",,,,,,"2.020","10"
"CARTAGENA","SOCIEDAD PORTUARIA PUERTO BAHIA SA","TEUS llenos",,"8",,,,,"2.020","10"
"CARTAGENA","COMPAÑIA DE PUERTOS ASOCIADOS S.A.","TEUS vacios","98","44","60","642",,,"2.020","10"
"CARTAGENA","TERMINAL DE CONTENEDORES DE CARTAGENA S. A.","TEUS llenos","16.107","20.969","120.892",,,"5.057","2.020","10"
"TURBO","PROMOTORA BANANERA S.A","TEUS llenos","644",,,,,"524","2.020","10"
"BUENAVENTURA","SOCIEDAD PUERTO INDUSTRIAL AGUADULCE S.A.","TEUS vacios","9.498",,,,,"91","2.020","10"
"BUENAVENTURA","SOCIEDAD PORTUARIA REGIONAL DE BUENAVENTURA S.A","TEUS vacios","6.540","649",,,,,"2.020","10"
"CARTAGENA","COMPAÑIA DE PUERTOS ASOCIADOS S.A.","TEUS llenos","1.325","1.193","416","2.181",,,"2.020","11"
"CARTAGENA","COMPAÑIA DE PUERTOS ASOCIADOS S.A.","TEUS vacios","66","19","85","964",,,"2.020","11"
"BUENAVENTURA","SOCIEDAD PORTUARIA REGIONAL DE BUENAVENTURA S.A","TEUS vacios","6.977","1.169","602",,,,"2.020","11"
"BUENAVENTURA","SOCIEDAD PUERTO INDUSTRIAL AGUADULCE S.A.","TEUS llenos","2.669","16.097",,,,"748","2.020","11"
"TURBO","C.I. UNIÓN DE BANANEROS DE URABA S.A. - UNIBAN","TEUS llenos","1.397","283",,,,"2.698","2.020","11"
"TURBO","C.I. UNIÓN DE BANANEROS DE URABA S.A. - UNIBAN","TEUS vacios","3.642",,,,,,"2.020","11"
"BUENAVENTURA","SOCIEDAD PORTUARIA TERMINAL DE CONTENEDORES DE BUENAVENTURA S.A.","TEUS llenos","5.610","13.710","1.806",,,,"2.020","11"
"BUENAVENTURA","SOCIEDAD PORTUARIA TERMINAL DE CONTENEDORES DE BUENAVENTURA S.A.","TEUS vacios","5.947","458","78",,,,"2.020","11"
"CARTAGENA","PUERTO DE MAMONAL S.A.","TEUS llenos","18","17",,,,,"2.020","11"
"BARRANQUILLA","PALERMO SOCIEDAD PORTUARIA S.A","TEUS vacios","8","4",,,,,"2.020","11"
"CARTAGENA","SOCIEDAD PORTUARIA TRANSMARSYP S.A.","TEUS llenos",,,,,,"223","2.020","11"
"CARTAGENA","SOCIEDAD PORTUARIA TRANSMARSYP S.A.","TEUS vacios",,,,,,"13","2.020","11"
"TURBO","PROMOTORA BANANERA S.A","TEUS llenos","494",,,,,"400","2.020","11"
"BUENAVENTURA","SOCIEDAD PUERTO INDUSTRIAL AGUADULCE S.A.","TEUS vacios","11.155",,,,,"96","2.020","11"
"BARRANQUILLA","SOCIEDAD PORTUARIA REGIONAL DE BARRANQUILLA S.A.","TEUS llenos","4.366","4.996",,,,,"2.020","11"
"CARTAGENA","SOCIEDAD PORTUARIA REGIONAL DE CARTAGENA SA","TEUS llenos","8.003","9.839","34.658",,,"1.634","2.020","11"
"SAN ANDRES","SAN ANDRES PORT SOCIETY SA","TEUS vacios","136",,,,,"444","2.020","11"
"CARTAGENA","SOCIEDAD PORTUARIA PUERTO BAHIA SA","TEUS vacios",,,"70",,,,"2.020","11"
"CARTAGENA","TERMINAL DE CONTENEDORES DE CARTAGENA S. A.","TEUS llenos","15.071","21.993","116.945",,,"5.170","2.020","11"
"SANTA MARTA","SOCIEDAD PORTUARIA REGIONAL DE SANTA MARTA SA","TEUS vacios","272","1.395","12",,,"1.756","2.020","11"
"CARTAGENA","TERMINAL DE CONTENEDORES DE CARTAGENA S. A.","TEUS vacios","8.376","2.045","20.753",,,"1.691","2.020","11"
"CARTAGENA","SOCIEDAD PORTUARIA PUERTO BAHIA SA","TEUS llenos",,"30",,,,,"2.020","11"
"BARRANQUILLA","PALERMO SOCIEDAD PORTUARIA S.A","TEUS llenos","4","26",,,,,"2.020","11"
"CARTAGENA","SOCIEDAD PORTUARIA REGIONAL DE CARTAGENA SA","TEUS vacios","2.515","1.071","4.847",,,"1.378","2.020","11"
"BUENAVENTURA","SOCIEDAD PORTUARIA REGIONAL DE BUENAVENTURA S.A","TEUS llenos","11.325","17.689","1.655",,,,"2.020","11"
"SAN ANDRES","SAN ANDRES PORT SOCIETY SA","TEUS llenos",,"97",,,,"465","2.020","11"
"BARRANQUILLA","SOCIEDAD PORTUARIA REGIONAL DE BARRANQUILLA S.A.","TEUS vacios","1.706","859",,,,"911","2.020","11"
"BUENAVENTURA","SOCIEDAD PUERTO INDUSTRIAL AGUADULCE S.A.","TEUS vacios","6.852","616",,,,"83","2.020","12"
"TURBO","C.I. UNIÓN DE BANANEROS DE URABA S.A. - UNIBAN","TEUS llenos","1.340","367",,,,"3.074","2.020","12"
"CARTAGENA","COMPAÑIA DE PUERTOS ASOCIADOS S.A.","TEUS vacios","69","121","52","321",,,"2.020","12"
"BUENAVENTURA","SOCIEDAD PORTUARIA TERMINAL DE CONTENEDORES DE BUENAVENTURA S.A.","TEUS vacios","3.614","384","43",,,,"2.020","12"
"BUENAVENTURA","SOCIEDAD PORTUARIA TERMINAL DE CONTENEDORES DE BUENAVENTURA S.A.","TEUS llenos","4.611","10.892","1.421",,,,"2.020","12"
"BUENAVENTURA","SOCIEDAD PORTUARIA REGIONAL DE BUENAVENTURA S.A","TEUS vacios","7.483","512","6",,,,"2.020","12"
"CARTAGENA","TERMINAL DE CONTENEDORES DE CARTAGENA S. A.","TEUS llenos","16.092","24.452","125.653",,,"6.625","2.020","12"
"BARRANCABERMEJA","SOCIEDAD PORTUARIA IMPALA TERMINALS BARRANCABERMEJA S.A.","TEUS llenos",,,,,"4",,"2.020","12"
"BUENAVENTURA","SOCIEDAD PUERTO INDUSTRIAL AGUADULCE S.A.","TEUS llenos","5.480","17.668",,,,"520","2.020","12"
"CARTAGENA","PUERTO DE MAMONAL S.A.","TEUS llenos","4","7",,,,,"2.020","12"
"TURBO","C.I. UNIÓN DE BANANEROS DE URABA S.A. - UNIBAN","TEUS vacios","5.074",,,,,,"2.020","12"
"SAN ANDRES","SAN ANDRES PORT SOCIETY SA","TEUS vacios","212",,,,,"647","2.020","12"
"CARTAGENA","SOCIEDAD PORTUARIA PUERTO BAHIA SA","TEUS llenos",,"40",,,,,"2.020","12"
"BARRANQUILLA","PALERMO SOCIEDAD PORTUARIA S.A","TEUS llenos","4","8",,,,,"2.020","12"
"CARTAGENA","SOCIEDAD PORTUARIA REGIONAL DE CARTAGENA SA","TEUS vacios","3.511","1.738","6.899",,,"1.551","2.020","12"
"CARTAGENA","SOCIEDAD PORTUARIA REGIONAL DE CARTAGENA SA","TEUS llenos","7.929","8.834","30.950",,,"1.582","2.020","12"
"BARRANQUILLA","PALERMO SOCIEDAD PORTUARIA S.A","TEUS vacios",,"24",,,,,"2.020","12"
"TURBO","PROMOTORA BANANERA S.A","TEUS llenos","526",,,,,"674","2.020","12"
"BARRANCABERMEJA","SOCIEDAD PORTUARIA IMPALA TERMINALS BARRANCABERMEJA S.A.","TEUS vacios",,,,,"40",,"2.020","12"
"SAN ANDRES","SAN ANDRES PORT SOCIETY SA","TEUS llenos","7","251",,,,"791","2.020","12"
"BARRANQUILLA","SOCIEDAD PORTUARIA REGIONAL DE BARRANQUILLA S.A.","TEUS vacios","1.334","1.131",,,,"1.198","2.020","12"
"CARTAGENA","COMPAÑIA DE PUERTOS ASOCIADOS S.A.","TEUS llenos","1.626","1.440","304","2.195",,,"2.020","12"
"CARTAGENA","SOCIEDAD PORTUARIA TRANSMARSYP S.A.","TEUS llenos",,,,,,"373","2.020","12"
"CARTAGENA","SOCIEDAD PORTUARIA PUERTO BAHIA SA","TEUS vacios",,,"100",,,,"2.020","12"
"SANTA MARTA","SOCIEDAD PORTUARIA REGIONAL DE SANTA MARTA SA","TEUS vacios","136","1.430","8",,,"1.731","2.020","12"
"CARTAGENA","SOCIEDAD PORTUARIA TRANSMARSYP S.A.","TEUS vacios",,,,,,"44","2.020","12"
"BUENAVENTURA","SOCIEDAD PORTUARIA REGIONAL DE BUENAVENTURA S.A","TEUS llenos","10.864","16.239","9.050",,,,"2.020","12"
"BARRANQUILLA","SOCIEDAD PORTUARIA REGIONAL DE BARRANQUILLA S.A.","TEUS llenos","4.247","5.380",,"57",,"53","2.020","12"
"CARTAGENA","TERMINAL DE CONTENEDORES DE CARTAGENA S. A.","TEUS vacios","8.606","1.252","19.717",,,"1.410","2.020","12"
"CARTAGENA","SOCIEDAD PORTUARIA TRANSMARSYP S.A.","TEUS vacios",,,,,,"29","2.021","1"
"BARRANCABERMEJA","SOCIEDAD PORTUARIA IMPALA TERMINALS BARRANCABERMEJA S.A.","TEUS vacios",,,,,"40",,"2.021","1"
"BARRANCABERMEJA","SOCIEDAD PORTUARIA IMPALA TERMINALS BARRANCABERMEJA S.A.","TEUS llenos",,,,,"10",,"2.021","1"
"SAN ANDRES","SAN ANDRES PORT SOCIETY SA","TEUS vacios","135",,,,,"589","2.021","1"
"TURBO","C.I. UNIÓN DE BANANEROS DE URABA S.A. - UNIBAN","TEUS llenos","1.582","201",,,,"2.715","2.021","1"
"CARTAGENA","TERMINAL DE CONTENEDORES DE CARTAGENA S. A.","TEUS vacios","9.981","1.115","11.707",,,"1.232","2.021","1"
"CARTAGENA","SOCIEDAD PORTUARIA REGIONAL DE CARTAGENA SA","TEUS vacios","4.329","1.668","9.557",,,"1.864","2.021","1"
"BARRANQUILLA","PALERMO SOCIEDAD PORTUARIA S.A","TEUS vacios",,"8",,,,,"2.021","1"
"BUENAVENTURA","SOCIEDAD PORTUARIA REGIONAL DE BUENAVENTURA S.A","TEUS vacios","6.281","587",,,,,"2.021","1"
"BUENAVENTURA","SOCIEDAD PUERTO INDUSTRIAL AGUADULCE S.A.","TEUS vacios","12.006",,,,,,"2.021","1"
"CARTAGENA","SOCIEDAD PORTUARIA TRANSMARSYP S.A.","TEUS llenos",,,,,,"351","2.021","1"
"BUENAVENTURA","SOCIEDAD PORTUARIA REGIONAL DE BUENAVENTURA S.A","TEUS llenos","7.366","13.450","6.618",,,,"2.021","1"
"BARRANQUILLA","SOCIEDAD PORTUARIA REGIONAL DE BARRANQUILLA S.A.","TEUS llenos","4.219","4.488","2","58",,"27","2.021","1"
"CARTAGENA","COMPAÑIA DE PUERTOS ASOCIADOS S.A.","TEUS llenos","1.272","1.261","242","2.459",,,"2.021","1"
"BUENAVENTURA","SOCIEDAD PORTUARIA TERMINAL DE CONTENEDORES DE BUENAVENTURA S.A.","TEUS llenos","3.322","7.514","1.883",,,,"2.021","1"
"GUAJIRA","CERREJON ZONA NORTE S.A.","TEUS llenos","7","80",,,,,"2.021","1"
"CARTAGENA","SOCIEDAD PORTUARIA PUERTO BAHIA SA","TEUS vacios",,,"34",,,,"2.021","1"
"CARTAGENA","COMPAÑIA DE PUERTOS ASOCIADOS S.A.","TEUS vacios","395","6","108","1.112",,,"2.021","1"
"SANTA MARTA","SOCIEDAD PORTUARIA REGIONAL DE SANTA MARTA SA","TEUS vacios","815","1.402","63",,,"2.318","2.021","1"
"BUENAVENTURA","SOCIEDAD PUERTO INDUSTRIAL AGUADULCE S.A.","TEUS llenos","2.743","17.448",,,,"325","2.021","1"
"CARTAGENA","SOCIEDAD PORTUARIA REGIONAL DE CARTAGENA SA","TEUS llenos","8.291","10.079","27.526",,,"1.515","2.021","1"
"TURBO","C.I. UNIÓN DE BANANEROS DE URABA S.A. - UNIBAN","TEUS vacios","633","4.469",,,,,"2.021","1"
"CARTAGENA","TERMINAL DE CONTENEDORES DE CARTAGENA S. A.","TEUS llenos","13.610","23.573","115.636",,,"6.818","2.021","1"
"GUAJIRA","CERREJON ZONA NORTE S.A.","TEUS vacios","86",,,,,,"2.021","1"
"BUENAVENTURA","SOCIEDAD PORTUARIA TERMINAL DE CONTENEDORES DE BUENAVENTURA S.A.","TEUS vacios","7.244","4",,,,,"2.021","1"
"SAN ANDRES","SAN ANDRES PORT SOCIETY SA","TEUS llenos",,"122",,,,"812","2.021","1"
"TURBO","PROMOTORA BANANERA S.A","TEUS llenos","482",,,,,"478","2.021","1"
"BARRANQUILLA","SOCIEDAD PORTUARIA REGIONAL DE BARRANQUILLA S.A.","TEUS vacios","1.436","1.227",,,,"1.175","2.021","1"
"BARRANQUILLA","PALERMO SOCIEDAD PORTUARIA S.A","TEUS llenos",,"14",,,,,"2.021","1"
"BUENAVENTURA","SOCIEDAD PORTUARIA REGIONAL DE BUENAVENTURA S.A","TEUS llenos","12.054","20.064","4.792",,,,"2.021","2"
"BUENAVENTURA","SOCIEDAD PORTUARIA TERMINAL DE CONTENEDORES DE BUENAVENTURA S.A.","TEUS llenos","5.638","13.152","1.191",,,,"2.021","2"
"SAN ANDRES","SAN ANDRES PORT SOCIETY SA","TEUS vacios","152",,,,,"629","2.021","2"
"BARRANQUILLA","SOCIEDAD PORTUARIA REGIONAL DE BARRANQUILLA S.A.","TEUS vacios","1.416","1.200",,,,"601","2.021","2"
"CARTAGENA","SOCIEDAD PORTUARIA TRANSMARSYP S.A.","TEUS llenos",,,,,,"308","2.021","2"
"SANTA MARTA","SOCIEDAD PORTUARIA REGIONAL DE SANTA MARTA SA","TEUS vacios","161","1.379","2",,,"1.921","2.021","2"
"TURBO","PROMOTORA BANANERA S.A","TEUS llenos","586",,,,,"590","2.021","2"
"CARTAGENA","TERMINAL DE CONTENEDORES DE CARTAGENA S. A.","TEUS llenos","14.919","18.512","107.313",,,"5.807","2.021","2"
"CARTAGENA","SOCIEDAD PORTUARIA PUERTO BAHIA SA","TEUS llenos",,"44",,,,,"2.021","2"
"CARTAGENA","SOCIEDAD PORTUARIA REGIONAL DE CARTAGENA SA","TEUS llenos","8.208","9.619","28.713",,,"1.488","2.021","2"
"CARTAGENA","COMPAÑIA DE PUERTOS ASOCIADOS S.A.","TEUS llenos","1.099","1.086","259","2.172",,,"2.021","2"
"BUENAVENTURA","SOCIEDAD PORTUARIA TERMINAL DE CONTENEDORES DE BUENAVENTURA S.A.","TEUS vacios","5.773","108","200",,,,"2.021","2"
"CARTAGENA","SOCIEDAD PORTUARIA TRANSMARSYP S.A.","TEUS vacios",,,,,,"35","2.021","2"
"CARTAGENA","COMPAÑIA DE PUERTOS ASOCIADOS S.A.","TEUS vacios","181","29","139","962",,,"2.021","2"
"BUENAVENTURA","SOCIEDAD PORTUARIA REGIONAL DE BUENAVENTURA S.A","TEUS vacios","9.936","205","170",,,,"2.021","2"
"TURBO","C.I. UNIÓN DE BANANEROS DE URABA S.A. - UNIBAN","TEUS vacios","545","4.562",,,,,"2.021","2"
"GUAJIRA","CERREJON ZONA NORTE S.A.","TEUS vacios","51",,,,,,"2.021","2"
"TURBO","C.I. UNIÓN DE BANANEROS DE URABA S.A. - UNIBAN","TEUS llenos","1.690","344",,,,"2.732","2.021","2"
"BARRANQUILLA","SOCIEDAD PORTUARIA REGIONAL DE BARRANQUILLA S.A.","TEUS llenos","4.638","4.297","1","5",,,"2.021","2"
"CARTAGENA","TERMINAL DE CONTENEDORES DE CARTAGENA S. A.","TEUS vacios","6.048","1.813","17.572",,,"1.600","2.021","2"
"BUENAVENTURA","SOCIEDAD PUERTO INDUSTRIAL AGUADULCE S.A.","TEUS llenos","3.111","13.034",,,,"319","2.021","2"
"CARTAGENA","SOCIEDAD PORTUARIA REGIONAL DE CARTAGENA SA","TEUS vacios","3.085","1.754","6.018",,,"1.638","2.021","2"
"SAN ANDRES","SAN ANDRES PORT SOCIETY SA","TEUS llenos",,"93",,,,"645","2.021","2"
"GUAJIRA","CERREJON ZONA NORTE S.A.","TEUS llenos","1","49",,,,,"2.021","2"
"BUENAVENTURA","SOCIEDAD PUERTO INDUSTRIAL AGUADULCE S.A.","TEUS vacios","9.436","212",,,,"300","2.021","2"
"CARTAGENA","PUERTO DE MAMONAL S.A.","TEUS llenos",,"26",,,,,"2.021","2"
"BARRANQUILLA","PALERMO SOCIEDAD PORTUARIA S.A","TEUS vacios",,"36",,,,,"2.021","2"
"BARRANQUILLA","PALERMO SOCIEDAD PORTUARIA S.A","TEUS llenos","4","6",,,,,"2.021","2"
"CARTAGENA","SOCIEDAD PORTUARIA PUERTO BAHIA SA","TEUS vacios",,,"88",,,,"2.021","2"
"BUENAVENTURA","SOCIEDAD PORTUARIA REGIONAL DE BUENAVENTURA S.A","TEUS llenos","10.037","17.937","1.845",,,,"2.021","3"
"CARTAGENA","PUERTO DE MAMONAL S.A.","TEUS llenos",,"1",,,,,"2.021","3"
"BARRANQUILLA","SOCIEDAD PORTUARIA REGIONAL DE BARRANQUILLA S.A.","TEUS llenos","4.890","5.133","2","19",,"14","2.021","3"
"BARRANQUILLA","SOCIEDAD PORTUARIA REGIONAL DE BARRANQUILLA S.A.","TEUS vacios","1.223","1.383",,,,"660","2.021","3"
"CARTAGENA","COMPAÑIA DE PUERTOS ASOCIADOS S.A.","TEUS vacios","52","444","296","776",,,"2.021","3"
"TURBO","C.I. UNIÓN DE BANANEROS DE URABA S.A. - UNIBAN","TEUS vacios","498","4.984",,,,,"2.021","3"
"CARTAGENA","TERMINAL DE CONTENEDORES DE CARTAGENA S. A.","TEUS vacios","6.836","816","14.110",,,"1.145","2.021","3"
"BUENAVENTURA","SOCIEDAD PUERTO INDUSTRIAL AGUADULCE S.A.","TEUS vacios","11.118",,,,,,"2.021","3"
"CARTAGENA","SOCIEDAD PORTUARIA PUERTO BAHIA SA","TEUS llenos",,"2",,,,,"2.021","3"
"CARTAGENA","COMPAÑIA DE PUERTOS ASOCIADOS S.A.","TEUS llenos","1.337","1.149","435","2.242",,,"2.021","3"
"BUENAVENTURA","SOCIEDAD PUERTO INDUSTRIAL AGUADULCE S.A.","TEUS llenos","3.306","15.323",,,,"583","2.021","3"
"CARTAGENA","TERMINAL DE CONTENEDORES DE CARTAGENA S. A.","TEUS llenos","17.365","23.063","115.522",,,"4.658","2.021","3"
"BARRANQUILLA","PALERMO SOCIEDAD PORTUARIA S.A","TEUS vacios",,"12",,,,,"2.021","3"
"GUAJIRA","CERREJON ZONA NORTE S.A.","TEUS llenos","1","49",,,,,"2.021","3"
"GUAJIRA","CERREJON ZONA NORTE S.A.","TEUS vacios","45",,,,,,"2.021","3"
"CARTAGENA","SOCIEDAD PORTUARIA REGIONAL DE CARTAGENA SA","TEUS llenos","7.855","9.920","35.120",,,"1.364","2.021","3"
"TURBO","C.I. UNIÓN DE BANANEROS DE URABA S.A. - UNIBAN","TEUS llenos","2.185","202",,,,"2.654","2.021","3"
"BUENAVENTURA","SOCIEDAD PORTUARIA REGIONAL DE BUENAVENTURA S.A","TEUS vacios","11.783","210","206",,,,"2.021","3"
"BUENAVENTURA","SOCIEDAD PORTUARIA TERMINAL DE CONTENEDORES DE BUENAVENTURA S.A.","TEUS llenos","4.655","11.941","456",,,,"2.021","3"
"CARTAGENA","SOCIEDAD PORTUARIA TRANSMARSYP S.A.","TEUS llenos",,,,,,"338","2.021","3"
"TURBO","PROMOTORA BANANERA S.A","TEUS llenos","1.022",,,,,"970","2.021","3"
"CARTAGENA","SOCIEDAD PORTUARIA PUERTO BAHIA SA","TEUS vacios",,"34","6",,,,"2.021","3"
"SAN ANDRES","SAN ANDRES PORT SOCIETY SA","TEUS vacios",,"216",,,,"649","2.021","3"
"CARTAGENA","SOCIEDAD PORTUARIA REGIONAL DE CARTAGENA SA","TEUS vacios","3.293","825","8.891",,,"1.067","2.021","3"
"SANTA MARTA","SOCIEDAD PORTUARIA REGIONAL DE SANTA MARTA SA","TEUS vacios","785","1.315","5",,,"2.161","2.021","3"
"SAN ANDRES","SAN ANDRES PORT SOCIETY SA","TEUS llenos",,"236",,"2",,"923","2.021","3"
"CARTAGENA","SOCIEDAD PORTUARIA TRANSMARSYP S.A.","TEUS vacios",,,,,,"29","2.021","3"
"BUENAVENTURA","SOCIEDAD PORTUARIA TERMINAL DE CONTENEDORES DE BUENAVENTURA S.A.","TEUS vacios","5.963","8","194",,,,"2.021","3"
"BARRANQUILLA","PALERMO SOCIEDAD PORTUARIA S.A","TEUS llenos","4","43",,,,,"2.021","3"
"CARTAGENA","COMPAÑIA DE PUERTOS ASOCIADOS S.A.","TEUS llenos","1.806","1.321","444","3.464",,,"2.021","4"
"CARTAGENA","SOCIEDAD PORTUARIA TRANSMARSYP S.A.","TEUS llenos",,,,,,"299","2.021","4"
"GUAJIRA","CERREJON ZONA NORTE S.A.","TEUS llenos","7","64",,,,,"2.021","4"
"CARTAGENA","SOCIEDAD PORTUARIA PUERTO BAHIA SA","TEUS llenos",,"6",,,,,"2.021","4"
"CARTAGENA","PUERTO DE MAMONAL S.A.","TEUS llenos",,"2",,,,,"2.021","4"
"BUENAVENTURA","SOCIEDAD PORTUARIA TERMINAL DE CONTENEDORES DE BUENAVENTURA S.A.","TEUS llenos","4.280","10.740","323",,,,"2.021","4"
"BUENAVENTURA","SOCIEDAD PUERTO INDUSTRIAL AGUADULCE S.A.","TEUS vacios","6.198",,,,,,"2.021","4"
"BARRANQUILLA","PALERMO SOCIEDAD PORTUARIA S.A","TEUS llenos",,"12",,,,,"2.021","4"
"GUAJIRA","CERREJON ZONA NORTE S.A.","TEUS vacios","54",,,,,,"2.021","4"
"TURBO","C.I. UNIÓN DE BANANEROS DE URABA S.A. - UNIBAN","TEUS vacios","462","5.008",,,,,"2.021","4"
"CARTAGENA","SOCIEDAD PORTUARIA REGIONAL DE CARTAGENA SA","TEUS vacios","1.691","146","5.951",,,"1.223","2.021","4"
"CARTAGENA","SOCIEDAD PORTUARIA TRANSMARSYP S.A.","TEUS vacios",,,,,,"42","2.021","4"
"SANTA MARTA","SOCIEDAD PORTUARIA REGIONAL DE SANTA MARTA SA","TEUS vacios","535","1.642","33",,,"1.937","2.021","4"
"CARTAGENA","COMPAÑIA DE PUERTOS ASOCIADOS S.A.","TEUS vacios","162","394","367","836",,,"2.021","4"
"SAN ANDRES","SAN ANDRES PORT SOCIETY SA","TEUS llenos","1","255",,,,"742","2.021","4"
"BUENAVENTURA","SOCIEDAD PORTUARIA REGIONAL DE BUENAVENTURA S.A","TEUS vacios","9.004","208","320",,,,"2.021","4"
"CARTAGENA","TERMINAL DE CONTENEDORES DE CARTAGENA S. A.","TEUS llenos","16.227","22.748","123.056",,,"6.103","2.021","4"
"BARRANQUILLA","SOCIEDAD PORTUARIA REGIONAL DE BARRANQUILLA S.A.","TEUS vacios","1.338","1.098",,"1",,"833","2.021","4"
"BUENAVENTURA","SOCIEDAD PUERTO INDUSTRIAL AGUADULCE S.A.","TEUS llenos","5.428","16.275",,,,"458","2.021","4"
"CARTAGENA","TERMINAL DE CONTENEDORES DE CARTAGENA S. A.","TEUS vacios","7.914","903","16.550",,,"1.208","2.021","4"
"CARTAGENA","SOCIEDAD PORTUARIA REGIONAL DE CARTAGENA SA","TEUS llenos","8.035","11.080","33.165",,,"1.500","2.021","4"
"TURBO","C.I. UNIÓN DE BANANEROS DE URABA S.A. - UNIBAN","TEUS llenos","3.043","312",,,,"3.318","2.021","4"
"SAN ANDRES","SAN ANDRES PORT SOCIETY SA","TEUS vacios","248",,,,,"764","2.021","4"
"CARTAGENA","SOCIEDAD PORTUARIA PUERTO BAHIA SA","TEUS vacios",,,"70",,,,"2.021","4"
"TURBO","PROMOTORA BANANERA S.A","TEUS llenos","788",,,,,"722","2.021","4"
"BUENAVENTURA","SOCIEDAD PORTUARIA TERMINAL DE CONTENEDORES DE BUENAVENTURA S.A.","TEUS vacios","4.465","114","802",,,,"2.021","4"
"BARRANQUILLA","SOCIEDAD PORTUARIA REGIONAL DE BARRANQUILLA S.A.","TEUS llenos","4.442","5.733","3","88",,"72","2.021","4"
"BUENAVENTURA","SOCIEDAD PORTUARIA REGIONAL DE BUENAVENTURA S.A","TEUS llenos","8.220","15.997","2.686",,,,"2.021","4"
"BARRANCABERMEJA","SOCIEDAD PORTUARIA IMPALA TERMINALS BARRANCABERMEJA S.A.","TEUS vacios",,,,,"22",,"2.021","5"
"GUAJIRA","CERREJON ZONA NORTE S.A.","TEUS vacios","43",,,,,,"2.021","5"
"BUENAVENTURA","SOCIEDAD PORTUARIA TERMINAL DE CONTENEDORES DE BUENAVENTURA S.A.","TEUS llenos","326","9.597","841",,,,"2.021","5"
"BUENAVENTURA","SOCIEDAD PORTUARIA TERMINAL DE CONTENEDORES DE BUENAVENTURA S.A.","TEUS vacios","2.763","110","3.160",,,,"2.021","5"
"GUAJIRA","CERREJON ZONA NORTE S.A.","TEUS llenos","1","78",,,,,"2.021","5"
"TURBO","C.I. UNIÓN DE BANANEROS DE URABA S.A. - UNIBAN","TEUS vacios","563","4.998",,,,,"2.021","5"
"CARTAGENA","SOCIEDAD PORTUARIA REGIONAL DE CARTAGENA SA","TEUS llenos","8.239","12.484","33.814",,,"1.628","2.021","5"
"CARTAGENA","COMPAÑIA DE PUERTOS ASOCIADOS S.A.","TEUS vacios","54","412","128","428",,,"2.021","5"
"BUENAVENTURA","SOCIEDAD PUERTO INDUSTRIAL AGUADULCE S.A.","TEUS vacios","5.272",,,,,"4","2.021","5"
"BARRANCABERMEJA","SOCIEDAD PORTUARIA IMPALA TERMINALS BARRANCABERMEJA S.A.","TEUS llenos",,,,,"25",,"2.021","5"
"BUENAVENTURA","SOCIEDAD PUERTO INDUSTRIAL AGUADULCE S.A.","TEUS llenos","1.967","10.880",,,,"1.189","2.021","5"
"BARRANQUILLA","SOCIEDAD PORTUARIA REGIONAL DE BARRANQUILLA S.A.","TEUS llenos","5.441","5.481","7","49",,"1","2.021","5"
"SANTA MARTA","SOCIEDAD PORTUARIA REGIONAL DE SANTA MARTA SA","TEUS vacios","636","1.994","53",,,"2.103","2.021","5"
"CARTAGENA","SOCIEDAD PORTUARIA PUERTO BAHIA SA","TEUS llenos",,"12","4",,,,"2.021","5"
"SAN ANDRES","SAN ANDRES PORT SOCIETY SA","TEUS vacios","176",,,,,"573","2.021","5"
"TURBO","C.I. UNIÓN DE BANANEROS DE URABA S.A. - UNIBAN","TEUS llenos","1.915","320",,,,"2.480","2.021","5"
"BARRANQUILLA","PALERMO SOCIEDAD PORTUARIA S.A","TEUS vacios",,"14",,,,,"2.021","5"
"BUENAVENTURA","SOCIEDAD PORTUARIA REGIONAL DE BUENAVENTURA S.A","TEUS vacios","3.994","45","2.186",,,,"2.021","5"
"BARRANQUILLA","PALERMO SOCIEDAD PORTUARIA S.A","TEUS llenos",,"16",,,,,"2.021","5"
"CARTAGENA","SOCIEDAD PORTUARIA PUERTO BAHIA SA","TEUS vacios",,,"22",,,"22","2.021","5"
"CARTAGENA","SOCIEDAD PORTUARIA TRANSMARSYP S.A.","TEUS llenos",,,,,,"390","2.021","5"
"CARTAGENA","COMPAÑIA DE PUERTOS ASOCIADOS S.A.","TEUS llenos","1.049","1.074","357","3.002",,,"2.021","5"
"BUENAVENTURA","SOCIEDAD PORTUARIA REGIONAL DE BUENAVENTURA S.A","TEUS llenos","2.825","23.701","6.647",,,,"2.021","5"
"CARTAGENA","PUERTO DE MAMONAL S.A.","TEUS llenos",,"2",,,,,"2.021","5"
"SAN ANDRES","SAN ANDRES PORT SOCIETY SA","TEUS llenos",,"117",,"2",,"572","2.021","5"
"CARTAGENA","SOCIEDAD PORTUARIA REGIONAL DE CARTAGENA SA","TEUS vacios","5.482","910","5.931",,,"1.672","2.021","5"
"CARTAGENA","SOCIEDAD PORTUARIA TRANSMARSYP S.A.","TEUS vacios",,,,,,"36","2.021","5"
"BARRANQUILLA","SOCIEDAD PORTUARIA REGIONAL DE BARRANQUILLA S.A.","TEUS vacios","496","1.379",,"3",,"1.949","2.021","5"
"CARTAGENA","TERMINAL DE CONTENEDORES DE CARTAGENA S. A.","TEUS vacios","5.909","1.746","20.820",,,"1.631","2.021","5"
"TURBO","PROMOTORA BANANERA S.A","TEUS llenos","716",,,,,"776","2.021","5"
"CARTAGENA","TERMINAL DE CONTENEDORES DE CARTAGENA S. A.","TEUS llenos","15.473","25.874","119.080",,,"6.019","2.021","5"
"CARTAGENA","SOCIEDAD PORTUARIA TRANSMARSYP S.A.","TEUS llenos",,,,,,"403","2.021","6"
"CARTAGENA","TERMINAL DE CONTENEDORES DE CARTAGENA S. A.","TEUS llenos","19.246","26.925","118.071",,,"4.339","2.021","6"
"TURBO","C.I. UNIÓN DE BANANEROS DE URABA S.A. - UNIBAN","TEUS vacios","593","4.976",,,,,"2.021","6"
"CARTAGENA","PUERTO DE MAMONAL S.A.","TEUS llenos",,"1",,,,,"2.021","6"
"GUAJIRA","CERREJON ZONA NORTE S.A.","TEUS vacios","38","87",,,,,"2.021","6"
"CARTAGENA","TERMINAL DE CONTENEDORES DE CARTAGENA S. A.","TEUS vacios","8.555","1.644","16.118",,,"1.872","2.021","6"
"TURBO","PROMOTORA BANANERA S.A","TEUS llenos","720",,,,,"344","2.021","6"
"CARTAGENA","SOCIEDAD PORTUARIA PUERTO BAHIA SA","TEUS llenos",,"12",,,,,"2.021","6"
"BUENAVENTURA","SOCIEDAD PORTUARIA REGIONAL DE BUENAVENTURA S.A","TEUS llenos","3.881","5.928","432",,,,"2.021","6"
"BARRANQUILLA","PALERMO SOCIEDAD PORTUARIA S.A","TEUS vacios",,"18",,,,,"2.021","6"
"CARTAGENA","SOCIEDAD PORTUARIA REGIONAL DE CARTAGENA SA","TEUS vacios","4.895","1.161","6.400",,,"1.621","2.021","6"
"BARRANCABERMEJA","SOCIEDAD PORTUARIA IMPALA TERMINALS BARRANCABERMEJA S.A.","TEUS llenos",,,,,"201",,"2.021","6"
"CARTAGENA","COMPAÑIA DE PUERTOS ASOCIADOS S.A.","TEUS vacios","75","352","51","178",,,"2.021","6"
"SAN ANDRES","SAN ANDRES PORT SOCIETY SA","TEUS vacios","217",,,,,"665","2.021","6"
"BARRANQUILLA","SOCIEDAD PORTUARIA REGIONAL DE BARRANQUILLA S.A.","TEUS llenos","4.997","5.686",,"47",,"87","2.021","6"
"GUAJIRA","CERREJON ZONA NORTE S.A.","TEUS llenos","1","104",,,,,"2.021","6"
"CARTAGENA","SOCIEDAD PORTUARIA TRANSMARSYP S.A.","TEUS vacios",,,,,,"33","2.021","6"
"CARTAGENA","COMPAÑIA DE PUERTOS ASOCIADOS S.A.","TEUS llenos","1.745","1.216","430","2.890",,,"2.021","6"
"CARTAGENA","SOCIEDAD PORTUARIA REGIONAL DE CARTAGENA SA","TEUS llenos","8.978","14.943","30.117",,,"2.273","2.021","6"
"BUENAVENTURA","SOCIEDAD PORTUARIA REGIONAL DE BUENAVENTURA S.A","TEUS vacios","1.305",,"4",,,,"2.021","6"
"TURBO","C.I. UNIÓN DE BANANEROS DE URABA S.A. - UNIBAN","TEUS llenos","3.147","362",,,,"1.376","2.021","6"
"CARTAGENA","SOCIEDAD PORTUARIA PUERTO BAHIA SA","TEUS vacios",,,"46",,,,"2.021","6"
"BARRANCABERMEJA","SOCIEDAD PORTUARIA IMPALA TERMINALS BARRANCABERMEJA S.A.","TEUS vacios",,,,,"55",,"2.021","6"
"BUENAVENTURA","SOCIEDAD PUERTO INDUSTRIAL AGUADULCE S.A.","TEUS vacios","5.726",,,,,"4","2.021","6"
"BUENAVENTURA","SOCIEDAD PORTUARIA TERMINAL DE CONTENEDORES DE BUENAVENTURA S.A.","TEUS llenos","1.459","8.071","193",,,,"2.021","6"
"BARRANQUILLA","SOCIEDAD PORTUARIA REGIONAL DE BARRANQUILLA S.A.","TEUS vacios","652","1.024",,,,"1.258","2.021","6"
"BUENAVENTURA","SOCIEDAD PORTUARIA TERMINAL DE CONTENEDORES DE BUENAVENTURA S.A.","TEUS vacios","6.530",,"48",,,,"2.021","6"
"BUENAVENTURA","SOCIEDAD PUERTO INDUSTRIAL AGUADULCE S.A.","TEUS llenos","1.059","13.470",,,,"365","2.021","6"
"BARRANQUILLA","PALERMO SOCIEDAD PORTUARIA S.A","TEUS llenos",,"20",,,,,"2.021","6"
"SANTA MARTA","SOCIEDAD PORTUARIA REGIONAL DE SANTA MARTA SA","TEUS vacios","216","1.650","1",,,"1.630","2.021","6"
"SAN ANDRES","SAN ANDRES PORT SOCIETY SA","TEUS llenos","6","209",,,,"621","2.021","6"
"SANTA MARTA","SOCIEDAD PORTUARIA REGIONAL DE SANTA MARTA SA","TEUS vacios","821","1.595",,,,"1.872","2.021","7"
"BUENAVENTURA","SOCIEDAD PORTUARIA TERMINAL DE CONTENEDORES DE BUENAVENTURA S.A.","TEUS vacios","9.931","8","2.346",,,"386","2.021","7"
"BUENAVENTURA","SOCIEDAD PUERTO INDUSTRIAL AGUADULCE S.A.","TEUS llenos","3.268","9.099",,,,"421","2.021","7"
"CARTAGENA","TERMINAL DE CONTENEDORES DE CARTAGENA S. A.","TEUS vacios","9.924","2.169","14.001",,,"1.954","2.021","7"
"SAN ANDRES","SAN ANDRES PORT SOCIETY SA","TEUS vacios","206",,,,,"698","2.021","7"
"CARTAGENA","SOCIEDAD PORTUARIA PUERTO BAHIA SA","TEUS llenos",,"8",,,,,"2.021","7"
"SAN ANDRES","SAN ANDRES PORT SOCIETY SA","TEUS llenos",,"223",,"11",,"676","2.021","7"
"CARTAGENA","SOCIEDAD PORTUARIA REGIONAL DE CARTAGENA SA","TEUS llenos","8.991","13.643","31.311",,,"1.607","2.021","7"
"BUENAVENTURA","SOCIEDAD PORTUARIA REGIONAL DE BUENAVENTURA S.A","TEUS vacios","10.434","78","702",,,,"2.021","7"
"CARTAGENA","SOCIEDAD PORTUARIA REGIONAL DE CARTAGENA SA","TEUS vacios","4.623","814","9.006",,,"1.913","2.021","7"
"GUAJIRA","CERREJON ZONA NORTE S.A.","TEUS vacios","90",,,,,,"2.021","7"
"CARTAGENA","TERMINAL DE CONTENEDORES DE CARTAGENA S. A.","TEUS llenos","19.003","22.837","113.364",,,"6.031","2.021","7"
"CARTAGENA","SOCIEDAD PORTUARIA TRANSMARSYP S.A.","TEUS llenos",,,,,,"455","2.021","7"
"CARTAGENA","SOCIEDAD PORTUARIA PUERTO BAHIA SA","TEUS vacios",,,"46",,,,"2.021","7"
"CARTAGENA","COMPAÑIA DE PUERTOS ASOCIADOS S.A.","TEUS llenos","2.363","1.312","483","2.628",,,"2.021","7"
"TURBO","PROMOTORA BANANERA S.A","TEUS llenos","578",,,,,"530","2.021","7"
"BARRANQUILLA","SOCIEDAD PORTUARIA REGIONAL DE BARRANQUILLA S.A.","TEUS llenos","5.091","5.845","4","79",,"50","2.021","7"
"BARRANCABERMEJA","SOCIEDAD PORTUARIA IMPALA TERMINALS BARRANCABERMEJA S.A.","TEUS vacios",,,,,"78",,"2.021","7"
"BARRANQUILLA","PALERMO SOCIEDAD PORTUARIA S.A","TEUS llenos","18","4",,,,,"2.021","7"
"BUENAVENTURA","SOCIEDAD PORTUARIA REGIONAL DE BUENAVENTURA S.A","TEUS llenos","8.659","10.791","893",,,,"2.021","7"
"GUAJIRA","CERREJON ZONA NORTE S.A.","TEUS llenos","4","38",,,,,"2.021","7"
"BARRANQUILLA","SOCIEDAD PORTUARIA REGIONAL DE BARRANQUILLA S.A.","TEUS vacios","872","1.740",,"1",,"1.668","2.021","7"
"CARTAGENA","COMPAÑIA DE PUERTOS ASOCIADOS S.A.","TEUS vacios","129","386","92","338",,,"2.021","7"
"BUENAVENTURA","SOCIEDAD PORTUARIA TERMINAL DE CONTENEDORES DE BUENAVENTURA S.A.","TEUS llenos","4.052","7.183","634",,,,"2.021","7"
"BUENAVENTURA","SOCIEDAD PUERTO INDUSTRIAL AGUADULCE S.A.","TEUS vacios","14.171",,,,,,"2.021","7"
"BARRANCABERMEJA","SOCIEDAD PORTUARIA IMPALA TERMINALS BARRANCABERMEJA S.A.","TEUS llenos",,,,,"81",,"2.021","7"
"TURBO","C.I. UNIÓN DE BANANEROS DE URABA S.A. - UNIBAN","TEUS llenos","2.291","400",,,,"3.163","2.021","7"
"TURBO","C.I. UNIÓN DE BANANEROS DE URABA S.A. - UNIBAN","TEUS vacios","418","4.950",,,,,"2.021","7"
"CARTAGENA","PUERTO DE MAMONAL S.A.","TEUS llenos",,"3","4",,,,"2.021","7"
"G. MORROSQUILLO","COMPAÑIA DE PUERTOS ASOCIADOS S.A.","TEUS llenos",,"47",,,,,"2.021","8"
"TURBO","C.I. UNIÓN DE BANANEROS DE URABA S.A. - UNIBAN","TEUS vacios","570","4.673",,,,,"2.021","8"
"TURBO","PROMOTORA BANANERA S.A","TEUS llenos","500",,,,,"514","2.021","8"
"BARRANQUILLA","SOCIEDAD PORTUARIA REGIONAL DE BARRANQUILLA S.A.","TEUS llenos","5.647","5.800","37","77",,"18","2.021","8"
"GUAJIRA","CERREJON ZONA NORTE S.A.","TEUS vacios","90",,,,,,"2.021","8"
"BUENAVENTURA","SOCIEDAD PUERTO INDUSTRIAL AGUADULCE S.A.","TEUS vacios","13.890","10",,,,"32","2.021","8"
"CARTAGENA","SOCIEDAD PORTUARIA PUERTO BAHIA SA","TEUS llenos",,"31",,,,,"2.021","8"
"CARTAGENA","SOCIEDAD PORTUARIA REGIONAL DE CARTAGENA SA","TEUS llenos","9.782","12.734","32.407",,,"2.017","2.021","8"
"CARTAGENA","PUERTO DE MAMONAL S.A.","TEUS llenos",,"4",,,,,"2.021","8"
"CARTAGENA","COMPAÑIA DE PUERTOS ASOCIADOS S.A.","TEUS vacios","58","698","588","704",,,"2.021","8"
"CARTAGENA","SOCIEDAD PORTUARIA REGIONAL DE CARTAGENA SA","TEUS vacios","5.148","315","11.679",,,"1.783","2.021","8"
"BUENAVENTURA","SOCIEDAD PORTUARIA REGIONAL DE BUENAVENTURA S.A","TEUS llenos","9.773","10.157","1.009",,,,"2.021","8"
"BARRANCABERMEJA","SOCIEDAD PORTUARIA IMPALA TERMINALS BARRANCABERMEJA S.A.","TEUS vacios",,,,,"68",,"2.021","8"
"CARTAGENA","TERMINAL DE CONTENEDORES DE CARTAGENA S. A.","TEUS vacios","12.325","2.924","14.334",,,"2.952","2.021","8"
"TURBO","C.I. UNIÓN DE BANANEROS DE URABA S.A. - UNIBAN","TEUS llenos","1.769","206",,,,"2.582","2.021","8"
"BARRANQUILLA","SOCIEDAD PORTUARIA REGIONAL DE BARRANQUILLA S.A.","TEUS vacios","1.080","1.088",,,,"2.653","2.021","8"
"BUENAVENTURA","SOCIEDAD PORTUARIA REGIONAL DE BUENAVENTURA S.A","TEUS vacios","3.961","601","70",,,,"2.021","8"
"GUAJIRA","CERREJON ZONA NORTE S.A.","TEUS llenos","6","60",,,,,"2.021","8"
"SAN ANDRES","SAN ANDRES PORT SOCIETY SA","TEUS vacios","212",,,,,"807","2.021","8"
"CARTAGENA","SOCIEDAD PORTUARIA TRANSMARSYP S.A.","TEUS llenos",,,,,,"365","2.021","8"
"BUENAVENTURA","SOCIEDAD PUERTO INDUSTRIAL AGUADULCE S.A.","TEUS llenos","5.910","19.543",,,,"278","2.021","8"
"BARRANCABERMEJA","SOCIEDAD PORTUARIA IMPALA TERMINALS BARRANCABERMEJA S.A.","TEUS llenos",,,,,"98",,"2.021","8"
"BUENAVENTURA","SOCIEDAD PORTUARIA TERMINAL DE CONTENEDORES DE BUENAVENTURA S.A.","TEUS vacios","2.649","198","1.712",,,,"2.021","8"
"SAN ANDRES","SAN ANDRES PORT SOCIETY SA","TEUS llenos","2","186",,,,"669","2.021","8"
"CARTAGENA","COMPAÑIA DE PUERTOS ASOCIADOS S.A.","TEUS llenos","2.473","1.072","405","2.031",,,"2.021","8"
"BUENAVENTURA","SOCIEDAD PORTUARIA TERMINAL DE CONTENEDORES DE BUENAVENTURA S.A.","TEUS llenos","4.376","6.396","435",,,,"2.021","8"
"CARTAGENA","SOCIEDAD PORTUARIA PUERTO BAHIA SA","TEUS vacios",,,"102",,,,"2.021","8"
"SANTA MARTA","SOCIEDAD PORTUARIA REGIONAL DE SANTA MARTA SA","TEUS vacios","4.505","1.966","10",,,"1.580","2.021","8"
"CARTAGENA","TERMINAL DE CONTENEDORES DE CARTAGENA S. A.","TEUS llenos","18.216","32.084","112.483",,,"5.228","2.021","8"
"CARTAGENA","SOCIEDAD PORTUARIA TRANSMARSYP S.A.","TEUS vacios",,,,,,"25","2.021","9"
"BARRANCABERMEJA","SOCIEDAD PORTUARIA IMPALA TERMINALS BARRANCABERMEJA S.A.","TEUS vacios",,,,,"52",,"2.021","9"
"SAN ANDRES","SAN ANDRES PORT SOCIETY SA","TEUS vacios","285",,,,,"649","2.021","9"
"SANTA MARTA","SOCIEDAD PORTUARIA REGIONAL DE SANTA MARTA SA","TEUS vacios","429","1.519","20",,,"1.750","2.021","9"
"CARTAGENA","SOCIEDAD PORTUARIA REGIONAL DE CARTAGENA SA","TEUS llenos","10.120","15.851","31.948",,,"1.502","2.021","9"
"CARTAGENA","SOCIEDAD PORTUARIA TRANSMARSYP S.A.","TEUS llenos",,,,,,"397","2.021","9"
"BARRANCABERMEJA","SOCIEDAD PORTUARIA IMPALA TERMINALS BARRANCABERMEJA S.A.","TEUS llenos",,,,,"44",,"2.021","9"
"CARTAGENA","SOCIEDAD PORTUARIA PUERTO BAHIA SA","TEUS llenos",,"10","14",,,,"2.021","9"
"TURBO","UNIBAN LOGISTICA S.A","TEUS llenos","2.516","380",,,,"3.294","2.021","9"
"BUENAVENTURA","SOCIEDAD PORTUARIA TERMINAL DE CONTENEDORES DE BUENAVENTURA S.A.","TEUS vacios","7.391","10","1.084",,,,"2.021","9"
"BARRANQUILLA","PALERMO SOCIEDAD PORTUARIA S.A","TEUS vacios",,"4",,,,,"2.021","9"
"BUENAVENTURA","SOCIEDAD PUERTO INDUSTRIAL AGUADULCE S.A.","TEUS vacios","10.416",,,,,,"2.021","9"
"BUENAVENTURA","SOCIEDAD PUERTO INDUSTRIAL AGUADULCE S.A.","TEUS llenos","4.995","18.211",,,,"208","2.021","9"
"GUAJIRA","CERREJON ZONA NORTE S.A.","TEUS vacios","74",,,,,,"2.021","9"
"CARTAGENA","TERMINAL DE CONTENEDORES DE CARTAGENA S. A.","TEUS vacios","13.802","1.354","18.005",,,"1.878","2.021","9"
"SAN ANDRES","SAN ANDRES PORT SOCIETY SA","TEUS llenos",,"204",,"8",,"620","2.021","9"
"BUENAVENTURA","SOCIEDAD PORTUARIA TERMINAL DE CONTENEDORES DE BUENAVENTURA S.A.","TEUS llenos","3.975","13.132","763",,,,"2.021","9"
"CARTAGENA","SOCIEDAD PORTUARIA REGIONAL DE CARTAGENA SA","TEUS vacios","5.704","544","4.903",,,"1.723","2.021","9"
"CARTAGENA","PUERTO DE MAMONAL S.A.","TEUS llenos","4","6",,,,,"2.021","9"
"GUAJIRA","CERREJON ZONA NORTE S.A.","TEUS llenos","2","89",,,,,"2.021","9"
"CARTAGENA","SOCIEDAD PORTUARIA PUERTO BAHIA SA","TEUS vacios",,,"108",,,,"2.021","9"
"BUENAVENTURA","SOCIEDAD PORTUARIA REGIONAL DE BUENAVENTURA S.A","TEUS vacios","1.981","103","6",,,,"2.021","9"
"BUENAVENTURA","SOCIEDAD PORTUARIA REGIONAL DE BUENAVENTURA S.A","TEUS llenos","5.572","11.652","609",,,,"2.021","9"
"TURBO","UNIBAN LOGISTICA S.A","TEUS vacios","312","4.718",,,,,"2.021","9"
"CARTAGENA","COMPAÑIA DE PUERTOS ASOCIADOS S.A.","TEUS vacios","28","360","448","650",,,"2.021","9"
"BARRANQUILLA","PALERMO SOCIEDAD PORTUARIA S.A","TEUS llenos","4",,,,,,"2.021","9"
"CARTAGENA","COMPAÑIA DE PUERTOS ASOCIADOS S.A.","TEUS llenos","2.595","1.372","400","2.295",,,"2.021","9"
"CARTAGENA","TERMINAL DE CONTENEDORES DE CARTAGENA S. A.","TEUS llenos","16.467","22.706","102.634",,,"5.353","2.021","9"
"BARRANQUILLA","SOCIEDAD PORTUARIA REGIONAL DE BARRANQUILLA S.A.","TEUS llenos","4.781","5.843","18","96",,"89","2.021","9"
"BARRANQUILLA","SOCIEDAD PORTUARIA REGIONAL DE BARRANQUILLA S.A.","TEUS vacios","1.351","1.317",,,,"1.800","2.021","9"
"SANTA MARTA","SOCIEDAD PORTUARIA REGIONAL DE SANTA MARTA SA","TEUS vacios","4.488","1.595","32",,,"2.361","2.021","10"
"BUENAVENTURA","SOCIEDAD PUERTO INDUSTRIAL AGUADULCE S.A.","TEUS llenos","3.677","24.763",,,,"505","2.021","10"
"CARTAGENA","SOCIEDAD PORTUARIA PUERTO BAHIA SA","TEUS vacios",,,"70",,,,"2.021","10"
"BARRANQUILLA","PALERMO SOCIEDAD PORTUARIA S.A","TEUS llenos",,"22",,,,,"2.021","10"
"CARTAGENA","SOCIEDAD PORTUARIA REGIONAL DE CARTAGENA SA","TEUS vacios","5.191","671","8.520",,,"2.050","2.021","10"
"CARTAGENA","SOCIEDAD PORTUARIA REGIONAL DE CARTAGENA SA","TEUS llenos","10.164","14.142","31.143",,,"1.461","2.021","10"
"GUAJIRA","CERREJON ZONA NORTE S.A.","TEUS llenos","4","86",,,,,"2.021","10"
"BARRANCABERMEJA","SOCIEDAD PORTUARIA IMPALA TERMINALS BARRANCABERMEJA S.A.","TEUS llenos",,,,,"74",,"2.021","10"
"CARTAGENA","SOCIEDAD PORTUARIA PUERTO BAHIA SA","TEUS llenos",,"6","4",,,,"2.021","10"
"BUENAVENTURA","SOCIEDAD PORTUARIA TERMINAL DE CONTENEDORES DE BUENAVENTURA S.A.","TEUS llenos","3.777","12.841","3.358",,,,"2.021","10"
"CARTAGENA","TERMINAL DE CONTENEDORES DE CARTAGENA S. A.","TEUS vacios","12.374","2.010","16.748",,,"1.484","2.021","10"
"BARRANCABERMEJA","SOCIEDAD PORTUARIA IMPALA TERMINALS BARRANCABERMEJA S.A.","TEUS vacios",,,,,"50",,"2.021","10"
"GUAJIRA","CERREJON ZONA NORTE S.A.","TEUS vacios","101",,,,,,"2.021","10"
"CARTAGENA","TERMINAL DE CONTENEDORES DE CARTAGENA S. A.","TEUS llenos","16.809","25.927","109.296",,,"5.877","2.021","10"
"BARRANQUILLA","PALERMO SOCIEDAD PORTUARIA S.A","TEUS vacios","16","1",,,,,"2.021","10"
"CARTAGENA","COMPAÑIA DE PUERTOS ASOCIADOS S.A.","TEUS vacios","16","470","1.082","742",,,"2.021","10"
"BUENAVENTURA","SOCIEDAD PORTUARIA TERMINAL DE CONTENEDORES DE BUENAVENTURA S.A.","TEUS vacios","7.828",,"1.101",,,,"2.021","10"
"CARTAGENA","PUERTO DE MAMONAL S.A.","TEUS llenos",,"12",,,,,"2.021","10"
"TURBO","UNIBAN LOGISTICA S.A","TEUS llenos","3.085","404",,,,"4.052","2.021","10"
"CARTAGENA","COMPAÑIA DE PUERTOS ASOCIADOS S.A.","TEUS llenos","2.616","1.700","285","2.193",,,"2.021","10"
"TURBO","UNIBAN LOGISTICA S.A","TEUS vacios","921","5.766",,,,,"2.021","10"
"BARRANQUILLA","SOCIEDAD PORTUARIA REGIONAL DE BARRANQUILLA S.A.","TEUS llenos","5.686","6.986","30","148",,"101","2.021","10"
"BUENAVENTURA","SOCIEDAD PUERTO INDUSTRIAL AGUADULCE S.A.","TEUS vacios","16.482",,,,,"10","2.021","10"
"SAN ANDRES","SAN ANDRES PORT SOCIETY SA","TEUS llenos","1","322",,,,"592","2.021","10"
"BUENAVENTURA","SOCIEDAD PORTUARIA REGIONAL DE BUENAVENTURA S.A","TEUS vacios","7.974","202","178",,,,"2.021","10"
"SAN ANDRES","SAN ANDRES PORT SOCIETY SA","TEUS vacios","322",,,,,"754","2.021","10"
"BUENAVENTURA","SOCIEDAD PORTUARIA REGIONAL DE BUENAVENTURA S.A","TEUS llenos","6.166","13.623","1.900",,,,"2.021","10"
"BARRANQUILLA","SOCIEDAD PORTUARIA REGIONAL DE BARRANQUILLA S.A.","TEUS vacios","720","1.511",,,,"2.365","2.021","10"
"CARTAGENA","SOCIEDAD PORTUARIA PUERTO BAHIA SA","TEUS vacios",,,"120",,,,"2.021","11"
"CARTAGENA","TERMINAL DE CONTENEDORES DE CARTAGENA S. A.","TEUS llenos","16.750","24.146","105.151",,,"4.936","2.021","11"
"BUENAVENTURA","SOCIEDAD PORTUARIA TERMINAL DE CONTENEDORES DE BUENAVENTURA S.A.","TEUS vacios","7.153","299",,,,,"2.021","11"
"CARTAGENA","SOCIEDAD PORTUARIA TRANSMARSYP S.A.","TEUS vacios",,,,,,"46","2.021","11"
"BUENAVENTURA","SOCIEDAD PORTUARIA REGIONAL DE BUENAVENTURA S.A","TEUS llenos","5.942","15.999","2.399",,,,"2.021","11"
"BARRANQUILLA","SOCIEDAD PORTUARIA REGIONAL DE BARRANQUILLA S.A.","TEUS vacios","1.276","1.148",,,,"1.551","2.021","11"
"SAN ANDRES","SAN ANDRES PORT SOCIETY SA","TEUS llenos",,"156",,,,"689","2.021","11"
"BUENAVENTURA","SOCIEDAD PUERTO INDUSTRIAL AGUADULCE S.A.","TEUS vacios","11.110",,,,,,"2.021","11"
"GUAJIRA","CERREJON ZONA NORTE S.A.","TEUS llenos","7","34",,,,,"2.021","11"
"BARRANQUILLA","SOCIEDAD PORTUARIA REGIONAL DE BARRANQUILLA S.A.","TEUS llenos","4.397","5.004","44","62",,"35","2.021","11"
"CARTAGENA","SOCIEDAD PORTUARIA REGIONAL DE CARTAGENA SA","TEUS vacios","5.337","690","9.004",,,"1.475","2.021","11"
"CARTAGENA","SOCIEDAD PORTUARIA REGIONAL DE CARTAGENA SA","TEUS llenos","10.587","15.125","24.625",,,"1.211","2.021","11"
"CARTAGENA","TERMINAL DE CONTENEDORES DE CARTAGENA S. A.","TEUS vacios","10.639","1.120","19.392",,,"1.311","2.021","11"
"CARTAGENA","SOCIEDAD PORTUARIA TRANSMARSYP S.A.","TEUS llenos",,,,,,"360","2.021","11"
"CARTAGENA","PUERTO DE MAMONAL S.A.","TEUS llenos",,"5",,,,,"2.021","11"
"CARTAGENA","COMPAÑIA DE PUERTOS ASOCIADOS S.A.","TEUS vacios","93","270","418","235",,,"2.021","11"
"BARRANCABERMEJA","SOCIEDAD PORTUARIA IMPALA TERMINALS BARRANCABERMEJA S.A.","TEUS vacios",,,,,"80",,"2.021","11"
"BUENAVENTURA","SOCIEDAD PORTUARIA TERMINAL DE CONTENEDORES DE BUENAVENTURA S.A.","TEUS llenos","3.273","9.969","1.200",,,,"2.021","11"
"BUENAVENTURA","SOCIEDAD PORTUARIA REGIONAL DE BUENAVENTURA S.A","TEUS vacios","9.914","7","28",,,,"2.021","11"
"TURBO","UNIBAN LOGISTICA S.A","TEUS llenos","2.172","216",,,,"2.891","2.021","11"
"BARRANCABERMEJA","SOCIEDAD PORTUARIA IMPALA TERMINALS BARRANCABERMEJA S.A.","TEUS llenos",,,,,"94",,"2.021","11"
"GUAJIRA","CERREJON ZONA NORTE S.A.","TEUS vacios","38",,,,,,"2.021","11"
"CARTAGENA","COMPAÑIA DE PUERTOS ASOCIADOS S.A.","TEUS llenos","1.943","1.573","369","1.082",,,"2.021","11"
"SANTA MARTA","SOCIEDAD PORTUARIA REGIONAL DE SANTA MARTA SA","TEUS vacios","3.380","1.486","15",,,"1.562","2.021","11"
"TURBO","UNIBAN LOGISTICA S.A","TEUS vacios","562","3.307",,,,,"2.021","11"
"BUENAVENTURA","SOCIEDAD PUERTO INDUSTRIAL AGUADULCE S.A.","TEUS llenos","5.257","19.486",,,,"558","2.021","11"
"BARRANQUILLA","PALERMO SOCIEDAD PORTUARIA S.A","TEUS llenos","2","11",,,,,"2.021","11"
"CARTAGENA","SOCIEDAD PORTUARIA PUERTO BAHIA SA","TEUS llenos",,"28","12",,,,"2.021","11"
"SAN ANDRES","SAN ANDRES PORT SOCIETY SA","TEUS vacios","150",,,,,"751","2.021","11"
"CARTAGENA","PUERTO DE MAMONAL S.A.","TEUS llenos",,"1",,,,,"2.021","12"
"BUENAVENTURA","SOCIEDAD PORTUARIA REGIONAL DE BUENAVENTURA S.A","TEUS llenos","5.604","17.135","9.027",,,,"2.021","12"
"SAN ANDRES","SAN ANDRES PORT SOCIETY SA","TEUS llenos","8","375",,,,"645","2.021","12"
"SANTA MARTA","SOCIEDAD PORTUARIA REGIONAL DE SANTA MARTA SA","TEUS vacios","3.641","1.388","67",,,"1.934","2.021","12"
"CARTAGENA","SOCIEDAD PORTUARIA TRANSMARSYP S.A.","TEUS vacios",,,,,,"34","2.021","12"
"CARTAGENA","SOCIEDAD PORTUARIA PUERTO BAHIA SA","TEUS vacios",,,"72",,,,"2.021","12"
"BARRANCABERMEJA","SOCIEDAD PORTUARIA IMPALA TERMINALS BARRANCABERMEJA S.A.","TEUS llenos",,,,,"59",,"2.021","12"
"CARTAGENA","SOCIEDAD PORTUARIA PUERTO BAHIA SA","TEUS llenos",,"14","4",,,,"2.021","12"
"CARTAGENA","SOCIEDAD PORTUARIA REGIONAL DE CARTAGENA SA","TEUS llenos","10.670","16.025","31.638",,,"901","2.021","12"
"BARRANCABERMEJA","SOCIEDAD PORTUARIA IMPALA TERMINALS BARRANCABERMEJA S.A.","TEUS vacios",,,,,"50",,"2.021","12"
"BARRANQUILLA","SOCIEDAD PORTUARIA REGIONAL DE BARRANQUILLA S.A.","TEUS vacios","1.079","604",,,,"938","2.021","12"
"CARTAGENA","COMPAÑIA DE PUERTOS ASOCIADOS S.A.","TEUS vacios","160","70","106","292",,,"2.021","12"
"CARTAGENA","TERMINAL DE CONTENEDORES DE CARTAGENA S. A.","TEUS vacios","9.966","1.227","18.884",,,"1.393","2.021","12"
"BUENAVENTURA","SOCIEDAD PORTUARIA TERMINAL DE CONTENEDORES DE BUENAVENTURA S.A.","TEUS llenos","3.656","15.584","1.145",,,,"2.021","12"
"BUENAVENTURA","SOCIEDAD PUERTO INDUSTRIAL AGUADULCE S.A.","TEUS vacios","14.566",,,,,"32","2.021","12"
"BUENAVENTURA","SOCIEDAD PORTUARIA TERMINAL DE CONTENEDORES DE BUENAVENTURA S.A.","TEUS vacios","9.002","140",,,,,"2.021","12"
"TURBO","UNIBAN LOGISTICA S.A","TEUS llenos","2.395","338",,,,"3.231","2.021","12"
"BUENAVENTURA","SOCIEDAD PORTUARIA REGIONAL DE BUENAVENTURA S.A","TEUS vacios","12.577","72","420",,,,"2.021","12"
"CARTAGENA","COMPAÑIA DE PUERTOS ASOCIADOS S.A.","TEUS llenos","1.871","1.297","506","990",,,"2.021","12"
"TURBO","UNIBAN LOGISTICA S.A","TEUS vacios","500","4.710",,,,,"2.021","12"
"GUAJIRA","CERREJON ZONA NORTE S.A.","TEUS llenos","3","68",,,,,"2.021","12"
"CARTAGENA","SOCIEDAD PORTUARIA REGIONAL DE CARTAGENA SA","TEUS vacios","5.375","732","6.790",,,"913","2.021","12"
"GUAJIRA","CERREJON ZONA NORTE S.A.","TEUS vacios",,"20",,,,,"2.021","12"
"CARTAGENA","TERMINAL DE CONTENEDORES DE CARTAGENA S. A.","TEUS llenos","15.905","23.020","103.042",,,"4.379","2.021","12"
"BARRANQUILLA","SOCIEDAD PORTUARIA REGIONAL DE BARRANQUILLA S.A.","TEUS llenos","5.158","5.524","24","106",,"44","2.021","12"
"SAN ANDRES","SAN ANDRES PORT SOCIETY SA","TEUS vacios","456",,,,,"785","2.021","12"
"CARTAGENA","SOCIEDAD PORTUARIA TRANSMARSYP S.A.","TEUS llenos",,,,,,"373","2.021","12"
"BUENAVENTURA","SOCIEDAD PUERTO INDUSTRIAL AGUADULCE S.A.","TEUS llenos","5.414","23.715",,,,"753","2.021","12"
"CARTAGENA","TERMINAL DE CONTENEDORES DE CARTAGENA S. A.","TEUS vacios","9.444","2.080","22.229",,,"2.212","2.022","1"
"CARTAGENA","COMPAÑIA DE PUERTOS ASOCIADOS S.A.","TEUS llenos","1.910","1.728","388","1.041",,,"2.022","1"
"SAN ANDRES","SAN ANDRES PORT SOCIETY SA","TEUS llenos","3","161",,,,"564","2.022","1"
"SANTA MARTA","SOCIEDAD PORTUARIA REGIONAL DE SANTA MARTA SA","TEUS vacios","3.660","1.318","39",,,"1.518","2.022","1"
"CARTAGENA","SOCIEDAD PORTUARIA TRANSMARSYP S.A.","TEUS llenos",,,,,,"355","2.022","1"
"SAN ANDRES","SAN ANDRES PORT SOCIETY SA","TEUS vacios","260",,,,,"557","2.022","1"
"TURBO","UNIBAN LOGISTICA S.A","TEUS llenos","2.002","304",,,,"2.556","2.022","1"
"GUAJIRA","CERREJON ZONA NORTE S.A.","TEUS vacios","150",,,,,,"2.022","1"
"BUENAVENTURA","SOCIEDAD PORTUARIA TERMINAL DE CONTENEDORES DE BUENAVENTURA S.A.","TEUS vacios","8.663","400",,,,"49","2.022","1"
"TURBO","UNIBAN LOGISTICA S.A","TEUS vacios","184","3.538",,,,,"2.022","1"
"BUENAVENTURA","SOCIEDAD PORTUARIA REGIONAL DE BUENAVENTURA S.A","TEUS vacios","6.604","1","272",,,,"2.022","1"
"BUENAVENTURA","SOCIEDAD PUERTO INDUSTRIAL AGUADULCE S.A.","TEUS vacios","13.841",,,,,"2","2.022","1"
"CARTAGENA","SOCIEDAD PORTUARIA TRANSMARSYP S.A.","TEUS vacios",,,,,,"34","2.022","1"
"CARTAGENA","SOCIEDAD PORTUARIA PUERTO BAHIA SA","TEUS llenos",,"35","88",,,,"2.022","1"
"BARRANQUILLA","SOCIEDAD PORTUARIA REGIONAL DE BARRANQUILLA S.A.","TEUS vacios","1.445","1.623",,,,"852","2.022","1"
"CARTAGENA","PUERTO DE MAMONAL S.A.","TEUS llenos",,"22",,,,,"2.022","1"
"BARRANQUILLA","SOCIEDAD PORTUARIA REGIONAL DE BARRANQUILLA S.A.","TEUS llenos","4.915","5.236","53","97",,"147","2.022","1"
"BARRANCABERMEJA","SOCIEDAD PORTUARIA IMPALA TERMINALS BARRANCABERMEJA S.A.","TEUS llenos",,,,,"64",,"2.022","1"
"BUENAVENTURA","SOCIEDAD PORTUARIA REGIONAL DE BUENAVENTURA S.A","TEUS llenos","4.545","17.349","3.594",,,,"2.022","1"
"BARRANCABERMEJA","SOCIEDAD PORTUARIA IMPALA TERMINALS BARRANCABERMEJA S.A.","TEUS vacios",,,,,"51",,"2.022","1"
"CARTAGENA","SOCIEDAD PORTUARIA REGIONAL DE CARTAGENA SA","TEUS vacios","4.940","593","6.306",,,"1.231","2.022","1"
"BUENAVENTURA","SOCIEDAD PUERTO INDUSTRIAL AGUADULCE S.A.","TEUS llenos","3.433","17.727",,,,"385","2.022","1"
"CARTAGENA","SOCIEDAD PORTUARIA REGIONAL DE CARTAGENA SA","TEUS llenos","8.042","11.650","22.812",,,"691","2.022","1"
"CARTAGENA","TERMINAL DE CONTENEDORES DE CARTAGENA S. A.","TEUS llenos","16.064","22.946","101.715",,,"5.049","2.022","1"
"CARTAGENA","COMPAÑIA DE PUERTOS ASOCIADOS S.A.","TEUS vacios","32","462","290","69",,,"2.022","1"
"GUAJIRA","PUERTO BRISA S.A.","TEUS llenos",,"74",,,,,"2.022","1"
"CARTAGENA","SOCIEDAD PORTUARIA PUERTO BAHIA SA","TEUS vacios",,,"120",,,,"2.022","1"
"GUAJIRA","CERREJON ZONA NORTE S.A.","TEUS llenos","1","89",,,,,"2.022","1"
"BUENAVENTURA","SOCIEDAD PORTUARIA TERMINAL DE CONTENEDORES DE BUENAVENTURA S.A.","TEUS llenos","1.913","13.094","643",,,,"2.022","1"
"CARTAGENA","COMPAÑIA DE PUERTOS ASOCIADOS S.A.","TEUS vacios","167","100","42","66",,,"2.022","2"
"BUENAVENTURA","SOCIEDAD PORTUARIA REGIONAL DE BUENAVENTURA S.A","TEUS llenos","5.879","13.744","11.881",,,,"2.022","2"
"CARTAGENA","SOCIEDAD PORTUARIA REGIONAL DE CARTAGENA SA","TEUS llenos","8.269","12.857","23.958",,,"363","2.022","2"
"BUENAVENTURA","SOCIEDAD PUERTO INDUSTRIAL AGUADULCE S.A.","TEUS llenos","4.675","16.167",,,,"519","2.022","2"
"GUAJIRA","CERREJON ZONA NORTE S.A.","TEUS llenos",,"70",,,,,"2.022","2"
"BARRANQUILLA","PALERMO SOCIEDAD PORTUARIA S.A","TEUS llenos",,"1",,,,,"2.022","2"
"CARTAGENA","TERMINAL DE CONTENEDORES DE CARTAGENA S. A.","TEUS vacios","7.915","1.968","12.374",,,"1.719","2.022","2"
"CARTAGENA","SOCIEDAD PORTUARIA TRANSMARSYP S.A.","TEUS llenos",,,,,,"403","2.022","2"
"BARRANCABERMEJA","SOCIEDAD PORTUARIA IMPALA TERMINALS BARRANCABERMEJA S.A.","TEUS vacios",,,,,"71",,"2.022","2"
"CARTAGENA","SOCIEDAD PORTUARIA TRANSMARSYP S.A.","TEUS vacios",,,,,,"34","2.022","2"
"SANTA MARTA","SOCIEDAD PORTUARIA REGIONAL DE SANTA MARTA SA","TEUS vacios","4.637","1.470","23",,,"442","2.022","2"
"CARTAGENA","SOCIEDAD PORTUARIA REGIONAL DE CARTAGENA SA","TEUS vacios","3.167","729","4.525",,,"1.571","2.022","2"
"BUENAVENTURA","SOCIEDAD PORTUARIA REGIONAL DE BUENAVENTURA S.A","TEUS vacios","10.491","267","228",,,,"2.022","2"
"BUENAVENTURA","SOCIEDAD PORTUARIA TERMINAL DE CONTENEDORES DE BUENAVENTURA S.A.","TEUS llenos","2.299","13.789","68",,,,"2.022","2"
"BARRANCABERMEJA","SOCIEDAD PORTUARIA IMPALA TERMINALS BARRANCABERMEJA S.A.","TEUS llenos",,,,,"46",,"2.022","2"
"BUENAVENTURA","SOCIEDAD PUERTO INDUSTRIAL AGUADULCE S.A.","TEUS vacios","17.333",,,,,,"2.022","2"
"GUAJIRA","CERREJON ZONA NORTE S.A.","TEUS vacios","76","4",,,,,"2.022","2"
"CARTAGENA","SOCIEDAD PORTUARIA PUERTO BAHIA SA","TEUS llenos","2","20","14",,,,"2.022","2"
"BUENAVENTURA","SOCIEDAD PORTUARIA TERMINAL DE CONTENEDORES DE BUENAVENTURA S.A.","TEUS vacios","11.480",,,,,,"2.022","2"
"CARTAGENA","PUERTO DE MAMONAL S.A.","TEUS llenos",,"2",,,,,"2.022","2"
"CARTAGENA","COMPAÑIA DE PUERTOS ASOCIADOS S.A.","TEUS llenos","1.922","1.760","170","1.152",,,"2.022","2"
"CARTAGENA","TERMINAL DE CONTENEDORES DE CARTAGENA S. A.","TEUS llenos","15.480","19.894","93.721",,,"5.586","2.022","2"
"BARRANQUILLA","SOCIEDAD PORTUARIA REGIONAL DE BARRANQUILLA S.A.","TEUS llenos","5.402","5.176","16","98",,"80","2.022","2"
"SAN ANDRES","SAN ANDRES PORT SOCIETY SA","TEUS llenos",,"225",,,,"647","2.022","2"
"TURBO","UNIBAN LOGISTICA S.A","TEUS vacios","540","4.193",,,,,"2.022","2"
"SAN ANDRES","SAN ANDRES PORT SOCIETY SA","TEUS vacios","230",,,,,"731","2.022","2"
"CARTAGENA","SOCIEDAD PORTUARIA PUERTO BAHIA SA","TEUS vacios",,,"62",,,,"2.022","2"
"TURBO","UNIBAN LOGISTICA S.A","TEUS llenos","4.206","410",,,,"909","2.022","2"
"BARRANQUILLA","SOCIEDAD PORTUARIA REGIONAL DE BARRANQUILLA S.A.","TEUS vacios","793","1.521",,,,"962","2.022","2"
"CARTAGENA","COMPAÑIA DE PUERTOS ASOCIADOS S.A.","TEUS vacios","93","292","60","760",,,"2.022","3"
"SAN ANDRES","SAN ANDRES PORT SOCIETY SA","TEUS vacios","218",,,"4",,"658","2.022","3"
"BUENAVENTURA","SOCIEDAD PORTUARIA TERMINAL DE CONTENEDORES DE BUENAVENTURA S.A.","TEUS vacios","9.990",,"8",,,,"2.022","3"
"TURBO","UNIBAN LOGISTICA S.A","TEUS llenos","4.986","627",,,,"826","2.022","3"
"CARTAGENA","SOCIEDAD PORTUARIA PUERTO BAHIA SA","TEUS llenos",,"22","8",,,,"2.022","3"
"BARRANQUILLA","SOCIEDAD PORTUARIA REGIONAL DE BARRANQUILLA S.A.","TEUS llenos","5.753","5.342",,"35",,,"2.022","3"
"GUAJIRA","CERREJON ZONA NORTE S.A.","TEUS llenos","5","195",,,,,"2.022","3"
"BUENAVENTURA","SOCIEDAD PORTUARIA REGIONAL DE BUENAVENTURA S.A","TEUS llenos","5.980","13.260","1.452",,,,"2.022","3"
"TURBO","UNIBAN LOGISTICA S.A","TEUS vacios","623","5.344",,,,,"2.022","3"
"CARTAGENA","SOCIEDAD PORTUARIA PUERTO BAHIA SA","TEUS vacios",,,"40",,,,"2.022","3"
"BARRANCABERMEJA","SOCIEDAD PORTUARIA IMPALA TERMINALS BARRANCABERMEJA S.A.","TEUS vacios",,,,,"67",,"2.022","3"
"GUAJIRA","CERREJON ZONA NORTE S.A.","TEUS vacios","165",,,,,,"2.022","3"
"BUENAVENTURA","SOCIEDAD PUERTO INDUSTRIAL AGUADULCE S.A.","TEUS llenos","6.520","23.829",,,,"631","2.022","3"
"BUENAVENTURA","SOCIEDAD PUERTO INDUSTRIAL AGUADULCE S.A.","TEUS vacios","17.467",,,,,"4","2.022","3"
"SANTA MARTA","SOCIEDAD PORTUARIA REGIONAL DE SANTA MARTA SA","TEUS vacios","5.096","1.275","75",,,"468","2.022","3"
"CARTAGENA","SOCIEDAD PORTUARIA REGIONAL DE CARTAGENA SA","TEUS vacios","5.754","921","7.129",,,"1.651","2.022","3"
"CARTAGENA","TERMINAL DE CONTENEDORES DE CARTAGENA S. A.","TEUS llenos","16.696","22.322","114.317",,,"5.246","2.022","3"
"BUENAVENTURA","SOCIEDAD PORTUARIA TERMINAL DE CONTENEDORES DE BUENAVENTURA S.A.","TEUS llenos","3.888","11.880","1.789",,,,"2.022","3"
"BARRANQUILLA","SOCIEDAD PORTUARIA REGIONAL DE BARRANQUILLA S.A.","TEUS vacios","1.031","1.435",,,,"1.280","2.022","3"
"CARTAGENA","SOCIEDAD PORTUARIA TRANSMARSYP S.A.","TEUS llenos",,,,,,"344","2.022","3"
"CARTAGENA","TERMINAL DE CONTENEDORES DE CARTAGENA S. A.","TEUS vacios","7.406","1.828","15.632",,,"1.908","2.022","3"
"SAN ANDRES","SAN ANDRES PORT SOCIETY SA","TEUS llenos","1","213",,"1",,"607","2.022","3"
"BARRANQUILLA","PALERMO SOCIEDAD PORTUARIA S.A","TEUS llenos",,"8",,,,,"2.022","3"
"CARTAGENA","SOCIEDAD PORTUARIA TRANSMARSYP S.A.","TEUS vacios",,,,,,"32","2.022","3"
"BUENAVENTURA","SOCIEDAD PORTUARIA REGIONAL DE BUENAVENTURA S.A","TEUS vacios","6.437","435","136",,,,"2.022","3"
"CARTAGENA","COMPAÑIA DE PUERTOS ASOCIADOS S.A.","TEUS llenos","1.799","1.616","68","1.583",,,"2.022","3"
"CARTAGENA","SOCIEDAD PORTUARIA REGIONAL DE CARTAGENA SA","TEUS llenos","10.866","15.950","31.271",,,"403","2.022","3"
"BARRANCABERMEJA","SOCIEDAD PORTUARIA IMPALA TERMINALS BARRANCABERMEJA S.A.","TEUS llenos",,,,,"46",,"2.022","3"
"CARTAGENA","SOCIEDAD PORTUARIA TRANSMARSYP S.A.","TEUS vacios",,,,,,"31","2.022","4"
"CARTAGENA","COMPAÑIA DE PUERTOS ASOCIADOS S.A.","TEUS vacios","106","236","64","38",,,"2.022","4"
"TURBO","UNIBAN LOGISTICA S.A","TEUS vacios","1.364","2.949",,,,,"2.022","4"
"SAN ANDRES","SAN ANDRES PORT SOCIETY SA","TEUS llenos",,"254",,,,"649","2.022","4"
"BARRANCABERMEJA","SOCIEDAD PORTUARIA IMPALA TERMINALS BARRANCABERMEJA S.A.","TEUS llenos",,,,,"69",,"2.022","4"
"BARRANQUILLA","SOCIEDAD PORTUARIA REGIONAL DE BARRANQUILLA S.A.","TEUS llenos","5.122","5.193",,"25",,,"2.022","4"
"BUENAVENTURA","SOCIEDAD PUERTO INDUSTRIAL AGUADULCE S.A.","TEUS vacios","13.348","200",,,,"21","2.022","4"
"GUAJIRA","CERREJON ZONA NORTE S.A.","TEUS llenos","2","116",,,,,"2.022","4"
"BARRANCABERMEJA","SOCIEDAD PORTUARIA IMPALA TERMINALS BARRANCABERMEJA S.A.","TEUS vacios",,,,,"80",,"2.022","4"
"CARTAGENA","SOCIEDAD PORTUARIA TRANSMARSYP S.A.","TEUS llenos",,,,,,"376","2.022","4"
"CARTAGENA","PUERTO DE MAMONAL S.A.","TEUS llenos","8","4",,,,,"2.022","4"
"TURBO","UNIBAN LOGISTICA S.A","TEUS llenos","3.850","511",,,,"600","2.022","4"
"BUENAVENTURA","SOCIEDAD PORTUARIA REGIONAL DE BUENAVENTURA S.A","TEUS vacios","6.885",,"138",,,,"2.022","4"
"BARRANQUILLA","PALERMO SOCIEDAD PORTUARIA S.A","TEUS llenos",,"19",,,,,"2.022","4"
"BUENAVENTURA","SOCIEDAD PUERTO INDUSTRIAL AGUADULCE S.A.","TEUS llenos","4.198","15.511",,,,"388","2.022","4"
"CARTAGENA","SOCIEDAD PORTUARIA REGIONAL DE CARTAGENA SA","TEUS llenos","9.669","14.844","26.086",,,"448","2.022","4"
"GUAJIRA","CERREJON ZONA NORTE S.A.","TEUS vacios","113","6",,,,,"2.022","4"
"CARTAGENA","TERMINAL DE CONTENEDORES DE CARTAGENA S. A.","TEUS llenos","16.289","22.708","107.844",,,"5.581","2.022","4"
"CARTAGENA","SOCIEDAD PORTUARIA REGIONAL DE CARTAGENA SA","TEUS vacios","3.179","621","5.951",,,"1.833","2.022","4"
"BARRANQUILLA","SOCIEDAD PORTUARIA REGIONAL DE BARRANQUILLA S.A.","TEUS vacios","876","1.255",,,,"1.448","2.022","4"
"CARTAGENA","SOCIEDAD PORTUARIA PUERTO BAHIA SA","TEUS llenos",,"14","16",,,,"2.022","4"
"SANTA MARTA","SOCIEDAD PORTUARIA REGIONAL DE SANTA MARTA SA","TEUS vacios","5.106","1.389","224",,,,"2.022","4"
"CARTAGENA","TERMINAL DE CONTENEDORES DE CARTAGENA S. A.","TEUS vacios","9.964","2.168","16.913",,,"1.895","2.022","4"
"GUAJIRA","PUERTO BRISA S.A.","TEUS llenos",,"76",,,,,"2.022","4"
"CARTAGENA","SOCIEDAD PORTUARIA PUERTO BAHIA SA","TEUS vacios",,,"70",,,,"2.022","4"
"CARTAGENA","COMPAÑIA DE PUERTOS ASOCIADOS S.A.","TEUS llenos","1.949","1.950","115","958",,,"2.022","4"
"SAN ANDRES","SAN ANDRES PORT SOCIETY SA","TEUS vacios","264",,,,,"743","2.022","4"
"BUENAVENTURA","SOCIEDAD PORTUARIA TERMINAL DE CONTENEDORES DE BUENAVENTURA S.A.","TEUS vacios","8.904",,,,,,"2.022","4"
"BUENAVENTURA","SOCIEDAD PORTUARIA TERMINAL DE CONTENEDORES DE BUENAVENTURA S.A.","TEUS llenos","2.279","9.792","927",,,,"2.022","4"
"BUENAVENTURA","SOCIEDAD PORTUARIA REGIONAL DE BUENAVENTURA S.A","TEUS llenos","5.112","13.576","1.075",,,,"2.022","4"
"SAN ANDRES","SAN ANDRES PORT SOCIETY SA","TEUS llenos","2","197",,,,"738","2.022","5"
"TURBO","UNIBAN LOGISTICA S.A","TEUS vacios","292","2.798",,,,,"2.022","5"
"TURBO","UNIBAN LOGISTICA S.A","TEUS llenos","3.543","479",,,,"680","2.022","5"
"BARRANCABERMEJA","SOCIEDAD PORTUARIA IMPALA TERMINALS BARRANCABERMEJA S.A.","TEUS vacios",,,,,"90",,"2.022","5"
"SAN ANDRES","SAN ANDRES PORT SOCIETY SA","TEUS vacios","252",,,,,"651","2.022","5"
"CARTAGENA","SOCIEDAD PORTUARIA REGIONAL DE CARTAGENA SA","TEUS vacios","5.296","975","8.120",,,"1.951","2.022","5"
"CARTAGENA","SOCIEDAD PORTUARIA TRANSMARSYP S.A.","TEUS llenos",,,,,,"344","2.022","5"
"BARRANQUILLA","SOCIEDAD PORTUARIA REGIONAL DE BARRANQUILLA S.A.","TEUS vacios","1.034","1.646",,,,"1.701","2.022","5"
"CARTAGENA","PUERTO DE MAMONAL S.A.","TEUS llenos",,"8",,,,,"2.022","5"
"SANTA MARTA","SOCIEDAD PORTUARIA REGIONAL DE SANTA MARTA SA","TEUS vacios","3.796","1.409","49",,,"296","2.022","5"
"BUENAVENTURA","SOCIEDAD PORTUARIA REGIONAL DE BUENAVENTURA S.A","TEUS vacios","6.512",,"1.306",,,,"2.022","5"
"CARTAGENA","SOCIEDAD PORTUARIA PUERTO BAHIA SA","TEUS vacios",,,"86",,,,"2.022","5"
"CARTAGENA","TERMINAL DE CONTENEDORES DE CARTAGENA S. A.","TEUS llenos","15.918","23.008","99.128",,,"6.221","2.022","5"
"BUENAVENTURA","SOCIEDAD PORTUARIA TERMINAL DE CONTENEDORES DE BUENAVENTURA S.A.","TEUS llenos","3.592","10.807","567",,,,"2.022","5"
"CARTAGENA","SOCIEDAD PORTUARIA TRANSMARSYP S.A.","TEUS vacios",,,,,,"32","2.022","5"
"GUAJIRA","CERREJON ZONA NORTE S.A.","TEUS vacios","140","4",,,,,"2.022","5"
"BARRANQUILLA","SOCIEDAD PORTUARIA REGIONAL DE BARRANQUILLA S.A.","TEUS llenos","5.771","4.827","340","357",,,"2.022","5"
"BUENAVENTURA","SOCIEDAD PUERTO INDUSTRIAL AGUADULCE S.A.","TEUS llenos","2.947","12.827",,,,"320","2.022","5"
"GUAJIRA","CERREJON ZONA NORTE S.A.","TEUS llenos","6","94",,,,,"2.022","5"
"CARTAGENA","SOCIEDAD PORTUARIA PUERTO BAHIA SA","TEUS llenos",,"18","16",,,,"2.022","5"
"BUENAVENTURA","SOCIEDAD PUERTO INDUSTRIAL AGUADULCE S.A.","TEUS vacios","11.293",,,,,,"2.022","5"
"GUAJIRA","PUERTO BRISA S.A.","TEUS llenos",,"40",,,,,"2.022","5"
"BUENAVENTURA","SOCIEDAD PORTUARIA REGIONAL DE BUENAVENTURA S.A","TEUS llenos","6.896","18.260","2.817",,,,"2.022","5"
"CARTAGENA","COMPAÑIA DE PUERTOS ASOCIADOS S.A.","TEUS vacios","197","113","67","15",,,"2.022","5"
"CARTAGENA","COMPAÑIA DE PUERTOS ASOCIADOS S.A.","TEUS llenos","1.156","1.503","51","480",,,"2.022","5"
"BUENAVENTURA","SOCIEDAD PORTUARIA TERMINAL DE CONTENEDORES DE BUENAVENTURA S.A.","TEUS vacios","9.496",,,,,,"2.022","5"
"CARTAGENA","TERMINAL DE CONTENEDORES DE CARTAGENA S. A.","TEUS vacios","10.556","697","16.413",,,"2.623","2.022","5"
"CARTAGENA","SOCIEDAD PORTUARIA REGIONAL DE CARTAGENA SA","TEUS llenos","11.846","16.638","29.455",,,"416","2.022","5"
"BARRANCABERMEJA","SOCIEDAD PORTUARIA IMPALA TERMINALS BARRANCABERMEJA S.A.","TEUS llenos",,,,,"44",,"2.022","5"
"CARTAGENA","PUERTO DE MAMONAL S.A.","TEUS llenos",,"21",,,,,"2.022","6"
"GUAJIRA","PUERTO BRISA S.A.","TEUS llenos",,"76",,,,,"2.022","6"
"CARTAGENA","SOCIEDAD PORTUARIA TRANSMARSYP S.A.","TEUS llenos",,,,,,"281","2.022","6"
"SAN ANDRES","SAN ANDRES PORT SOCIETY SA","TEUS llenos","1","219",,,,"504","2.022","6"
"BUENAVENTURA","SOCIEDAD PORTUARIA REGIONAL DE BUENAVENTURA S.A","TEUS llenos","5.994","15.234","2.679",,,,"2.022","6"
"CARTAGENA","TERMINAL DE CONTENEDORES DE CARTAGENA S. A.","TEUS vacios","10.510","2.173","20.468",,,"2.059","2.022","6"
"CARTAGENA","SOCIEDAD PORTUARIA TRANSMARSYP S.A.","TEUS vacios",,,,,,"37","2.022","6"
"BARRANCABERMEJA","SOCIEDAD PORTUARIA IMPALA TERMINALS BARRANCABERMEJA S.A.","TEUS llenos",,,,,"108",,"2.022","6"
"BARRANQUILLA","PALERMO SOCIEDAD PORTUARIA S.A","TEUS llenos",,"134",,,,,"2.022","6"
"BARRANQUILLA","SOCIEDAD PORTUARIA REGIONAL DE BARRANQUILLA S.A.","TEUS llenos","5.125","5.086","1.068","1.217",,"68","2.022","6"
"BARRANQUILLA","SOCIEDAD PORTUARIA REGIONAL DE BARRANQUILLA S.A.","TEUS vacios","934","1.575",,"28",,"1.443","2.022","6"
"BUENAVENTURA","SOCIEDAD PORTUARIA TERMINAL DE CONTENEDORES DE BUENAVENTURA S.A.","TEUS vacios","7.342","299","6",,,,"2.022","6"
"CARTAGENA","SOCIEDAD PORTUARIA REGIONAL DE CARTAGENA SA","TEUS llenos","10.699","15.575","30.328",,,"869","2.022","6"
"SAN ANDRES","SAN ANDRES PORT SOCIETY SA","TEUS vacios","204",,,,,"648","2.022","6"
"CARTAGENA","COMPAÑIA DE PUERTOS ASOCIADOS S.A.","TEUS vacios","183","178",,"5",,,"2.022","6"
"CARTAGENA","SOCIEDAD PORTUARIA PUERTO BAHIA SA","TEUS llenos",,"8",,,,,"2.022","6"
"TURBO","UNIBAN LOGISTICA S.A","TEUS vacios","442","5.766",,,,,"2.022","6"
"BUENAVENTURA","SOCIEDAD PUERTO INDUSTRIAL AGUADULCE S.A.","TEUS llenos","6.142","24.356",,,,"10","2.022","6"
"BUENAVENTURA","SOCIEDAD PORTUARIA TERMINAL DE CONTENEDORES DE BUENAVENTURA S.A.","TEUS llenos","2.888","10.832","696",,,,"2.022","6"
"GUAJIRA","CERREJON ZONA NORTE S.A.","TEUS vacios","142","4",,,,,"2.022","6"
"TURBO","UNIBAN LOGISTICA S.A","TEUS llenos","4.428","429",,,,"988","2.022","6"
"GUAJIRA","CERREJON ZONA NORTE S.A.","TEUS llenos","4","114",,,,,"2.022","6"
"CARTAGENA","SOCIEDAD PORTUARIA REGIONAL DE CARTAGENA SA","TEUS vacios","4.210","1.113","5.911",,,"2.289","2.022","6"
"CARTAGENA","COMPAÑIA DE PUERTOS ASOCIADOS S.A.","TEUS llenos","1.612","1.679","104","905",,,"2.022","6"
"CARTAGENA","SOCIEDAD PORTUARIA PUERTO BAHIA SA","TEUS vacios",,,"114",,,,"2.022","6"
"BUENAVENTURA","SOCIEDAD PUERTO INDUSTRIAL AGUADULCE S.A.","TEUS vacios","14.151",,,,,,"2.022","6"
"SANTA MARTA","SOCIEDAD PORTUARIA REGIONAL DE SANTA MARTA SA","TEUS vacios","1.787","1.536","23",,,,"2.022","6"
"CARTAGENA","TERMINAL DE CONTENEDORES DE CARTAGENA S. A.","TEUS llenos","15.546","22.720","97.010",,,"6.286","2.022","6"
"BUENAVENTURA","SOCIEDAD PORTUARIA REGIONAL DE BUENAVENTURA S.A","TEUS vacios","8.155",,"1.774",,,,"2.022","6"
"BARRANCABERMEJA","SOCIEDAD PORTUARIA IMPALA TERMINALS BARRANCABERMEJA S.A.","TEUS vacios",,,,,"60",,"2.022","6"
"SAN ANDRES","SAN ANDRES PORT SOCIETY SA","TEUS vacios","148",,,,,"689","2.022","7"
"CARTAGENA","COMPAÑIA DE PUERTOS ASOCIADOS S.A.","TEUS vacios","200","150",,"2",,,"2.022","7"
"BUENAVENTURA","SOCIEDAD PORTUARIA TERMINAL DE CONTENEDORES DE BUENAVENTURA S.A.","TEUS vacios","7.967","104","440",,,,"2.022","7"
"BARRANQUILLA","PALERMO SOCIEDAD PORTUARIA S.A","TEUS llenos",,"71",,,,,"2.022","7"
"SAN ANDRES","SAN ANDRES PORT SOCIETY SA","TEUS llenos","54","179",,,,"672","2.022","7"
"BUENAVENTURA","SOCIEDAD PUERTO INDUSTRIAL AGUADULCE S.A.","TEUS llenos","3.358","17.501",,,,"947","2.022","7"
"CARTAGENA","SOCIEDAD PORTUARIA PUERTO BAHIA SA","TEUS vacios",,,"42",,,,"2.022","7"
"BUENAVENTURA","SOCIEDAD PORTUARIA REGIONAL DE BUENAVENTURA S.A","TEUS vacios","12.141","16","989",,,,"2.022","7"
"TURBO","UNIBAN LOGISTICA S.A","TEUS llenos","3.419","548",,,,"722","2.022","7"
"CARTAGENA","PUERTO DE MAMONAL S.A.","TEUS llenos",,"12",,,,,"2.022","7"
"CARTAGENA","COMPAÑIA DE PUERTOS ASOCIADOS S.A.","TEUS llenos","1.368","1.752","155","414",,,"2.022","7"
"BARRANQUILLA","SOCIEDAD PORTUARIA REGIONAL DE BARRANQUILLA S.A.","TEUS vacios","1.656","2.002",,"324",,"1.003","2.022","7"
"CARTAGENA","SOCIEDAD PORTUARIA REGIONAL DE CARTAGENA SA","TEUS llenos","11.649","18.148","25.898",,,"880","2.022","7"
"BARRANCABERMEJA","SOCIEDAD PORTUARIA IMPALA TERMINALS BARRANCABERMEJA S.A.","TEUS llenos",,,,,"50",,"2.022","7"
"BUENAVENTURA","SOCIEDAD PORTUARIA REGIONAL DE BUENAVENTURA S.A","TEUS llenos","5.798","21.407","4.919",,,,"2.022","7"
"BUENAVENTURA","SOCIEDAD PUERTO INDUSTRIAL AGUADULCE S.A.","TEUS vacios","16.425",,,,,"8","2.022","7"
"TURBO","UNIBAN LOGISTICA S.A","TEUS vacios","330","2.776",,,,,"2.022","7"
"CARTAGENA","SOCIEDAD PORTUARIA TRANSMARSYP S.A.","TEUS llenos",,,,,,"322","2.022","7"
"CARTAGENA","SOCIEDAD PORTUARIA TRANSMARSYP S.A.","TEUS vacios",,,,,,"34","2.022","7"
"BARRANCABERMEJA","SOCIEDAD PORTUARIA IMPALA TERMINALS BARRANCABERMEJA S.A.","TEUS vacios",,,,,"57",,"2.022","7"
"CARTAGENA","TERMINAL DE CONTENEDORES DE CARTAGENA S. A.","TEUS vacios","8.760","2.003","18.679",,,"1.810","2.022","7"
"BARRANQUILLA","PALERMO SOCIEDAD PORTUARIA S.A","TEUS vacios",,"25",,,,,"2.022","7"
"BARRANQUILLA","SOCIEDAD PORTUARIA REGIONAL DE BARRANQUILLA S.A.","TEUS llenos","5.521","5.736","1.422","1.467",,,"2.022","7"
"GUAJIRA","CERREJON ZONA NORTE S.A.","TEUS llenos",,"155",,,,,"2.022","7"
"SANTA MARTA","SOCIEDAD PORTUARIA REGIONAL DE SANTA MARTA SA","TEUS vacios","2.695","1.435","75",,,"622","2.022","7"
"CARTAGENA","SOCIEDAD PORTUARIA REGIONAL DE CARTAGENA SA","TEUS vacios","5.613","700","2.598",,,"1.685","2.022","7"
"CARTAGENA","TERMINAL DE CONTENEDORES DE CARTAGENA S. A.","TEUS llenos","14.211","22.036","89.346",,,"5.894","2.022","7"
"GUAJIRA","CERREJON ZONA NORTE S.A.","TEUS vacios",,"48",,,,,"2.022","7"
"CARTAGENA","SOCIEDAD PORTUARIA PUERTO BAHIA SA","TEUS llenos",,"24",,,,,"2.022","7"
"BUENAVENTURA","SOCIEDAD PORTUARIA TERMINAL DE CONTENEDORES DE BUENAVENTURA S.A.","TEUS llenos","3.711","11.397","1.497",,,,"2.022","7"
"CARTAGENA","COMPAÑIA DE PUERTOS ASOCIADOS S.A.","TEUS llenos","1.613","2.727","222","228",,,"2.022","8"
"GUAJIRA","PUERTO BRISA S.A.","TEUS llenos",,"48",,,,,"2.022","8"
"CARTAGENA","TERMINAL DE CONTENEDORES DE CARTAGENA S. A.","TEUS llenos","15.638","22.747","94.243",,,"5.784","2.022","8"
"BARRANQUILLA","SOCIEDAD PORTUARIA REGIONAL DE BARRANQUILLA S.A.","TEUS llenos","5.408","5.541","1.254","1.016",,,"2.022","8"
"BUENAVENTURA","SOCIEDAD PORTUARIA REGIONAL DE BUENAVENTURA S.A","TEUS llenos","4.758","15.271","3.703",,,,"2.022","8"
"BARRANQUILLA","PALERMO SOCIEDAD PORTUARIA S.A","TEUS llenos",,"23",,,,,"2.022","8"
"TURBO","UNIBAN LOGISTICA S.A","TEUS vacios","1.300","2.742",,,,,"2.022","8"
"BARRANQUILLA","SOCIEDAD PORTUARIA REGIONAL DE BARRANQUILLA S.A.","TEUS vacios","1.542","2.452",,,,"2.018","2.022","8"
"SAN ANDRES","SAN ANDRES PORT SOCIETY SA","TEUS llenos","1","226",,,,"591","2.022","8"
"BUENAVENTURA","SOCIEDAD PORTUARIA TERMINAL DE CONTENEDORES DE BUENAVENTURA S.A.","TEUS vacios","10.041","305",,,,,"2.022","8"
"CARTAGENA","COMPAÑIA DE PUERTOS ASOCIADOS S.A.","TEUS vacios","3.259","89",,"2",,,"2.022","8"
"CARTAGENA","SOCIEDAD PORTUARIA PUERTO BAHIA SA","TEUS llenos",,"2",,,,,"2.022","8"
"CARTAGENA","SOCIEDAD PORTUARIA REGIONAL DE CARTAGENA SA","TEUS vacios","2.740","861","6.967",,,"2.390","2.022","8"
"CARTAGENA","SOCIEDAD PORTUARIA PUERTO BAHIA SA","TEUS vacios",,,"68",,,,"2.022","8"
"SAN ANDRES","SAN ANDRES PORT SOCIETY SA","TEUS vacios","289",,,,,"676","2.022","8"
"BUENAVENTURA","SOCIEDAD PORTUARIA TERMINAL DE CONTENEDORES DE BUENAVENTURA S.A.","TEUS llenos","3.470","19.398","636",,,,"2.022","8"
"CARTAGENA","SOCIEDAD PORTUARIA REGIONAL DE CARTAGENA SA","TEUS llenos","11.561","15.468","29.117",,,"657","2.022","8"
"BUENAVENTURA","SOCIEDAD PUERTO INDUSTRIAL AGUADULCE S.A.","TEUS vacios","18.265",,,,,,"2.022","8"
"BARRANQUILLA","PALERMO SOCIEDAD PORTUARIA S.A","TEUS vacios","19",,,,,,"2.022","8"
"BARRANCABERMEJA","SOCIEDAD PORTUARIA IMPALA TERMINALS BARRANCABERMEJA S.A.","TEUS llenos",,,,,"57",,"2.022","8"
"BUENAVENTURA","SOCIEDAD PUERTO INDUSTRIAL AGUADULCE S.A.","TEUS llenos","5.240","22.792",,,,"670","2.022","8"
"SANTA MARTA","SOCIEDAD PORTUARIA REGIONAL DE SANTA MARTA SA","TEUS vacios","3.286","1.556","33",,,,"2.022","8"
"CARTAGENA","SOCIEDAD PORTUARIA TRANSMARSYP S.A.","TEUS vacios",,,,,,"41","2.022","8"
"CARTAGENA","SOCIEDAD PORTUARIA TRANSMARSYP S.A.","TEUS llenos",,,,,,"275","2.022","8"
"CARTAGENA","TERMINAL DE CONTENEDORES DE CARTAGENA S. A.","TEUS vacios","9.248","1.274","25.595",,,"1.340","2.022","8"
"BARRANCABERMEJA","SOCIEDAD PORTUARIA IMPALA TERMINALS BARRANCABERMEJA S.A.","TEUS vacios",,,,,"50",,"2.022","8"
"BUENAVENTURA","SOCIEDAD PORTUARIA REGIONAL DE BUENAVENTURA S.A","TEUS vacios","12.574",,"43",,,,"2.022","8"
"TURBO","UNIBAN LOGISTICA S.A","TEUS llenos","3.690","314",,,,"749","2.022","8"
"CARTAGENA","SOCIEDAD PORTUARIA TRANSMARSYP S.A.","TEUS vacios",,,,,,"29","2.022","9"
"GUAJIRA","CERREJON ZONA NORTE S.A.","TEUS vacios",,"93",,,,,"2.022","9"
"CARTAGENA","PUERTO DE MAMONAL S.A.","TEUS llenos","16","29",,,,,"2.022","9"
"BARRANCABERMEJA","SOCIEDAD PORTUARIA IMPALA TERMINALS BARRANCABERMEJA S.A.","TEUS vacios",,,,,"100",,"2.022","9"
"BUENAVENTURA","SOCIEDAD PORTUARIA TERMINAL DE CONTENEDORES DE BUENAVENTURA S.A.","TEUS vacios","8.387","150",,,,,"2.022","9"
"BARRANQUILLA","SOCIEDAD PORTUARIA REGIONAL DE BARRANQUILLA S.A.","TEUS llenos","5.165","5.816","262","216",,,"2.022","9"
"SANTA MARTA","SOCIEDAD PORTUARIA REGIONAL DE SANTA MARTA SA","TEUS vacios","3.688","1.504","20",,,,"2.022","9"
"BARRANQUILLA","SOCIEDAD PORTUARIA REGIONAL DE BARRANQUILLA S.A.","TEUS vacios","1.093","1.588",,"136",,"1.458","2.022","9"
"CARTAGENA","SOCIEDAD PORTUARIA REGIONAL DE CARTAGENA SA","TEUS llenos","9.165","12.572","29.596",,,"563","2.022","9"
"CARTAGENA","TERMINAL DE CONTENEDORES DE CARTAGENA S. A.","TEUS llenos","14.362","20.794","79.241",,,"4.930","2.022","9"
"CARTAGENA","SOCIEDAD PORTUARIA PUERTO BAHIA SA","TEUS llenos",,"6",,,,,"2.022","9"
"CARTAGENA","SOCIEDAD PORTUARIA PUERTO BAHIA SA","TEUS vacios",,,"106",,,,"2.022","9"
"GUAJIRA","CERREJON ZONA NORTE S.A.","TEUS llenos","13","109",,,,,"2.022","9"
"GUAJIRA","PUERTO BRISA S.A.","TEUS llenos",,"8",,,,,"2.022","9"
"CARTAGENA","COMPAÑIA DE PUERTOS ASOCIADOS S.A.","TEUS llenos","2.071","4.317","51","271",,,"2.022","9"
"TURBO","UNIBAN LOGISTICA S.A","TEUS llenos","4.946","398",,,,"717","2.022","9"
"CARTAGENA","TERMINAL DE CONTENEDORES DE CARTAGENA S. A.","TEUS vacios","9.807","2.226","17.905",,,"1.143","2.022","9"
"BUENAVENTURA","SOCIEDAD PUERTO INDUSTRIAL AGUADULCE S.A.","TEUS llenos","4.772","16.976",,,,"332","2.022","9"
"BARRANQUILLA","PALERMO SOCIEDAD PORTUARIA S.A","TEUS llenos",,"115",,"64",,,"2.022","9"
"BARRANQUILLA","PALERMO SOCIEDAD PORTUARIA S.A","TEUS vacios",,"6",,,,,"2.022","9"
"CARTAGENA","SOCIEDAD PORTUARIA TRANSMARSYP S.A.","TEUS llenos",,,,,,"411","2.022","9"
"BUENAVENTURA","SOCIEDAD PORTUARIA TERMINAL DE CONTENEDORES DE BUENAVENTURA S.A.","TEUS llenos","3.273","12.842","1.244",,,,"2.022","9"
"CARTAGENA","SOCIEDAD PORTUARIA REGIONAL DE CARTAGENA SA","TEUS vacios","933","534","5.960",,,"1.875","2.022","9"
"SAN ANDRES","SAN ANDRES PORT SOCIETY SA","TEUS llenos",,"188",,,,"692","2.022","9"
"BUENAVENTURA","SOCIEDAD PORTUARIA REGIONAL DE BUENAVENTURA S.A","TEUS vacios","7.808","12","72",,,,"2.022","9"
"BUENAVENTURA","SOCIEDAD PUERTO INDUSTRIAL AGUADULCE S.A.","TEUS vacios","14.684","476",,,,"962","2.022","9"
"SAN ANDRES","SAN ANDRES PORT SOCIETY SA","TEUS vacios","230","12",,,,"730","2.022","9"
"TURBO","UNIBAN LOGISTICA S.A","TEUS vacios","224","4.168",,,,,"2.022","9"
"CARTAGENA","COMPAÑIA DE PUERTOS ASOCIADOS S.A.","TEUS vacios","3.082","50",,"2",,,"2.022","9"
"BUENAVENTURA","SOCIEDAD PORTUARIA REGIONAL DE BUENAVENTURA S.A","TEUS llenos","6.216","18.953","3.616",,,,"2.022","9"
"BARRANCABERMEJA","SOCIEDAD PORTUARIA IMPALA TERMINALS BARRANCABERMEJA S.A.","TEUS llenos",,,,,"84",,"2.022","9"
"CARTAGENA","SOCIEDAD PORTUARIA TRANSMARSYP S.A.","TEUS llenos",,,,,,"342","2.022","10"
"CARTAGENA","TERMINAL DE CONTENEDORES DE CARTAGENA S. A.","TEUS llenos","16.103","21.500","94.965",,,"4.742","2.022","10"
"BUENAVENTURA","SOCIEDAD PORTUARIA TERMINAL DE CONTENEDORES DE BUENAVENTURA S.A.","TEUS vacios","10.458","101",,,,,"2.022","10"
"CARTAGENA","COMPAÑIA DE PUERTOS ASOCIADOS S.A.","TEUS llenos","1.921","2.906",,"137",,,"2.022","10"
"BUENAVENTURA","SOCIEDAD PUERTO INDUSTRIAL AGUADULCE S.A.","TEUS vacios","13.613",,,,,,"2.022","10"
"BARRANCABERMEJA","SOCIEDAD PORTUARIA IMPALA TERMINALS BARRANCABERMEJA S.A.","TEUS vacios",,,,,"151",,"2.022","10"
"CARTAGENA","SOCIEDAD PORTUARIA PUERTO BAHIA SA","TEUS llenos",,"2",,,,,"2.022","10"
"TURBO","UNIBAN LOGISTICA S.A","TEUS llenos","3.441","544",,,,"449","2.022","10"
"CARTAGENA","COMPAÑIA DE PUERTOS ASOCIADOS S.A.","TEUS vacios","2.767","229",,,,,"2.022","10"
"BUENAVENTURA","SOCIEDAD PORTUARIA REGIONAL DE BUENAVENTURA S.A","TEUS llenos","5.027","14.705","3.024",,,,"2.022","10"
"SAN ANDRES","SAN ANDRES PORT SOCIETY SA","TEUS vacios","176",,,,,"658","2.022","10"
"CARTAGENA","PUERTO DE MAMONAL S.A.","TEUS llenos",,"57",,,,,"2.022","10"
"SAN ANDRES","SAN ANDRES PORT SOCIETY SA","TEUS llenos","1","161",,,,"727","2.022","10"
"SANTA MARTA","SOCIEDAD PORTUARIA REGIONAL DE SANTA MARTA SA","TEUS vacios","4.861","1.440","14",,,,"2.022","10"
"CARTAGENA","SOCIEDAD PORTUARIA TRANSMARSYP S.A.","TEUS vacios",,,,,,"42","2.022","10"
"CARTAGENA","SOCIEDAD PORTUARIA PUERTO BAHIA SA","TEUS vacios",,"2","49",,,,"2.022","10"
"CARTAGENA","SOCIEDAD PORTUARIA REGIONAL DE CARTAGENA SA","TEUS vacios","2.917","674","11.061",,,"2.617","2.022","10"
"BARRANQUILLA","SOCIEDAD PORTUARIA REGIONAL DE BARRANQUILLA S.A.","TEUS llenos","5.442","5.561","172","170",,,"2.022","10"
"CARTAGENA","TERMINAL DE CONTENEDORES DE CARTAGENA S. A.","TEUS vacios","11.162","1.919","29.179",,,"1.878","2.022","10"
"BUENAVENTURA","SOCIEDAD PORTUARIA REGIONAL DE BUENAVENTURA S.A","TEUS vacios","5.598","8","94",,,,"2.022","10"
"TURBO","UNIBAN LOGISTICA S.A","TEUS vacios","316","3.600",,,,,"2.022","10"
"BUENAVENTURA","SOCIEDAD PUERTO INDUSTRIAL AGUADULCE S.A.","TEUS llenos","6.073","16.059",,,,"922","2.022","10"
"BARRANQUILLA","SOCIEDAD PORTUARIA REGIONAL DE BARRANQUILLA S.A.","TEUS vacios","1.417","1.797",,"164",,"1.785","2.022","10"
"BARRANCABERMEJA","SOCIEDAD PORTUARIA IMPALA TERMINALS BARRANCABERMEJA S.A.","TEUS llenos",,,,,"87",,"2.022","10"
"CARTAGENA","SOCIEDAD PORTUARIA REGIONAL DE CARTAGENA SA","TEUS llenos","10.433","14.292","36.113",,,"796","2.022","10"
"BUENAVENTURA","SOCIEDAD PORTUARIA TERMINAL DE CONTENEDORES DE BUENAVENTURA S.A.","TEUS llenos","4.358","11.787","1.455",,,,"2.022","10"
"CARTAGENA","SOCIEDAD PORTUARIA TRANSMARSYP S.A.","TEUS vacios",,,,,,"31","2.022","11"
"CARTAGENA","SOCIEDAD PORTUARIA TRANSMARSYP S.A.","TEUS llenos",,,,,,"339","2.022","11"
"CARTAGENA","TERMINAL DE CONTENEDORES DE CARTAGENA S. A.","TEUS vacios","10.555","2.646","27.180",,,"1.491","2.022","11"
"SAN ANDRES","SAN ANDRES PORT SOCIETY SA","TEUS llenos","1","151",,,,"622","2.022","11"
"CARTAGENA","COMPAÑIA DE PUERTOS ASOCIADOS S.A.","TEUS vacios","1.991","140","10",,,,"2.022","11"
"SAN ANDRES","SAN ANDRES PORT SOCIETY SA","TEUS vacios","180",,,,,"720","2.022","11"
"BUENAVENTURA","SOCIEDAD PUERTO INDUSTRIAL AGUADULCE S.A.","TEUS llenos","3.839","23.824",,,,"296","2.022","11"
"BARRANQUILLA","PALERMO SOCIEDAD PORTUARIA S.A","TEUS vacios",,"6",,,,,"2.022","11"
"CARTAGENA","COMPAÑIA DE PUERTOS ASOCIADOS S.A.","TEUS llenos","1.970","3.326",,"28",,,"2.022","11"
"BUENAVENTURA","SOCIEDAD PORTUARIA TERMINAL DE CONTENEDORES DE BUENAVENTURA S.A.","TEUS llenos","3.897","16.397","1.148",,,,"2.022","11"
"TURBO","UNIBAN LOGISTICA S.A","TEUS llenos","2.887","264",,,,"585","2.022","11"
"BARRANQUILLA","PALERMO SOCIEDAD PORTUARIA S.A","TEUS llenos",,"60",,,,,"2.022","11"
"BUENAVENTURA","SOCIEDAD PORTUARIA TERMINAL DE CONTENEDORES DE BUENAVENTURA S.A.","TEUS vacios","10.028","240",,,,,"2.022","11"
"CARTAGENA","SOCIEDAD PORTUARIA PUERTO BAHIA SA","TEUS vacios",,,"19",,,,"2.022","11"
"TURBO","UNIBAN LOGISTICA S.A","TEUS vacios","482","2.468",,,,,"2.022","11"
"BUENAVENTURA","SOCIEDAD PORTUARIA REGIONAL DE BUENAVENTURA S.A","TEUS vacios","8.251","239","102",,,,"2.022","11"
"CARTAGENA","PUERTO DE MAMONAL S.A.","TEUS llenos",,"22",,,,,"2.022","11"
"SANTA MARTA","SOCIEDAD PORTUARIA REGIONAL DE SANTA MARTA SA","TEUS vacios","4.040","1.293","20",,,"202","2.022","11"
"BUENAVENTURA","SOCIEDAD PUERTO INDUSTRIAL AGUADULCE S.A.","TEUS vacios","25.113","90",,,,"74","2.022","11"
"BARRANQUILLA","SOCIEDAD PORTUARIA REGIONAL DE BARRANQUILLA S.A.","TEUS vacios","1.034","1.207",,,,"1.187","2.022","11"
"BUENAVENTURA","SOCIEDAD PORTUARIA REGIONAL DE BUENAVENTURA S.A","TEUS llenos","5.926","14.620","4.334",,,,"2.022","11"
"CARTAGENA","TERMINAL DE CONTENEDORES DE CARTAGENA S. A.","TEUS llenos","15.683","20.515","84.390",,,"4.992","2.022","11"
"BARRANCABERMEJA","SOCIEDAD PORTUARIA IMPALA TERMINALS BARRANCABERMEJA S.A.","TEUS llenos",,,,,"97",,"2.022","11"
"CARTAGENA","SOCIEDAD PORTUARIA PUERTO BAHIA SA","TEUS llenos",,"14","2",,,,"2.022","11"
"BARRANQUILLA","SOCIEDAD PORTUARIA REGIONAL DE BARRANQUILLA S.A.","TEUS llenos","5.249","4.573","12","13",,,"2.022","11"
"BARRANCABERMEJA","SOCIEDAD PORTUARIA IMPALA TERMINALS BARRANCABERMEJA S.A.","TEUS vacios",,,,,"50",,"2.022","11"
"CARTAGENA","SOCIEDAD PORTUARIA REGIONAL DE CARTAGENA SA","TEUS vacios","1.509","886","5.975",,,"1.736","2.022","11"
"CARTAGENA","SOCIEDAD PORTUARIA REGIONAL DE CARTAGENA SA","TEUS llenos","8.463","10.082","28.216",,,"680","2.022","11"
"CARTAGENA","SOCIEDAD PORTUARIA TRANSMARSYP S.A.","TEUS vacios",,,,,,"35","2.022","12"
"BUENAVENTURA","SOCIEDAD PORTUARIA TERMINAL DE CONTENEDORES DE BUENAVENTURA S.A.","TEUS vacios","12.473","386",,,,,"2.022","12"
"BUENAVENTURA","SOCIEDAD PUERTO INDUSTRIAL AGUADULCE S.A.","TEUS llenos","4.052","19.351",,,,"828","2.022","12"
"CARTAGENA","COMPAÑIA DE PUERTOS ASOCIADOS S.A.","TEUS vacios","2.100","228",,"6",,,"2.022","12"
"TURBO","UNIBAN LOGISTICA S.A","TEUS vacios","341","2.875",,,,,"2.022","12"
"BARRANQUILLA","SOCIEDAD PORTUARIA REGIONAL DE BARRANQUILLA S.A.","TEUS llenos","5.168","4.601","19","22",,,"2.022","12"
"BUENAVENTURA","SOCIEDAD PORTUARIA TERMINAL DE CONTENEDORES DE BUENAVENTURA S.A.","TEUS llenos","3.651","12.641","1.283",,,,"2.022","12"
"SAN ANDRES","SAN ANDRES PORT SOCIETY SA","TEUS vacios","192",,,,,"662","2.022","12"
"CARTAGENA","TERMINAL DE CONTENEDORES DE CARTAGENA S. A.","TEUS vacios","13.328","2.528","39.791",,,"1.264","2.022","12"
"CARTAGENA","PUERTO DE MAMONAL S.A.","TEUS llenos",,"98",,,,,"2.022","12"
"BUENAVENTURA","SOCIEDAD PUERTO INDUSTRIAL AGUADULCE S.A.","TEUS vacios","12.812","1",,,,"222","2.022","12"
"SAN ANDRES","SAN ANDRES PORT SOCIETY SA","TEUS llenos",,"182",,,,"620","2.022","12"
"CARTAGENA","SOCIEDAD PORTUARIA PUERTO BAHIA SA","TEUS vacios",,,"40",,,,"2.022","12"
"BARRANCABERMEJA","SOCIEDAD PORTUARIA IMPALA TERMINALS BARRANCABERMEJA S.A.","TEUS vacios",,,,,"80",,"2.022","12"
"BARRANQUILLA","PALERMO SOCIEDAD PORTUARIA S.A","TEUS llenos",,"18",,,,,"2.022","12"
"TURBO","UNIBAN LOGISTICA S.A","TEUS llenos","3.320","247",,,,"409","2.022","12"
"BUENAVENTURA","SOCIEDAD PORTUARIA REGIONAL DE BUENAVENTURA S.A","TEUS llenos","6.302","10.463","3.428",,,,"2.022","12"
"CARTAGENA","TERMINAL DE CONTENEDORES DE CARTAGENA S. A.","TEUS llenos","16.862","18.721","108.963",,,"5.627","2.022","12"
"CARTAGENA","SOCIEDAD PORTUARIA REGIONAL DE CARTAGENA SA","TEUS llenos","9.356","10.993","26.297",,,"331","2.022","12"
"CARTAGENA","COMPAÑIA DE PUERTOS ASOCIADOS S.A.","TEUS llenos","2.458","2.892",,"75",,,"2.022","12"
"GUAJIRA","CERREJON ZONA NORTE S.A.","TEUS llenos",,"168",,,,,"2.022","12"
"CARTAGENA","SOCIEDAD PORTUARIA PUERTO BAHIA SA","TEUS llenos",,"2","2",,,,"2.022","12"
"CARTAGENA","SOCIEDAD PORTUARIA REGIONAL DE CARTAGENA SA","TEUS vacios","2.836","1.326","11.515",,,"2.355","2.022","12"
"CARTAGENA","SOCIEDAD PORTUARIA TRANSMARSYP S.A.","TEUS llenos",,,,,,"286","2.022","12"
"BUENAVENTURA","SOCIEDAD PORTUARIA REGIONAL DE BUENAVENTURA S.A","TEUS vacios","7.658","277","835",,,,"2.022","12"
"BARRANQUILLA","SOCIEDAD PORTUARIA REGIONAL DE BARRANQUILLA S.A.","TEUS vacios","1.013","1.413",,,,"1.259","2.022","12"
"BARRANCABERMEJA","SOCIEDAD PORTUARIA IMPALA TERMINALS BARRANCABERMEJA S.A.","TEUS llenos",,,,,"130",,"2.022","12"
"SANTA MARTA","SOCIEDAD PORTUARIA REGIONAL DE SANTA MARTA SA","TEUS vacios","2.888","1.050","2",,,"404","2.022","12"
"GUAJIRA","CERREJON ZONA NORTE S.A.","TEUS vacios",,"114",,,,,"2.022","12"
"CARTAGENA","SOCIEDAD PORTUARIA PUERTO BAHIA SA","TEUS vacios",,,"18",,,,"2.023","1"
"BARRANQUILLA","PALERMO SOCIEDAD PORTUARIA S.A","TEUS llenos","8","47","28",,,,"2.023","1"
"SAN ANDRES","SAN ANDRES PORT SOCIETY SA","TEUS llenos","1","131",,,,"671","2.023","1"
"CARTAGENA","SOCIEDAD PORTUARIA TRANSMARSYP S.A.","TEUS vacios",,,,,,"35","2.023","1"
"BARRANQUILLA","SOCIEDAD PORTUARIA REGIONAL DE BARRANQUILLA S.A.","TEUS llenos","4.063","3.784","9","9",,,"2.023","1"
"CARTAGENA","SOCIEDAD PORTUARIA TRANSMARSYP S.A.","TEUS llenos",,,,,,"346","2.023","1"
"CARTAGENA","SOCIEDAD PORTUARIA REGIONAL DE CARTAGENA SA","TEUS llenos","8.443","9.773","24.244",,,"125","2.023","1"
"TURBO","UNIBAN LOGISTICA S.A","TEUS vacios","324","3.350",,,,,"2.023","1"
"BARRANCABERMEJA","SOCIEDAD PORTUARIA IMPALA TERMINALS BARRANCABERMEJA S.A.","TEUS vacios",,,,,"71",,"2.023","1"
"BUENAVENTURA","SOCIEDAD PUERTO INDUSTRIAL AGUADULCE S.A.","TEUS vacios","18.322",,,,,,"2.023","1"
"BUENAVENTURA","SOCIEDAD PORTUARIA REGIONAL DE BUENAVENTURA S.A","TEUS vacios","6.247","70","121",,,,"2.023","1"
"SAN ANDRES","SAN ANDRES PORT SOCIETY SA","TEUS vacios","168",,,,,"596","2.023","1"
"CARTAGENA","PUERTO DE MAMONAL S.A.","TEUS llenos","1","2","4",,,,"2.023","1"
"BUENAVENTURA","SOCIEDAD PORTUARIA TERMINAL DE CONTENEDORES DE BUENAVENTURA S.A.","TEUS llenos","3.592","9.000","1.898",,,,"2.023","1"
"CARTAGENA","SOCIEDAD PORTUARIA PUERTO BAHIA SA","TEUS llenos",,"2",,,,,"2.023","1"
"CARTAGENA","COMPAÑIA DE PUERTOS ASOCIADOS S.A.","TEUS llenos","1.616","2.590",,"36",,,"2.023","1"
"BARRANCABERMEJA","SOCIEDAD PORTUARIA IMPALA TERMINALS BARRANCABERMEJA S.A.","TEUS llenos",,,,,"72",,"2.023","1"
"BUENAVENTURA","SOCIEDAD PORTUARIA TERMINAL DE CONTENEDORES DE BUENAVENTURA S.A.","TEUS vacios","5.453","174","92",,,,"2.023","1"
"BUENAVENTURA","SOCIEDAD PUERTO INDUSTRIAL AGUADULCE S.A.","TEUS llenos","4.061","18.927",,,,"478","2.023","1"
"CARTAGENA","PUERTO BUENAVISTA S.A","TEUS llenos",,,,,,"8","2.023","1"
"BUENAVENTURA","SOCIEDAD PORTUARIA REGIONAL DE BUENAVENTURA S.A","TEUS llenos","3.281","8.671","3.280",,,,"2.023","1"
"TURBO","UNIBAN LOGISTICA S.A","TEUS llenos","3.142","422",,,,"418","2.023","1"
"CARTAGENA","SOCIEDAD PORTUARIA REGIONAL DE CARTAGENA SA","TEUS vacios","1.386","592","7.720",,,"1.884","2.023","1"
"CARTAGENA","TERMINAL DE CONTENEDORES DE CARTAGENA S. A.","TEUS llenos","13.992","20.298","115.761",,,"5.624","2.023","1"
"BARRANQUILLA","SOCIEDAD PORTUARIA REGIONAL DE BARRANQUILLA S.A.","TEUS vacios","1.516","1.769",,,,"1.089","2.023","1"
"SANTA MARTA","SOCIEDAD PORTUARIA REGIONAL DE SANTA MARTA SA","TEUS vacios","3.554","992","13",,,,"2.023","1"
"CARTAGENA","TERMINAL DE CONTENEDORES DE CARTAGENA S. A.","TEUS vacios","10.151","2.800","47.339",,,"1.102","2.023","1"
"CARTAGENA","COMPAÑIA DE PUERTOS ASOCIADOS S.A.","TEUS vacios","1.752","180","64","1",,,"2.023","1"
"CARTAGENA","SOCIEDAD PORTUARIA REGIONAL DE CARTAGENA SA","TEUS vacios","2.360","701","6.515",,,"3.437","2.023","2"
"CARTAGENA","TERMINAL DE CONTENEDORES DE CARTAGENA S. A.","TEUS vacios","6.446","1.364","30.454",,,"757","2.023","2"
"CARTAGENA","SOCIEDAD PORTUARIA REGIONAL DE CARTAGENA SA","TEUS llenos","7.718","9.425","19.823",,,"158","2.023","2"
"BUENAVENTURA","SOCIEDAD PUERTO INDUSTRIAL AGUADULCE S.A.","TEUS llenos","4.672","18.937",,,,"562","2.023","2"
"CARTAGENA","SOCIEDAD PORTUARIA TRANSMARSYP S.A.","TEUS vacios",,,,,,"33","2.023","2"
"CARTAGENA","SOCIEDAD PORTUARIA PUERTO BAHIA SA","TEUS vacios",,,"45",,,,"2.023","2"
"CARTAGENA","SOCIEDAD PORTUARIA PUERTO BAHIA SA","TEUS llenos",,"4",,,,,"2.023","2"
"SANTA MARTA","SOCIEDAD PORTUARIA REGIONAL DE SANTA MARTA SA","TEUS vacios","5.043","850","42",,,,"2.023","2"
"BUENAVENTURA","SOCIEDAD PORTUARIA REGIONAL DE BUENAVENTURA S.A","TEUS vacios","5.935","60","291",,,,"2.023","2"
"TURBO","UNIBAN LOGISTICA S.A","TEUS vacios","122","3.522",,,,,"2.023","2"
"BUENAVENTURA","SOCIEDAD PORTUARIA TERMINAL DE CONTENEDORES DE BUENAVENTURA S.A.","TEUS llenos","4.026","12.441","1.355",,,,"2.023","2"
"BARRANCABERMEJA","SOCIEDAD PORTUARIA IMPALA TERMINALS BARRANCABERMEJA S.A.","TEUS llenos",,,,,"237",,"2.023","2"
"CARTAGENA","TERMINAL DE CONTENEDORES DE CARTAGENA S. A.","TEUS llenos","15.042","16.248","80.453",,,"3.965","2.023","2"
"BARRANQUILLA","SOCIEDAD PORTUARIA REGIONAL DE BARRANQUILLA S.A.","TEUS llenos","4.828","3.433","13","12",,,"2.023","2"
"BUENAVENTURA","SOCIEDAD PORTUARIA REGIONAL DE BUENAVENTURA S.A","TEUS llenos","5.674","9.692","2.886",,,,"2.023","2"
"GUAJIRA","CERREJON ZONA NORTE S.A.","TEUS llenos",,"127",,,,,"2.023","2"
"SAN ANDRES","SAN ANDRES PORT SOCIETY SA","TEUS llenos",,"131",,,,"498","2.023","2"
"BUENAVENTURA","SOCIEDAD PUERTO INDUSTRIAL AGUADULCE S.A.","TEUS vacios","14.936","25",,,,,"2.023","2"
"CARTAGENA","COMPAÑIA DE PUERTOS ASOCIADOS S.A.","TEUS llenos","1.838","1.624",,"56",,,"2.023","2"
"TURBO","UNIBAN LOGISTICA S.A","TEUS llenos","3.378","226",,,,"434","2.023","2"
"BARRANQUILLA","SOCIEDAD PORTUARIA REGIONAL DE BARRANQUILLA S.A.","TEUS vacios","613","2.070",,,,"1.212","2.023","2"
"CARTAGENA","SOCIEDAD PORTUARIA TRANSMARSYP S.A.","TEUS llenos",,,,,,"289","2.023","2"
"BARRANCABERMEJA","SOCIEDAD PORTUARIA IMPALA TERMINALS BARRANCABERMEJA S.A.","TEUS vacios",,,,,"40",,"2.023","2"
"BUENAVENTURA","SOCIEDAD PORTUARIA TERMINAL DE CONTENEDORES DE BUENAVENTURA S.A.","TEUS vacios","9.003","221","4",,,"1.608","2.023","2"
"SAN ANDRES","SAN ANDRES PORT SOCIETY SA","TEUS vacios","162",,,,,"462","2.023","2"
"CARTAGENA","COMPAÑIA DE PUERTOS ASOCIADOS S.A.","TEUS vacios","838","54","30",,,,"2.023","2"
"BARRANQUILLA","PALERMO SOCIEDAD PORTUARIA S.A","TEUS llenos",,"60",,,,,"2.023","2"
"GUAJIRA","CERREJON ZONA NORTE S.A.","TEUS vacios",,"63",,,,,"2.023","2"
"CARTAGENA","COMPAÑIA DE PUERTOS ASOCIADOS S.A.","TEUS vacios","1.608","552",,,,,"2.023","3"
"BUENAVENTURA","SOCIEDAD PUERTO INDUSTRIAL AGUADULCE S.A.","TEUS vacios","10.714",,,,,,"2.023","3"
"CARTAGENA","TERMINAL DE CONTENEDORES DE CARTAGENA S. A.","TEUS llenos","17.692","20.542","110.602",,,"5.477","2.023","3"
"BUENAVENTURA","SOCIEDAD PUERTO INDUSTRIAL AGUADULCE S.A.","TEUS llenos","4.421","16.006",,,,"671","2.023","3"
"CARTAGENA","SOCIEDAD PORTUARIA REGIONAL DE CARTAGENA SA","TEUS vacios","2.412","742","4.869",,,"1.431","2.023","3"
"CARTAGENA","SOCIEDAD PORTUARIA PUERTO BAHIA SA","TEUS llenos",,"8","6",,,,"2.023","3"
"CARTAGENA","TERMINAL DE CONTENEDORES DE CARTAGENA S. A.","TEUS vacios","6.433","3.145","27.765",,,"1.409","2.023","3"
"BUENAVENTURA","SOCIEDAD PORTUARIA TERMINAL DE CONTENEDORES DE BUENAVENTURA S.A.","TEUS vacios","9.367","80",,,,,"2.023","3"
"BARRANCABERMEJA","SOCIEDAD PORTUARIA IMPALA TERMINALS BARRANCABERMEJA S.A.","TEUS vacios",,,,,"51",,"2.023","3"
"CARTAGENA","SOCIEDAD PORTUARIA REGIONAL DE CARTAGENA SA","TEUS llenos","8.476","12.036","30.034",,,"137","2.023","3"
"SAN ANDRES","SAN ANDRES PORT SOCIETY SA","TEUS vacios","133",,,,,"743","2.023","3"
"BUENAVENTURA","SOCIEDAD PORTUARIA REGIONAL DE BUENAVENTURA S.A","TEUS vacios","4.805","353","418",,,,"2.023","3"
"TURBO","UNIBAN LOGISTICA S.A","TEUS vacios","163","4.356",,,,,"2.023","3"
"CARTAGENA","COMPAÑIA DE PUERTOS ASOCIADOS S.A.","TEUS llenos","2.181","2.672",,"24",,,"2.023","3"
"TURBO","UNIBAN LOGISTICA S.A","TEUS llenos","4.281","305",,,,"431","2.023","3"
"BUENAVENTURA","SOCIEDAD PORTUARIA TERMINAL DE CONTENEDORES DE BUENAVENTURA S.A.","TEUS llenos","4.214","12.701","1.167",,,,"2.023","3"
"BUENAVENTURA","SOCIEDAD PORTUARIA REGIONAL DE BUENAVENTURA S.A","TEUS llenos","6.659","8.506","2.972",,,,"2.023","3"
"BARRANCABERMEJA","SOCIEDAD PORTUARIA IMPALA TERMINALS BARRANCABERMEJA S.A.","TEUS llenos",,,,,"92",,"2.023","3"
"SAN ANDRES","SAN ANDRES PORT SOCIETY SA","TEUS llenos",,"184",,,,"568","2.023","3"
"SANTA MARTA","SOCIEDAD PORTUARIA REGIONAL DE SANTA MARTA SA","TEUS vacios","6.246","913","5",,,,"2.023","3"
"GUAJIRA","CERREJON ZONA NORTE S.A.","TEUS llenos",,"37",,,,,"2.023","3"
"CARTAGENA","SOCIEDAD PORTUARIA TRANSMARSYP S.A.","TEUS llenos",,,,,,"282","2.023","3"
"CARTAGENA","SOCIEDAD PORTUARIA TRANSMARSYP S.A.","TEUS vacios",,,,,,"41","2.023","3"
"GUAJIRA","CERREJON ZONA NORTE S.A.","TEUS vacios",,"223",,,,,"2.023","3"
"BARRANQUILLA","SOCIEDAD PORTUARIA REGIONAL DE BARRANQUILLA S.A.","TEUS vacios","776","1.847",,,,"1.096","2.023","3"
"BARRANQUILLA","SOCIEDAD PORTUARIA REGIONAL DE BARRANQUILLA S.A.","TEUS llenos","5.428","4.324","18","18",,,"2.023","3"
"CARTAGENA","PUERTO DE MAMONAL S.A.","TEUS llenos",,"3",,,,,"2.023","3"
"TURBO","UNIBAN LOGISTICA S.A","TEUS llenos","3.107","364",,,,"319","2.023","4"
"CARTAGENA","TERMINAL DE CONTENEDORES DE CARTAGENA S. A.","TEUS vacios","6.600","1.802","40.729",,,"402","2.023","4"
"CARTAGENA","TERMINAL DE CONTENEDORES DE CARTAGENA S. A.","TEUS llenos","16.063","18.727","106.115",,,"5.236","2.023","4"
"BARRANQUILLA","SOCIEDAD PORTUARIA REGIONAL DE BARRANQUILLA S.A.","TEUS llenos","5.411","4.627",,"14",,,"2.023","4"
"SAN ANDRES","SAN ANDRES PORT SOCIETY SA","TEUS vacios","150",,,,,"590","2.023","4"
"BUENAVENTURA","SOCIEDAD PORTUARIA REGIONAL DE BUENAVENTURA S.A","TEUS vacios","3.130","134","154",,,,"2.023","4"
"CARTAGENA","SOCIEDAD PORTUARIA TRANSMARSYP S.A.","TEUS vacios",,,,,,"30","2.023","4"
"BUENAVENTURA","SOCIEDAD PORTUARIA REGIONAL DE BUENAVENTURA S.A","TEUS llenos","5.170","9.097","1.122",,,,"2.023","4"
"CARTAGENA","SOCIEDAD PORTUARIA PUERTO BAHIA SA","TEUS llenos",,"6","10",,,,"2.023","4"
"BUENAVENTURA","SOCIEDAD PUERTO INDUSTRIAL AGUADULCE S.A.","TEUS vacios","8.054",,,,,,"2.023","4"
"CARTAGENA","SOCIEDAD PORTUARIA REGIONAL DE CARTAGENA SA","TEUS vacios","1.304","919","8.716",,,"1.755","2.023","4"
"CARTAGENA","SOCIEDAD PORTUARIA REGIONAL DE CARTAGENA SA","TEUS llenos","8.896","9.975","25.755",,,"287","2.023","4"
"BUENAVENTURA","SOCIEDAD PUERTO INDUSTRIAL AGUADULCE S.A.","TEUS llenos","4.695","18.788",,,,"1.050","2.023","4"
"BARRANCABERMEJA","SOCIEDAD PORTUARIA IMPALA TERMINALS BARRANCABERMEJA S.A.","TEUS vacios",,,,,"1",,"2.023","4"
"BUENAVENTURA","SOCIEDAD PORTUARIA TERMINAL DE CONTENEDORES DE BUENAVENTURA S.A.","TEUS vacios","7.620","122",,,,,"2.023","4"
"TURBO","UNIBAN LOGISTICA S.A","TEUS vacios","34","3.216",,,,,"2.023","4"
"CARTAGENA","COMPAÑIA DE PUERTOS ASOCIADOS S.A.","TEUS llenos","1.534","2.288",,"16",,,"2.023","4"
"CARTAGENA","SOCIEDAD PORTUARIA TRANSMARSYP S.A.","TEUS llenos",,,,,,"373","2.023","4"
"BARRANQUILLA","PALERMO SOCIEDAD PORTUARIA S.A","TEUS llenos",,"0",,,,,"2.023","4"
"BUENAVENTURA","SOCIEDAD PORTUARIA TERMINAL DE CONTENEDORES DE BUENAVENTURA S.A.","TEUS llenos","3.592","12.241","1.532",,,,"2.023","4"
"BARRANQUILLA","SOCIEDAD PORTUARIA REGIONAL DE BARRANQUILLA S.A.","TEUS vacios","810","2.375",,,,"549","2.023","4"
"SAN ANDRES","SAN ANDRES PORT SOCIETY SA","TEUS llenos","1","99",,,,"599","2.023","4"
"CARTAGENA","COMPAÑIA DE PUERTOS ASOCIADOS S.A.","TEUS vacios","2.363","110",,"2",,,"2.023","4"
"GUAJIRA","CERREJON ZONA NORTE S.A.","TEUS vacios",,"132",,,,,"2.023","4"
"SANTA MARTA","SOCIEDAD PORTUARIA REGIONAL DE SANTA MARTA SA","TEUS vacios","6.519","971","4",,,,"2.023","4"
"GUAJIRA","CERREJON ZONA NORTE S.A.","TEUS llenos",,"158",,,,,"2.023","4"
"CARTAGENA","SOCIEDAD PORTUARIA PUERTO BAHIA SA","TEUS vacios",,,"30",,,,"2.023","4"
"BARRANCABERMEJA","SOCIEDAD PORTUARIA IMPALA TERMINALS BARRANCABERMEJA S.A.","TEUS llenos",,,,,"138",,"2.023","4"
"BARRANQUILLA","SOCIEDAD PORTUARIA REGIONAL DE BARRANQUILLA S.A.","TEUS llenos","5.981","4.406","10","20",,,"2.023","5"
"TURBO","UNIBAN LOGISTICA S.A","TEUS vacios","132","2.502",,,,,"2.023","5"
"BUENAVENTURA","SOCIEDAD PORTUARIA TERMINAL DE CONTENEDORES DE BUENAVENTURA S.A.","TEUS llenos","4.040","12.039","1.606",,,,"2.023","5"
"CARTAGENA","COMPAÑIA DE PUERTOS ASOCIADOS S.A.","TEUS llenos","1.786","2.492",,"9",,,"2.023","5"
"GUAJIRA","CERREJON ZONA NORTE S.A.","TEUS llenos",,"134",,,,,"2.023","5"
"CARTAGENA","SOCIEDAD PORTUARIA TRANSMARSYP S.A.","TEUS vacios",,,,,,"29","2.023","5"
"BUENAVENTURA","SOCIEDAD PUERTO INDUSTRIAL AGUADULCE S.A.","TEUS vacios","12.337",,,,,,"2.023","5"
"SAN ANDRES","SAN ANDRES PORT SOCIETY SA","TEUS vacios","81",,,,,"708","2.023","5"
"BUENAVENTURA","SOCIEDAD PORTUARIA REGIONAL DE BUENAVENTURA S.A","TEUS llenos","6.809","9.165","4.831",,,,"2.023","5"
"CARTAGENA","TERMINAL DE CONTENEDORES DE CARTAGENA S. A.","TEUS vacios","7.627","1.626","35.865",,,"1.126","2.023","5"
"TURBO","UNIBAN LOGISTICA S.A","TEUS llenos","2.782","210",,,,"340","2.023","5"
"BUENAVENTURA","SOCIEDAD PORTUARIA REGIONAL DE BUENAVENTURA S.A","TEUS vacios","5.244","190","444",,,,"2.023","5"
"GUAJIRA","CERREJON ZONA NORTE S.A.","TEUS vacios",,"132",,,,,"2.023","5"
"CARTAGENA","SOCIEDAD PORTUARIA TRANSMARSYP S.A.","TEUS llenos",,,,,,"302","2.023","5"
"BARRANCABERMEJA","SOCIEDAD PORTUARIA IMPALA TERMINALS BARRANCABERMEJA S.A.","TEUS vacios",,,,,"232",,"2.023","5"
"CARTAGENA","SOCIEDAD PORTUARIA PUERTO BAHIA SA","TEUS vacios",,,"8",,,,"2.023","5"
"BARRANCABERMEJA","SOCIEDAD PORTUARIA IMPALA TERMINALS BARRANCABERMEJA S.A.","TEUS llenos",,,,,"119",,"2.023","5"
"BARRANQUILLA","PALERMO SOCIEDAD PORTUARIA S.A","TEUS llenos",,"8",,,,,"2.023","5"
"CARTAGENA","SOCIEDAD PORTUARIA PUERTO BAHIA SA","TEUS llenos",,"18",,,,,"2.023","5"
"BUENAVENTURA","SOCIEDAD PORTUARIA TERMINAL DE CONTENEDORES DE BUENAVENTURA S.A.","TEUS vacios","11.631","16",,,,,"2.023","5"
"SANTA MARTA","SOCIEDAD PORTUARIA REGIONAL DE SANTA MARTA SA","TEUS vacios","6.414","895","1",,,,"2.023","5"
"CARTAGENA","SOCIEDAD PORTUARIA REGIONAL DE CARTAGENA SA","TEUS llenos","8.909","10.474","26.283",,,"393","2.023","5"
"CARTAGENA","PUERTO DE MAMONAL S.A.","TEUS llenos",,"2",,,,,"2.023","5"
"CARTAGENA","COMPAÑIA DE PUERTOS ASOCIADOS S.A.","TEUS vacios","1.889","59","60",,,,"2.023","5"
"BARRANQUILLA","SOCIEDAD PORTUARIA REGIONAL DE BARRANQUILLA S.A.","TEUS vacios","991","2.641",,,,"1.055","2.023","5"
"SAN ANDRES","SAN ANDRES PORT SOCIETY SA","TEUS llenos",,"112",,,,"584","2.023","5"
"CARTAGENA","SOCIEDAD PORTUARIA REGIONAL DE CARTAGENA SA","TEUS vacios","1.020","1.751","3.173",,,"1.376","2.023","5"
"CARTAGENA","TERMINAL DE CONTENEDORES DE CARTAGENA S. A.","TEUS llenos","17.855","19.223","107.750",,,"5.825","2.023","5"
"BUENAVENTURA","SOCIEDAD PUERTO INDUSTRIAL AGUADULCE S.A.","TEUS llenos","4.589","18.137",,,,"872","2.023","5"
"GUAJIRA","CERREJON ZONA NORTE S.A.","TEUS llenos",,"135",,,,,"2.023","6"
"TURBO","UNIBAN LOGISTICA S.A","TEUS llenos","3.173","292",,,,"448","2.023","6"
"CARTAGENA","SOCIEDAD PORTUARIA REGIONAL DE CARTAGENA SA","TEUS vacios","2.464","1.428","5.473",,,"1.622","2.023","6"
"CARTAGENA","SOCIEDAD PORTUARIA TRANSMARSYP S.A.","TEUS llenos",,,,,,"350","2.023","6"
"CARTAGENA","COMPAÑIA DE PUERTOS ASOCIADOS S.A.","TEUS vacios","1.099","672",,,,,"2.023","6"
"CARTAGENA","SOCIEDAD PORTUARIA REGIONAL DE CARTAGENA SA","TEUS llenos","8.227","10.548","24.562",,,"344","2.023","6"
"CARTAGENA","TERMINAL DE CONTENEDORES DE CARTAGENA S. A.","TEUS vacios","7.435","2.011","39.422",,,"754","2.023","6"
"BUENAVENTURA","SOCIEDAD PUERTO INDUSTRIAL AGUADULCE S.A.","TEUS llenos","4.974","23.548",,,,"748","2.023","6"
"BARRANQUILLA","SOCIEDAD PORTUARIA REGIONAL DE BARRANQUILLA S.A.","TEUS llenos","5.076","4.071","18","14",,"2","2.023","6"
"TURBO","UNIBAN LOGISTICA S.A","TEUS vacios","38","2.578",,,,,"2.023","6"
"BARRANCABERMEJA","SOCIEDAD PORTUARIA IMPALA TERMINALS BARRANCABERMEJA S.A.","TEUS vacios",,,,,"40",,"2.023","6"
"BARRANQUILLA","SOCIEDAD PORTUARIA REGIONAL DE BARRANQUILLA S.A.","TEUS vacios","952","1.871",,,,"864","2.023","6"
"BUENAVENTURA","SOCIEDAD PORTUARIA TERMINAL DE CONTENEDORES DE BUENAVENTURA S.A.","TEUS llenos","4.232","13.897","1.281",,,,"2.023","6"
"GUAJIRA","CERREJON ZONA NORTE S.A.","TEUS vacios",,"188",,,,,"2.023","6"
"BUENAVENTURA","SOCIEDAD PORTUARIA REGIONAL DE BUENAVENTURA S.A","TEUS llenos","6.103","8.482","6.425",,,,"2.023","6"
"CARTAGENA","PUERTO DE MAMONAL S.A.","TEUS llenos",,"9",,,,,"2.023","6"
"BARRANCABERMEJA","SOCIEDAD PORTUARIA IMPALA TERMINALS BARRANCABERMEJA S.A.","TEUS llenos",,,,,"65",,"2.023","6"
"CARTAGENA","SOCIEDAD PORTUARIA PUERTO BAHIA SA","TEUS vacios",,,"25",,,,"2.023","6"
"CARTAGENA","TERMINAL DE CONTENEDORES DE CARTAGENA S. A.","TEUS llenos","15.010","17.680","102.570",,,"4.400","2.023","6"
"BUENAVENTURA","SOCIEDAD PUERTO INDUSTRIAL AGUADULCE S.A.","TEUS vacios","13.977","4",,,,,"2.023","6"
"SAN ANDRES","SAN ANDRES PORT SOCIETY SA","TEUS vacios","115",,,,,"473","2.023","6"
"BUENAVENTURA","SOCIEDAD PORTUARIA REGIONAL DE BUENAVENTURA S.A","TEUS vacios","4.153","133","12",,,,"2.023","6"
"SANTA MARTA","SOCIEDAD PORTUARIA REGIONAL DE SANTA MARTA SA","TEUS vacios","5.992","1.215","21",,,,"2.023","6"
"CARTAGENA","COMPAÑIA DE PUERTOS ASOCIADOS S.A.","TEUS llenos","1.677","2.097",,"4",,,"2.023","6"
"BUENAVENTURA","SOCIEDAD PORTUARIA TERMINAL DE CONTENEDORES DE BUENAVENTURA S.A.","TEUS vacios","8.180","400","2",,,,"2.023","6"
"SAN ANDRES","SAN ANDRES PORT SOCIETY SA","TEUS llenos",,"113",,,,"573","2.023","6"
"CARTAGENA","SOCIEDAD PORTUARIA TRANSMARSYP S.A.","TEUS vacios",,,,,,"35","2.023","6"
"GUAJIRA","CERREJON ZONA NORTE S.A.","TEUS vacios",,"100",,,,,"2.023","7"
"BUENAVENTURA","SOCIEDAD PORTUARIA TERMINAL DE CONTENEDORES DE BUENAVENTURA S.A.","TEUS llenos","4.641","9.797","1.676",,,,"2.023","7"
"CARTAGENA","COMPAÑIA DE PUERTOS ASOCIADOS S.A.","TEUS vacios","1.106","845",,,,,"2.023","7"
"BUENAVENTURA","SOCIEDAD PUERTO INDUSTRIAL AGUADULCE S.A.","TEUS vacios","13.791",,,,,"1","2.023","7"
"SAN ANDRES","SAN ANDRES PORT SOCIETY SA","TEUS vacios","161",,,,,"678","2.023","7"
"CARTAGENA","TERMINAL DE CONTENEDORES DE CARTAGENA S. A.","TEUS vacios","6.291","2.746","41.364",,,"1.666","2.023","7"
"BARRANQUILLA","SOCIEDAD PORTUARIA REGIONAL DE BARRANQUILLA S.A.","TEUS vacios","1.350","2.386",,,,"714","2.023","7"
"BARRANQUILLA","SOCIEDAD PORTUARIA REGIONAL DE BARRANQUILLA S.A.","TEUS llenos","5.144","4.668","37","15",,"4","2.023","7"
"BARRANCABERMEJA","SOCIEDAD PORTUARIA IMPALA TERMINALS BARRANCABERMEJA S.A.","TEUS llenos",,,,,"72",,"2.023","7"
"SANTA MARTA","SOCIEDAD PORTUARIA REGIONAL DE SANTA MARTA SA","TEUS vacios","6.520","943","6",,,,"2.023","7"
"CARTAGENA","COMPAÑIA DE PUERTOS ASOCIADOS S.A.","TEUS llenos","1.782","1.801",,"13",,,"2.023","7"
"GUAJIRA","CERREJON ZONA NORTE S.A.","TEUS llenos",,"85",,,,,"2.023","7"
"CARTAGENA","SOCIEDAD PORTUARIA TRANSMARSYP S.A.","TEUS llenos",,,,,,"407","2.023","7"
"BUENAVENTURA","SOCIEDAD PORTUARIA REGIONAL DE BUENAVENTURA S.A","TEUS llenos","6.911","11.265","2.301",,,,"2.023","7"
"TURBO","UNIBAN LOGISTICA S.A","TEUS vacios","198","2.582",,,,,"2.023","7"
"TURBO","UNIBAN LOGISTICA S.A","TEUS llenos","2.339","406",,,,"574","2.023","7"
"BUENAVENTURA","SOCIEDAD PORTUARIA TERMINAL DE CONTENEDORES DE BUENAVENTURA S.A.","TEUS vacios","6.696","487","8",,,,"2.023","7"
"CARTAGENA","SOCIEDAD PORTUARIA PUERTO BAHIA SA","TEUS llenos",,"9",,,,,"2.023","7"
"BUENAVENTURA","SOCIEDAD PUERTO INDUSTRIAL AGUADULCE S.A.","TEUS llenos","4.324","20.643",,,,"738","2.023","7"
"CARTAGENA","SOCIEDAD PORTUARIA REGIONAL DE CARTAGENA SA","TEUS llenos","9.061","9.413","26.387",,,"683","2.023","7"
"CARTAGENA","SOCIEDAD PORTUARIA PUERTO BAHIA SA","TEUS vacios",,,"24",,,,"2.023","7"
"SAN ANDRES","SAN ANDRES PORT SOCIETY SA","TEUS llenos","1","157",,,,"516","2.023","7"
"BUENAVENTURA","SOCIEDAD PORTUARIA REGIONAL DE BUENAVENTURA S.A","TEUS vacios","5.758","219",,,,,"2.023","7"
"BARRANCABERMEJA","SOCIEDAD PORTUARIA IMPALA TERMINALS BARRANCABERMEJA S.A.","TEUS vacios",,,,,"207",,"2.023","7"
"CARTAGENA","TERMINAL DE CONTENEDORES DE CARTAGENA S. A.","TEUS llenos","17.814","18.071","116.746",,,"4.960","2.023","7"
"CARTAGENA","SOCIEDAD PORTUARIA REGIONAL DE CARTAGENA SA","TEUS vacios","1.781","1.259","4.181",,,"2.260","2.023","7"
"BARRANQUILLA","SOCIEDAD PORTUARIA REGIONAL DE BARRANQUILLA S.A.","TEUS vacios","977","1.627",,,,"826","2.023","8"
"BARRANCABERMEJA","SOCIEDAD PORTUARIA IMPALA TERMINALS BARRANCABERMEJA S.A.","TEUS vacios",,,,,"130",,"2.023","8"
"TURBO","UNIBAN LOGISTICA S.A","TEUS llenos","3.608","232",,,,"498","2.023","8"
"CARTAGENA","COMPAÑIA DE PUERTOS ASOCIADOS S.A.","TEUS vacios","1.567","605",,,,,"2.023","8"
"BUENAVENTURA","SOCIEDAD PORTUARIA TERMINAL DE CONTENEDORES DE BUENAVENTURA S.A.","TEUS vacios","5.090","555",,,,,"2.023","8"
"BUENAVENTURA","SOCIEDAD PUERTO INDUSTRIAL AGUADULCE S.A.","TEUS llenos","4.236","19.418",,,,"544","2.023","8"
"TURBO","UNIBAN LOGISTICA S.A","TEUS vacios","96","3.790",,,,,"2.023","8"
"CARTAGENA","TERMINAL DE CONTENEDORES DE CARTAGENA S. A.","TEUS vacios","5.929","2.949","39.780",,,"1.254","2.023","8"
"BUENAVENTURA","SOCIEDAD PORTUARIA REGIONAL DE BUENAVENTURA S.A","TEUS llenos","7.302","9.436","2.297",,,,"2.023","8"
"SAN ANDRES","SAN ANDRES PORT SOCIETY SA","TEUS vacios","146",,,,,"574","2.023","8"
"BARRANQUILLA","PALERMO SOCIEDAD PORTUARIA S.A","TEUS vacios",,"0",,,,,"2.023","8"
"BUENAVENTURA","SOCIEDAD PUERTO INDUSTRIAL AGUADULCE S.A.","TEUS vacios","12.056","10",,,,"1","2.023","8"
"CARTAGENA","SOCIEDAD PORTUARIA TRANSMARSYP S.A.","TEUS vacios",,,,,,"32","2.023","8"
"SANTA MARTA","SOCIEDAD PORTUARIA REGIONAL DE SANTA MARTA SA","TEUS vacios","7.198","835","93",,,"125","2.023","8"
"BARRANCABERMEJA","SOCIEDAD PORTUARIA IMPALA TERMINALS BARRANCABERMEJA S.A.","TEUS llenos",,,,,"71",,"2.023","8"
"GUAJIRA","CERREJON ZONA NORTE S.A.","TEUS vacios",,"81",,,,,"2.023","8"
"CARTAGENA","SOCIEDAD PORTUARIA REGIONAL DE CARTAGENA SA","TEUS llenos","8.457","10.932","24.265",,,"413","2.023","8"
"CARTAGENA","COMPAÑIA DE PUERTOS ASOCIADOS S.A.","TEUS llenos","1.822","1.449",,"3",,,"2.023","8"
"BUENAVENTURA","SOCIEDAD PORTUARIA TERMINAL DE CONTENEDORES DE BUENAVENTURA S.A.","TEUS llenos","4.522","12.646","536",,,,"2.023","8"
"CARTAGENA","SOCIEDAD PORTUARIA PUERTO BAHIA SA","TEUS vacios",,,"10",,,,"2.023","8"
"BARRANQUILLA","PALERMO SOCIEDAD PORTUARIA S.A","TEUS llenos","0","0","0",,,,"2.023","8"
"CARTAGENA","PUERTO DE MAMONAL S.A.","TEUS llenos",,"18",,,,,"2.023","8"
"CARTAGENA","TERMINAL DE CONTENEDORES DE CARTAGENA S. A.","TEUS llenos","16.582","18.947","122.340",,,"4.812","2.023","8"
"BARRANQUILLA","SOCIEDAD PORTUARIA REGIONAL DE BARRANQUILLA S.A.","TEUS llenos","5.516","5.036","15","19",,"2","2.023","8"
"CARTAGENA","SOCIEDAD PORTUARIA REGIONAL DE CARTAGENA SA","TEUS vacios","1.813","865","4.942",,,"1.588","2.023","8"
"CARTAGENA","SOCIEDAD PORTUARIA TRANSMARSYP S.A.","TEUS llenos",,,,,,"317","2.023","8"
"GUAJIRA","CERREJON ZONA NORTE S.A.","TEUS llenos",,"102",,,,,"2.023","8"
"BUENAVENTURA","SOCIEDAD PORTUARIA REGIONAL DE BUENAVENTURA S.A","TEUS vacios","4.741","480",,,,,"2.023","8"
"SAN ANDRES","SAN ANDRES PORT SOCIETY SA","TEUS llenos",,"121",,,,"545","2.023","8"
"BARRANQUILLA","SOCIEDAD PORTUARIA REGIONAL DE BARRANQUILLA S.A.","TEUS vacios","989","2.147",,,,"971","2.023","9"
"BARRANCABERMEJA","SOCIEDAD PORTUARIA IMPALA TERMINALS BARRANCABERMEJA S.A.","TEUS llenos",,,,,"198",,"2.023","9"
"CARTAGENA","SOCIEDAD PORTUARIA PUERTO BAHIA SA","TEUS vacios",,,"32",,,,"2.023","9"
"CARTAGENA","TERMINAL DE CONTENEDORES DE CARTAGENA S. A.","TEUS vacios","5.153","3.982","44.583",,,"1.789","2.023","9"
"CARTAGENA","COMPAÑIA DE PUERTOS ASOCIADOS S.A.","TEUS vacios","2.069","672",,,,,"2.023","9"
"TURBO","UNIBAN LOGISTICA S.A","TEUS vacios","48","5.533",,,,,"2.023","9"
"BUENAVENTURA","SOCIEDAD PORTUARIA TERMINAL DE CONTENEDORES DE BUENAVENTURA S.A.","TEUS vacios","8.659","322","80",,,,"2.023","9"
"CARTAGENA","COMPAÑIA DE PUERTOS ASOCIADOS S.A.","TEUS llenos","1.493","1.000",,"58",,,"2.023","9"
"CARTAGENA","PUERTO DE MAMONAL S.A.","TEUS llenos",,"2",,,,,"2.023","9"
"BUENAVENTURA","SOCIEDAD PORTUARIA REGIONAL DE BUENAVENTURA S.A","TEUS vacios","3.119","519","90",,,,"2.023","9"
"GUAJIRA","CERREJON ZONA NORTE S.A.","TEUS vacios",,"78",,,,,"2.023","9"
"BARRANQUILLA","PALERMO SOCIEDAD PORTUARIA S.A","TEUS llenos",,"0","0","0",,,"2.023","9"
"BUENAVENTURA","SOCIEDAD PUERTO INDUSTRIAL AGUADULCE S.A.","TEUS vacios","9.635",,,,,,"2.023","9"
"CARTAGENA","SOCIEDAD PORTUARIA TRANSMARSYP S.A.","TEUS vacios",,,,,,"26","2.023","9"
"CARTAGENA","SOCIEDAD PORTUARIA REGIONAL DE CARTAGENA SA","TEUS vacios","1.292","1.159","3.694",,,"1.939","2.023","9"
"SAN ANDRES","SAN ANDRES PORT SOCIETY SA","TEUS vacios","140",,,,,"526","2.023","9"
"GUAJIRA","CERREJON ZONA NORTE S.A.","TEUS llenos",,"86",,,,,"2.023","9"
"CARTAGENA","TERMINAL DE CONTENEDORES DE CARTAGENA S. A.","TEUS llenos","19.224","18.390","112.288",,,"4.966","2.023","9"
"BARRANQUILLA","SOCIEDAD PORTUARIA REGIONAL DE BARRANQUILLA S.A.","TEUS llenos","5.234","4.435","6","9",,,"2.023","9"
"SANTA MARTA","SOCIEDAD PORTUARIA REGIONAL DE SANTA MARTA SA","TEUS vacios","6.367","825","48",,,,"2.023","9"
"CARTAGENA","SOCIEDAD PORTUARIA PUERTO BAHIA SA","TEUS llenos",,"2","4",,,,"2.023","9"
"CARTAGENA","SOCIEDAD PORTUARIA TRANSMARSYP S.A.","TEUS llenos",,,,,,"373","2.023","9"
"SAN ANDRES","SAN ANDRES PORT SOCIETY SA","TEUS llenos",,"161",,,,"467","2.023","9"
"BUENAVENTURA","SOCIEDAD PORTUARIA REGIONAL DE BUENAVENTURA S.A","TEUS llenos","7.273","8.080","1.823",,,,"2.023","9"
"BARRANCABERMEJA","SOCIEDAD PORTUARIA IMPALA TERMINALS BARRANCABERMEJA S.A.","TEUS vacios",,,,,"122",,"2.023","9"
"CARTAGENA","SOCIEDAD PORTUARIA REGIONAL DE CARTAGENA SA","TEUS llenos","8.407","11.073","25.410",,,"553","2.023","9"
"BUENAVENTURA","SOCIEDAD PORTUARIA TERMINAL DE CONTENEDORES DE BUENAVENTURA S.A.","TEUS llenos","4.617","12.778","1.095",,,,"2.023","9"
"TURBO","UNIBAN LOGISTICA S.A","TEUS llenos","4.251","674",,,,"672","2.023","9"
"BUENAVENTURA","SOCIEDAD PUERTO INDUSTRIAL AGUADULCE S.A.","TEUS llenos","3.489","18.955",,,,"680","2.023","9"
"BUENAVENTURA","SOCIEDAD PORTUARIA TERMINAL DE CONTENEDORES DE BUENAVENTURA S.A.","TEUS llenos","4.579","11.357","1.440",,,,"2.023","10"
"CARTAGENA","SOCIEDAD PORTUARIA PUERTO BAHIA SA","TEUS vacios",,,"28",,,,"2.023","10"
"CARTAGENA","COMPAÑIA DE PUERTOS ASOCIADOS S.A.","TEUS llenos","1.886","1.214",,"176",,,"2.023","10"
"CARTAGENA","TERMINAL DE CONTENEDORES DE CARTAGENA S. A.","TEUS llenos","18.157","18.994","110.174",,,"5.893","2.023","10"
"BUENAVENTURA","SOCIEDAD PORTUARIA TERMINAL DE CONTENEDORES DE BUENAVENTURA S.A.","TEUS vacios","7.030",,"132",,,,"2.023","10"
"BARRANCABERMEJA","SOCIEDAD PORTUARIA IMPALA TERMINALS BARRANCABERMEJA S.A.","TEUS llenos",,,,,"157",,"2.023","10"
"GUAJIRA","CERREJON ZONA NORTE S.A.","TEUS llenos",,"122",,,,,"2.023","10"
"SANTA MARTA","SOCIEDAD PORTUARIA REGIONAL DE SANTA MARTA SA","TEUS vacios","6.006","1.004",,,,,"2.023","10"
"CARTAGENA","SOCIEDAD PORTUARIA REGIONAL DE CARTAGENA SA","TEUS llenos","7.164","11.575","37.155",,,"479","2.023","10"
"CARTAGENA","COMPAÑIA DE PUERTOS ASOCIADOS S.A.","TEUS vacios","2.432","538",,,,,"2.023","10"
"BARRANQUILLA","SOCIEDAD PORTUARIA REGIONAL DE BARRANQUILLA S.A.","TEUS vacios","1.318","1.415",,,,"737","2.023","10"
"CARTAGENA","PUERTO DE MAMONAL S.A.","TEUS llenos",,"4",,,,,"2.023","10"
"BUENAVENTURA","SOCIEDAD PUERTO INDUSTRIAL AGUADULCE S.A.","TEUS llenos","4.656","22.801",,,,"1.003","2.023","10"
"CARTAGENA","SOCIEDAD PORTUARIA TRANSMARSYP S.A.","TEUS vacios",,,,,,"32","2.023","10"
"BUENAVENTURA","SOCIEDAD PORTUARIA REGIONAL DE BUENAVENTURA S.A","TEUS llenos","7.878","12.135","4.802",,,,"2.023","10"
"SAN ANDRES","SAN ANDRES PORT SOCIETY SA","TEUS llenos","1","123",,,,"726","2.023","10"
"CARTAGENA","SOCIEDAD PORTUARIA REGIONAL DE CARTAGENA SA","TEUS vacios","1.485","506","2.917",,,"1.712","2.023","10"
"BARRANCABERMEJA","SOCIEDAD PORTUARIA IMPALA TERMINALS BARRANCABERMEJA S.A.","TEUS vacios",,,,,"132",,"2.023","10"
"TURBO","UNIBAN LOGISTICA S.A","TEUS llenos","4.448","536",,,,"669","2.023","10"
"CARTAGENA","SOCIEDAD PORTUARIA PUERTO BAHIA SA","TEUS llenos",,"20",,,,,"2.023","10"
"BARRANQUILLA","SOCIEDAD PORTUARIA REGIONAL DE BARRANQUILLA S.A.","TEUS llenos","5.290","4.639","11","13",,,"2.023","10"
"GUAJIRA","CERREJON ZONA NORTE S.A.","TEUS vacios",,"44",,,,,"2.023","10"
"SAN ANDRES","SAN ANDRES PORT SOCIETY SA","TEUS vacios","136",,,,,"607","2.023","10"
"BUENAVENTURA","SOCIEDAD PUERTO INDUSTRIAL AGUADULCE S.A.","TEUS vacios","12.396",,,,,"5","2.023","10"
"BUENAVENTURA","SOCIEDAD PORTUARIA REGIONAL DE BUENAVENTURA S.A","TEUS vacios","4.279","620","70",,,,"2.023","10"
"CARTAGENA","SOCIEDAD PORTUARIA TRANSMARSYP S.A.","TEUS llenos",,,,,,"350","2.023","10"
"BARRANQUILLA","PALERMO SOCIEDAD PORTUARIA S.A","TEUS llenos",,"0","0",,,,"2.023","10"
"TURBO","UNIBAN LOGISTICA S.A","TEUS vacios","188","4.168",,,,,"2.023","10"
"CARTAGENA","TERMINAL DE CONTENEDORES DE CARTAGENA S. A.","TEUS vacios","6.134","3.569","46.080",,,"1.937","2.023","10"
"BUENAVENTURA","SOCIEDAD PORTUARIA REGIONAL DE BUENAVENTURA S.A","TEUS llenos","6.833","10.085","4.451",,,,"2.023","11"
"GUAJIRA","CERREJON ZONA NORTE S.A.","TEUS llenos","4","134",,,,,"2.023","11"
"BUENAVENTURA","SOCIEDAD PORTUARIA REGIONAL DE BUENAVENTURA S.A","TEUS vacios","4.144","633",,,,,"2.023","11"
"CARTAGENA","TERMINAL DE CONTENEDORES DE CARTAGENA S. A.","TEUS llenos","17.170","21.823","120.127",,,"4.526","2.023","11"
"CARTAGENA","SOCIEDAD PORTUARIA PUERTO BAHIA SA","TEUS vacios",,,"66",,,,"2.023","11"
"CARTAGENA","SOCIEDAD PORTUARIA PUERTO BAHIA SA","TEUS llenos",,"8",,,,,"2.023","11"
"CARTAGENA","SOCIEDAD PORTUARIA TRANSMARSYP S.A.","TEUS llenos",,,,,,"410","2.023","11"
"TURBO","UNIBAN LOGISTICA S.A","TEUS vacios","219","4.236",,,,,"2.023","11"
"GUAJIRA","CERREJON ZONA NORTE S.A.","TEUS vacios","134",,,,,,"2.023","11"
"BARRANCABERMEJA","SOCIEDAD PORTUARIA IMPALA TERMINALS BARRANCABERMEJA S.A.","TEUS vacios",,,,,"210",,"2.023","11"
"SAN ANDRES","SAN ANDRES PORT SOCIETY SA","TEUS llenos","13","130",,,,"468","2.023","11"
"BARRANCABERMEJA","SOCIEDAD PORTUARIA IMPALA TERMINALS BARRANCABERMEJA S.A.","TEUS llenos",,,,,"183",,"2.023","11"
"BARRANQUILLA","SOCIEDAD PORTUARIA REGIONAL DE BARRANQUILLA S.A.","TEUS vacios","759","1.531",,,,"725","2.023","11"
"CARTAGENA","TERMINAL DE CONTENEDORES DE CARTAGENA S. A.","TEUS vacios","5.981","3.418","29.967",,,"1.334","2.023","11"
"BUENAVENTURA","SOCIEDAD PORTUARIA TERMINAL DE CONTENEDORES DE BUENAVENTURA S.A.","TEUS vacios","8.533","31","8",,,,"2.023","11"
"SAN ANDRES","SAN ANDRES PORT SOCIETY SA","TEUS vacios","155",,,,,"628","2.023","11"
"CARTAGENA","PUERTO DE MAMONAL S.A.","TEUS llenos",,"2",,,,,"2.023","11"
"CARTAGENA","SOCIEDAD PORTUARIA TRANSMARSYP S.A.","TEUS vacios",,,,,,"31","2.023","11"
"BUENAVENTURA","SOCIEDAD PORTUARIA TERMINAL DE CONTENEDORES DE BUENAVENTURA S.A.","TEUS llenos","3.335","11.211","962",,,,"2.023","11"
"BUENAVENTURA","SOCIEDAD PUERTO INDUSTRIAL AGUADULCE S.A.","TEUS vacios","11.008",,,,,"40","2.023","11"
"CARTAGENA","COMPAÑIA DE PUERTOS ASOCIADOS S.A.","TEUS vacios","2.340","480",,,,,"2.023","11"
"BUENAVENTURA","SOCIEDAD PUERTO INDUSTRIAL AGUADULCE S.A.","TEUS llenos","3.212","17.229",,,,"362","2.023","11"
"CARTAGENA","SOCIEDAD PORTUARIA REGIONAL DE CARTAGENA SA","TEUS vacios","2.274","3.815","4.696",,,"1.188","2.023","11"
"TURBO","UNIBAN LOGISTICA S.A","TEUS llenos","4.456","327",,,,"593","2.023","11"
"BARRANQUILLA","SOCIEDAD PORTUARIA REGIONAL DE BARRANQUILLA S.A.","TEUS llenos","4.980","4.101","12","27",,"8","2.023","11"
"CARTAGENA","COMPAÑIA DE PUERTOS ASOCIADOS S.A.","TEUS llenos","1.624","1.643",,"194",,,"2.023","11"
"CARTAGENA","SOCIEDAD PORTUARIA REGIONAL DE CARTAGENA SA","TEUS llenos","7.284","11.613","31.657",,,"425","2.023","11"
"SANTA MARTA","SOCIEDAD PORTUARIA REGIONAL DE SANTA MARTA SA","TEUS vacios","5.895","875",,,,,"2.023","11"
"BARRANQUILLA","PALERMO SOCIEDAD PORTUARIA S.A","TEUS llenos",,,"0",,,,"2.023","11"
"BARRANQUILLA","SOCIEDAD PORTUARIA REGIONAL DE BARRANQUILLA S.A.","TEUS vacios","848","2.477",,,,"1.118","2.023","12"
"TURBO","UNIBAN LOGISTICA S.A","TEUS vacios","327","3.184",,,,,"2.023","12"
"SAN ANDRES","SAN ANDRES PORT SOCIETY SA","TEUS vacios","159",,,,,"584","2.023","12"
"BUENAVENTURA","SOCIEDAD PUERTO INDUSTRIAL AGUADULCE S.A.","TEUS llenos","4.744","19.852",,,,"417","2.023","12"
"CARTAGENA","SOCIEDAD PORTUARIA TRANSMARSYP S.A.","TEUS vacios",,,,,,"38","2.023","12"
"TURBO","UNIBAN LOGISTICA S.A","TEUS llenos","3.728","387",,,,"459","2.023","12"
"BUENAVENTURA","SOCIEDAD PORTUARIA REGIONAL DE BUENAVENTURA S.A","TEUS vacios","4.468","7",,,,,"2.023","12"
"CARTAGENA","SOCIEDAD PORTUARIA REGIONAL DE CARTAGENA SA","TEUS llenos","7.910","10.717","32.601",,,"252","2.023","12"
"CARTAGENA","SOCIEDAD PORTUARIA PUERTO BAHIA SA","TEUS llenos",,"4",,,,,"2.023","12"
"BUENAVENTURA","SOCIEDAD PORTUARIA TERMINAL DE CONTENEDORES DE BUENAVENTURA S.A.","TEUS vacios","10.684","184",,,,,"2.023","12"
"SANTA MARTA","SOCIEDAD PORTUARIA REGIONAL DE SANTA MARTA SA","TEUS vacios","5.094","1.046",,,,,"2.023","12"
"BUENAVENTURA","SOCIEDAD PORTUARIA REGIONAL DE BUENAVENTURA S.A","TEUS llenos","7.150","16.531","8.022",,,,"2.023","12"
"BUENAVENTURA","SOCIEDAD PUERTO INDUSTRIAL AGUADULCE S.A.","TEUS vacios","13.384",,,,,"37","2.023","12"
"CARTAGENA","COMPAÑIA DE PUERTOS ASOCIADOS S.A.","TEUS vacios","3.506","2.620",,,,,"2.023","12"
"SAN ANDRES","SAN ANDRES PORT SOCIETY SA","TEUS llenos","7","166",,,,"636","2.023","12"
"CARTAGENA","SOCIEDAD PORTUARIA TRANSMARSYP S.A.","TEUS llenos",,,,,,"515","2.023","12"
"BARRANQUILLA","SOCIEDAD PORTUARIA REGIONAL DE BARRANQUILLA S.A.","TEUS llenos","5.610","4.944","13","9",,,"2.023","12"
"BARRANCABERMEJA","SOCIEDAD PORTUARIA IMPALA TERMINALS BARRANCABERMEJA S.A.","TEUS llenos",,,,,"132",,"2.023","12"
"BARRANQUILLA","PALERMO SOCIEDAD PORTUARIA S.A","TEUS llenos",,"0",,,,,"2.023","12"
"CARTAGENA","COMPAÑIA DE PUERTOS ASOCIADOS S.A.","TEUS llenos","1.705","1.455",,"300",,,"2.023","12"
"BUENAVENTURA","SOCIEDAD PORTUARIA TERMINAL DE CONTENEDORES DE BUENAVENTURA S.A.","TEUS llenos","3.601","15.552","972",,,,"2.023","12"
"CARTAGENA","TERMINAL DE CONTENEDORES DE CARTAGENA S. A.","TEUS vacios","6.680","2.973","42.292",,,"956","2.023","12"
"CARTAGENA","SOCIEDAD PORTUARIA REGIONAL DE CARTAGENA SA","TEUS vacios","6.381","4.070","3.691",,,"1.295","2.023","12"
"BARRANCABERMEJA","SOCIEDAD PORTUARIA IMPALA TERMINALS BARRANCABERMEJA S.A.","TEUS vacios",,,,,"115",,"2.023","12"
"CARTAGENA","PUERTO DE MAMONAL S.A.","TEUS llenos","1","16",,,,,"2.023","12"
"CARTAGENA","TERMINAL DE CONTENEDORES DE CARTAGENA S. A.","TEUS llenos","16.939","18.835","122.424",,,"5.942","2.023","12"
"TURBO","UNIBAN LOGISTICA S.A","TEUS vacios","166","5.294",,,,,"2.024","1"
"BUENAVENTURA","SOCIEDAD PORTUARIA TERMINAL DE CONTENEDORES DE BUENAVENTURA S.A.","TEUS llenos","2.511","11.239","1.782",,,,"2.024","1"
"CARTAGENA","SOCIEDAD PORTUARIA REGIONAL DE CARTAGENA SA","TEUS llenos","6.267","11.096","36.014",,,"242","2.024","1"
"SAN ANDRES","SAN ANDRES PORT SOCIETY SA","TEUS vacios","150",,,,,"551","2.024","1"
"CARTAGENA","COMPAÑIA DE PUERTOS ASOCIADOS S.A.","TEUS llenos","1.443","1.099",,"233",,,"2.024","1"
"CARTAGENA","TERMINAL DE CONTENEDORES DE CARTAGENA S. A.","TEUS vacios","8.761","3.564","31.811",,,"1.407","2.024","1"
"BARRANQUILLA","SOCIEDAD PORTUARIA REGIONAL DE BARRANQUILLA S.A.","TEUS vacios","838","1.524",,,,"1.101","2.024","1"
"BUENAVENTURA","SOCIEDAD PUERTO INDUSTRIAL AGUADULCE S.A.","TEUS vacios","15.281","2",,,,"44","2.024","1"
"TURBO","UNIBAN LOGISTICA S.A","TEUS llenos","4.816","312",,,,"433","2.024","1"
"GUAJIRA","CERREJON ZONA NORTE S.A.","TEUS vacios",,"111",,,,,"2.024","1"
"BUENAVENTURA","SOCIEDAD PORTUARIA REGIONAL DE BUENAVENTURA S.A","TEUS llenos","5.863","10.560","9.212",,,,"2.024","1"
"CARTAGENA","COMPAÑIA DE PUERTOS ASOCIADOS S.A.","TEUS vacios","3.167","526","4",,,,"2.024","1"
"CARTAGENA","SOCIEDAD PORTUARIA TRANSMARSYP S.A.","TEUS llenos",,,,,,"422","2.024","1"
"CARTAGENA","PUERTO BUENAVISTA S.A","TEUS vacios",,,,,,"2","2.024","1"
"SANTA MARTA","SOCIEDAD PORTUARIA REGIONAL DE SANTA MARTA SA","TEUS vacios","4.664","1.251","2",,,"184","2.024","1"
"CARTAGENA","TERMINAL DE CONTENEDORES DE CARTAGENA S. A.","TEUS llenos","16.253","21.095","127.559",,,"5.901","2.024","1"
"BUENAVENTURA","SOCIEDAD PORTUARIA TERMINAL DE CONTENEDORES DE BUENAVENTURA S.A.","TEUS vacios","7.687","61","10",,,,"2.024","1"
"SAN ANDRES","SAN ANDRES PORT SOCIETY SA","TEUS llenos","6","127",,,,"675","2.024","1"
"BARRANCABERMEJA","SOCIEDAD PORTUARIA IMPALA TERMINALS BARRANCABERMEJA S.A.","TEUS llenos",,,,,"119",,"2.024","1"
"GUAJIRA","CERREJON ZONA NORTE S.A.","TEUS llenos",,"137",,,,,"2.024","1"
"CARTAGENA","SOCIEDAD PORTUARIA TRANSMARSYP S.A.","TEUS vacios",,,,,,"22","2.024","1"
"BARRANQUILLA","SOCIEDAD PORTUARIA REGIONAL DE BARRANQUILLA S.A.","TEUS llenos","4.474","4.742","5","4",,"16","2.024","1"
"BUENAVENTURA","SOCIEDAD PUERTO INDUSTRIAL AGUADULCE S.A.","TEUS llenos","3.666","20.293",,,,"751","2.024","1"
"CARTAGENA","SOCIEDAD PORTUARIA REGIONAL DE CARTAGENA SA","TEUS vacios","6.065","2.656","3.253",,,"403","2.024","1"
"BARRANCABERMEJA","SOCIEDAD PORTUARIA IMPALA TERMINALS BARRANCABERMEJA S.A.","TEUS vacios",,,,,"130",,"2.024","1"
"BARRANQUILLA","PALERMO SOCIEDAD PORTUARIA S.A","TEUS llenos",,,"0",,,,"2.024","1"
"BUENAVENTURA","SOCIEDAD PORTUARIA REGIONAL DE BUENAVENTURA S.A","TEUS vacios","5.500","385","1.352",,,,"2.024","1"
"CARTAGENA","SOCIEDAD PORTUARIA PUERTO BAHIA SA","TEUS llenos",,"4","4",,,,"2.024","1"
"CARTAGENA","SOCIEDAD PORTUARIA PUERTO BAHIA SA","TEUS vacios",,,"28",,,,"2.024","1"
"GUAJIRA","CERREJON ZONA NORTE S.A.","TEUS llenos",,"105",,,,,"2.024","2"
"BARRANQUILLA","SOCIEDAD PORTUARIA REGIONAL DE BARRANQUILLA S.A.","TEUS vacios","1.100","1.508",,,,"356","2.024","2"
"BARRANQUILLA","PALERMO SOCIEDAD PORTUARIA S.A","TEUS llenos","0","0","0",,,,"2.024","2"
"SAN ANDRES","SAN ANDRES PORT SOCIETY SA","TEUS llenos","1","121",,,,"600","2.024","2"
"BUENAVENTURA","SOCIEDAD PUERTO INDUSTRIAL AGUADULCE S.A.","TEUS vacios","19.429",,,,,,"2.024","2"
"CARTAGENA","SOCIEDAD PORTUARIA REGIONAL DE CARTAGENA SA","TEUS llenos","7.763","12.280","28.629",,,"134","2.024","2"
"BUENAVENTURA","SOCIEDAD PORTUARIA REGIONAL DE BUENAVENTURA S.A","TEUS llenos","7.237","11.428","4.775",,,,"2.024","2"
"SANTA MARTA","SOCIEDAD PORTUARIA REGIONAL DE SANTA MARTA SA","TEUS vacios","5.309","1.005","88",,,"44","2.024","2"
"CARTAGENA","TERMINAL DE CONTENEDORES DE CARTAGENA S. A.","TEUS vacios","8.136","3.781","33.696",,,"2.441","2.024","2"
"TURBO","UNIBAN LOGISTICA S.A","TEUS vacios","270","5.418",,,,,"2.024","2"
"CARTAGENA","SOCIEDAD PORTUARIA PUERTO BAHIA SA","TEUS vacios",,,"14",,,,"2.024","2"
"CARTAGENA","SOCIEDAD PORTUARIA TRANSMARSYP S.A.","TEUS llenos",,,,,,"505","2.024","2"
"CARTAGENA","COMPAÑIA DE PUERTOS ASOCIADOS S.A.","TEUS vacios","2.144","459",,,,,"2.024","2"
"BUENAVENTURA","SOCIEDAD PORTUARIA TERMINAL DE CONTENEDORES DE BUENAVENTURA S.A.","TEUS vacios","12.812",,,,,,"2.024","2"
"BUENAVENTURA","SOCIEDAD PUERTO INDUSTRIAL AGUADULCE S.A.","TEUS llenos","4.848","21.987",,,,"770","2.024","2"
"CARTAGENA","PUERTO BUENAVISTA S.A","TEUS llenos",,,,,,"1","2.024","2"
"CARTAGENA","PUERTO DE MAMONAL S.A.","TEUS llenos",,"2",,,,,"2.024","2"
"BARRANCABERMEJA","SOCIEDAD PORTUARIA IMPALA TERMINALS BARRANCABERMEJA S.A.","TEUS vacios",,,,,"150",,"2.024","2"
"CARTAGENA","SOCIEDAD PORTUARIA TRANSMARSYP S.A.","TEUS vacios",,,,,,"47","2.024","2"
"CARTAGENA","TERMINAL DE CONTENEDORES DE CARTAGENA S. A.","TEUS llenos","17.787","19.100","117.711",,,"6.271","2.024","2"
"CARTAGENA","COMPAÑIA DE PUERTOS ASOCIADOS S.A.","TEUS llenos","1.773","1.876",,"303",,,"2.024","2"
"CARTAGENA","SOCIEDAD PORTUARIA REGIONAL DE CARTAGENA SA","TEUS vacios","2.731","2.047","3.236",,,"493","2.024","2"
"SAN ANDRES","SAN ANDRES PORT SOCIETY SA","TEUS vacios","123",,,,,"704","2.024","2"
"BUENAVENTURA","SOCIEDAD PORTUARIA REGIONAL DE BUENAVENTURA S.A","TEUS vacios","4.199","5","460",,,,"2.024","2"
"BUENAVENTURA","SOCIEDAD PORTUARIA TERMINAL DE CONTENEDORES DE BUENAVENTURA S.A.","TEUS llenos","3.476","13.992","1.059",,,,"2.024","2"
"CARTAGENA","SOCIEDAD PORTUARIA PUERTO BAHIA SA","TEUS llenos",,"2",,,,,"2.024","2"
"BARRANQUILLA","SOCIEDAD PORTUARIA REGIONAL DE BARRANQUILLA S.A.","TEUS llenos","4.747","4.323","10","14",,"14","2.024","2"
"BARRANCABERMEJA","SOCIEDAD PORTUARIA IMPALA TERMINALS BARRANCABERMEJA S.A.","TEUS llenos",,,,,"118",,"2.024","2"
"TURBO","UNIBAN LOGISTICA S.A","TEUS llenos","4.748","339",,,,"784","2.024","2"
"GUAJIRA","CERREJON ZONA NORTE S.A.","TEUS vacios",,"80",,,,,"2.024","2"
"CARTAGENA","TERMINAL DE CONTENEDORES DE CARTAGENA S. A.","TEUS vacios","8.177","2.349","38.263",,,"1.355","2.024","3"
"CARTAGENA","TERMINAL DE CONTENEDORES DE CARTAGENA S. A.","TEUS llenos","18.138","20.071","121.698",,,"7.063","2.024","3"
"TURBO","UNIBAN LOGISTICA S.A","TEUS vacios","162","5.742",,,,,"2.024","3"
"BUENAVENTURA","SOCIEDAD PORTUARIA REGIONAL DE BUENAVENTURA S.A","TEUS llenos","7.010","9.584","4.540",,,,"2.024","3"
"SAN ANDRES","SAN ANDRES PORT SOCIETY SA","TEUS llenos",,"158",,,,"547","2.024","3"
"BARRANQUILLA","SOCIEDAD PORTUARIA REGIONAL DE BARRANQUILLA S.A.","TEUS llenos","5.742","5.233","12","10",,,"2.024","3"
"CARTAGENA","SOCIEDAD PORTUARIA PUERTO BAHIA SA","TEUS llenos",,"2",,,,,"2.024","3"
"BUENAVENTURA","SOCIEDAD PORTUARIA REGIONAL DE BUENAVENTURA S.A","TEUS vacios","3.657","1","2.245",,,,"2.024","3"
"CARTAGENA","SOCIEDAD PORTUARIA PUERTO BAHIA SA","TEUS vacios",,,"105",,,,"2.024","3"
"SAN ANDRES","SAN ANDRES PORT SOCIETY SA","TEUS vacios","187","5",,,,"506","2.024","3"
"BARRANQUILLA","SOCIEDAD PORTUARIA REGIONAL DE BARRANQUILLA S.A.","TEUS vacios","1.062","2.030",,,,"1.033","2.024","3"
"CARTAGENA","SOCIEDAD PORTUARIA REGIONAL DE CARTAGENA SA","TEUS vacios","5.201","1.081","8.077",,,"774","2.024","3"
"BARRANCABERMEJA","SOCIEDAD PORTUARIA IMPALA TERMINALS BARRANCABERMEJA S.A.","TEUS llenos",,,,,"102",,"2.024","3"
"BUENAVENTURA","SOCIEDAD PUERTO INDUSTRIAL AGUADULCE S.A.","TEUS llenos","6.682","21.198",,,,"778","2.024","3"
"BARRANQUILLA","PALERMO SOCIEDAD PORTUARIA S.A","TEUS llenos",,,"0",,,,"2.024","3"
"TURBO","UNIBAN LOGISTICA S.A","TEUS llenos","5.300","435",,,,"595","2.024","3"
"SANTA MARTA","SOCIEDAD PORTUARIA REGIONAL DE SANTA MARTA SA","TEUS vacios","4.824","865","40",,,"58","2.024","3"
"CARTAGENA","SOCIEDAD PORTUARIA TRANSMARSYP S.A.","TEUS vacios",,,,,,"28","2.024","3"
"BUENAVENTURA","SOCIEDAD PORTUARIA TERMINAL DE CONTENEDORES DE BUENAVENTURA S.A.","TEUS vacios","9.285","3","176",,,,"2.024","3"
"CARTAGENA","SOCIEDAD PORTUARIA TRANSMARSYP S.A.","TEUS llenos",,,,,,"509","2.024","3"
"CARTAGENA","SOCIEDAD PORTUARIA REGIONAL DE CARTAGENA SA","TEUS llenos","7.868","13.177","34.761",,,"364","2.024","3"
"BARRANCABERMEJA","SOCIEDAD PORTUARIA IMPALA TERMINALS BARRANCABERMEJA S.A.","TEUS vacios",,,,,"140",,"2.024","3"
"BUENAVENTURA","SOCIEDAD PORTUARIA TERMINAL DE CONTENEDORES DE BUENAVENTURA S.A.","TEUS llenos","3.676","12.136","905",,,,"2.024","3"
"CARTAGENA","COMPAÑIA DE PUERTOS ASOCIADOS S.A.","TEUS llenos","1.778","1.197",,"562",,,"2.024","3"
"CARTAGENA","COMPAÑIA DE PUERTOS ASOCIADOS S.A.","TEUS vacios","2.469","798",,"86",,,"2.024","3"
"BUENAVENTURA","SOCIEDAD PUERTO INDUSTRIAL AGUADULCE S.A.","TEUS vacios","13.623",,,,,"40","2.024","3"
"BUENAVENTURA","SOCIEDAD PUERTO INDUSTRIAL AGUADULCE S.A.","TEUS llenos","6.420","21.860",,,,"546","2.024","4"
"BARRANCABERMEJA","SOCIEDAD PORTUARIA IMPALA TERMINALS BARRANCABERMEJA S.A.","TEUS vacios",,,,,"84",,"2.024","4"
"BUENAVENTURA","SOCIEDAD PORTUARIA TERMINAL DE CONTENEDORES DE BUENAVENTURA S.A.","TEUS vacios","9.739","1",,,,,"2.024","4"
"BUENAVENTURA","SOCIEDAD PORTUARIA REGIONAL DE BUENAVENTURA S.A","TEUS vacios","4.827",,"2.449",,,,"2.024","4"
"BARRANQUILLA","SOCIEDAD PORTUARIA REGIONAL DE BARRANQUILLA S.A.","TEUS llenos","5.300","4.996","14","12",,,"2.024","4"
"BARRANCABERMEJA","SOCIEDAD PORTUARIA IMPALA TERMINALS BARRANCABERMEJA S.A.","TEUS llenos",,,,,"217",,"2.024","4"
"SANTA MARTA","SOCIEDAD PORTUARIA REGIONAL DE SANTA MARTA SA","TEUS vacios","5.777","863",,,,"40","2.024","4"
"CARTAGENA","SOCIEDAD PORTUARIA TRANSMARSYP S.A.","TEUS llenos",,,,,,"488","2.024","4"
"CARTAGENA","SOCIEDAD PORTUARIA TRANSMARSYP S.A.","TEUS vacios",,,,,,"34","2.024","4"
"BUENAVENTURA","SOCIEDAD PUERTO INDUSTRIAL AGUADULCE S.A.","TEUS vacios","15.236",,,,,"38","2.024","4"
"CARTAGENA","TERMINAL DE CONTENEDORES DE CARTAGENA S. A.","TEUS vacios","5.713","2.352","43.680",,,"1.407","2.024","4"
"BUENAVENTURA","SOCIEDAD PORTUARIA REGIONAL DE BUENAVENTURA S.A","TEUS llenos","6.885","10.699","7.588",,,,"2.024","4"
"TURBO","UNIBAN LOGISTICA S.A","TEUS llenos","4.792","359",,,,"537","2.024","4"
"CARTAGENA","TERMINAL DE CONTENEDORES DE CARTAGENA S. A.","TEUS llenos","16.765","19.808","121.173",,,"5.642","2.024","4"
"TURBO","UNIBAN LOGISTICA S.A","TEUS vacios","397","4.865",,,,,"2.024","4"
"SAN ANDRES","SAN ANDRES PORT SOCIETY SA","TEUS vacios","144",,,,,"637","2.024","4"
"BARRANQUILLA","PALERMO SOCIEDAD PORTUARIA S.A","TEUS llenos",,,"0",,,,"2.024","4"
"BARRANQUILLA","SOCIEDAD PORTUARIA REGIONAL DE BARRANQUILLA S.A.","TEUS vacios","1.057","1.741",,,,"712","2.024","4"
"CARTAGENA","PUERTO DE MAMONAL S.A.","TEUS llenos",,"8",,,,,"2.024","4"
"CARTAGENA","SOCIEDAD PORTUARIA PUERTO BAHIA SA","TEUS vacios",,,"84",,,,"2.024","4"
"BUENAVENTURA","SOCIEDAD PORTUARIA TERMINAL DE CONTENEDORES DE BUENAVENTURA S.A.","TEUS llenos","3.521","13.156","868",,,,"2.024","4"
"CARTAGENA","COMPAÑIA DE PUERTOS ASOCIADOS S.A.","TEUS vacios","4.247","422",,,,,"2.024","4"
"SAN ANDRES","SAN ANDRES PORT SOCIETY SA","TEUS llenos","3","144",,,,"634","2.024","4"
"CARTAGENA","COMPAÑIA DE PUERTOS ASOCIADOS S.A.","TEUS llenos","1.785","2.099",,"1.380",,,"2.024","4"
"CARTAGENA","SOCIEDAD PORTUARIA REGIONAL DE CARTAGENA SA","TEUS llenos","7.632","13.229","29.880",,,"656","2.024","4"
"CARTAGENA","SOCIEDAD PORTUARIA REGIONAL DE CARTAGENA SA","TEUS vacios","4.040","1.139","9.183",,,"1.420","2.024","4"
"BUENAVENTURA","SOCIEDAD PORTUARIA TERMINAL DE CONTENEDORES DE BUENAVENTURA S.A.","TEUS llenos","3.721","14.706","764",,,,"2.024","5"
"SAN ANDRES","SAN ANDRES PORT SOCIETY SA","TEUS llenos",,"121",,,,"457","2.024","5"
"TURBO","UNIBAN LOGISTICA S.A","TEUS llenos","3.798","406",,,,"633","2.024","5"
"SAN ANDRES","SAN ANDRES PORT SOCIETY SA","TEUS vacios","138",,,,,"512","2.024","5"
"TURBO","UNIBAN LOGISTICA S.A","TEUS vacios","174","3.502",,,,,"2.024","5"
"CARTAGENA","COMPAÑIA DE PUERTOS ASOCIADOS S.A.","TEUS llenos","1.846","1.836",,"1.137",,,"2.024","5"
"BUENAVENTURA","SOCIEDAD PORTUARIA TERMINAL DE CONTENEDORES DE BUENAVENTURA S.A.","TEUS vacios","9.126","4","1.810",,,,"2.024","5"
"CARTAGENA","SOCIEDAD PORTUARIA REGIONAL DE CARTAGENA SA","TEUS llenos","8.489","13.116","37.396",,,"883","2.024","5"
"CARTAGENA","SOCIEDAD PORTUARIA PUERTO BAHIA SA","TEUS llenos",,"12",,,,,"2.024","5"
"BUENAVENTURA","SOCIEDAD PORTUARIA REGIONAL DE BUENAVENTURA S.A","TEUS llenos","5.178","12.694","2.383",,,,"2.024","5"
"BARRANQUILLA","SOCIEDAD PORTUARIA REGIONAL DE BARRANQUILLA S.A.","TEUS vacios","1.194","1.856",,,,"490","2.024","5"
"BARRANCABERMEJA","SOCIEDAD PORTUARIA IMPALA TERMINALS BARRANCABERMEJA S.A.","TEUS vacios",,,,,"144",,"2.024","5"
"CARTAGENA","TERMINAL DE CONTENEDORES DE CARTAGENA S. A.","TEUS llenos","18.546","18.286","121.098",,,"5.213","2.024","5"
"BUENAVENTURA","SOCIEDAD PORTUARIA REGIONAL DE BUENAVENTURA S.A","TEUS vacios","5.031","2","1.732",,,,"2.024","5"
"CARTAGENA","SOCIEDAD PORTUARIA TRANSMARSYP S.A.","TEUS llenos",,,,,,"424","2.024","5"
"BARRANQUILLA","SOCIEDAD PORTUARIA REGIONAL DE BARRANQUILLA S.A.","TEUS llenos","5.343","4.671","64","74",,,"2.024","5"
"BUENAVENTURA","SOCIEDAD PUERTO INDUSTRIAL AGUADULCE S.A.","TEUS llenos","6.494","22.712",,,,"757","2.024","5"
"BUENAVENTURA","SOCIEDAD PUERTO INDUSTRIAL AGUADULCE S.A.","TEUS vacios","15.209",,,,,"16","2.024","5"
"CARTAGENA","SOCIEDAD PORTUARIA REGIONAL DE CARTAGENA SA","TEUS vacios","3.052","1.970","7.803",,,"871","2.024","5"
"BARRANCABERMEJA","SOCIEDAD PORTUARIA IMPALA TERMINALS BARRANCABERMEJA S.A.","TEUS llenos",,,,,"201",,"2.024","5"
"CARTAGENA","SOCIEDAD PORTUARIA TRANSMARSYP S.A.","TEUS vacios",,,,,,"39","2.024","5"
"BARRANQUILLA","PALERMO SOCIEDAD PORTUARIA S.A","TEUS llenos",,"0","0",,,,"2.024","5"
"CARTAGENA","SOCIEDAD PORTUARIA PUERTO BAHIA SA","TEUS vacios",,,"28",,,,"2.024","5"
"CARTAGENA","COMPAÑIA DE PUERTOS ASOCIADOS S.A.","TEUS vacios","2.101","604",,,,,"2.024","5"
"CARTAGENA","TERMINAL DE CONTENEDORES DE CARTAGENA S. A.","TEUS vacios","5.933","2.238","42.973",,,"903","2.024","5"
"SANTA MARTA","SOCIEDAD PORTUARIA REGIONAL DE SANTA MARTA SA","TEUS vacios","5.253","1.079","76",,,"50","2.024","5"
"CARTAGENA","SOCIEDAD PORTUARIA PUERTO BAHIA SA","TEUS vacios",,,"18",,,,"2.024","6"
"BUENAVENTURA","SOCIEDAD PORTUARIA REGIONAL DE BUENAVENTURA S.A","TEUS llenos","7.872","13.969","2.686",,,,"2.024","6"
"BARRANQUILLA","SOCIEDAD PORTUARIA REGIONAL DE BARRANQUILLA S.A.","TEUS llenos","5.361","4.906","25","10",,,"2.024","6"
"SANTA MARTA","SOCIEDAD PORTUARIA REGIONAL DE SANTA MARTA SA","TEUS vacios","4.707","762","67",,,"99","2.024","6"
"SAN ANDRES","SAN ANDRES PORT SOCIETY SA","TEUS vacios","104",,,,,"434","2.024","6"
"BUENAVENTURA","SOCIEDAD PORTUARIA TERMINAL DE CONTENEDORES DE BUENAVENTURA S.A.","TEUS vacios","9.620","8",,,,,"2.024","6"
"CARTAGENA","COMPAÑIA DE PUERTOS ASOCIADOS S.A.","TEUS llenos","2.529","1.517",,"138",,,"2.024","6"
"BUENAVENTURA","SOCIEDAD PORTUARIA TERMINAL DE CONTENEDORES DE BUENAVENTURA S.A.","TEUS llenos","4.458","15.966","905",,,,"2.024","6"
"SAN ANDRES","SAN ANDRES PORT SOCIETY SA","TEUS llenos",,"99",,,,"554","2.024","6"
"BARRANQUILLA","SOCIEDAD PORTUARIA REGIONAL DE BARRANQUILLA S.A.","TEUS vacios","1.139","2.579",,,,"519","2.024","6"
"CARTAGENA","SOCIEDAD PORTUARIA REGIONAL DE CARTAGENA SA","TEUS vacios","2.473","1.448","15.011",,,"830","2.024","6"
"CARTAGENA","SOCIEDAD PORTUARIA PUERTO BAHIA SA","TEUS llenos",,"2",,,,,"2.024","6"
"CARTAGENA","PUERTO DE MAMONAL S.A.","TEUS llenos",,"2",,,,,"2.024","6"
"TURBO","UNIBAN LOGISTICA S.A","TEUS llenos","3.241","239",,,,"693","2.024","6"
"TURBO","UNIBAN LOGISTICA S.A","TEUS vacios","404","2.980",,,,,"2.024","6"
"BUENAVENTURA","SOCIEDAD PUERTO INDUSTRIAL AGUADULCE S.A.","TEUS llenos","7.026","20.894",,,,"1.135","2.024","6"
"BARRANQUILLA","PALERMO SOCIEDAD PORTUARIA S.A","TEUS llenos",,"0","0",,,,"2.024","6"
"CARTAGENA","COMPAÑIA DE PUERTOS ASOCIADOS S.A.","TEUS vacios","1.875","536",,,,,"2.024","6"
"BARRANCABERMEJA","SOCIEDAD PORTUARIA IMPALA TERMINALS BARRANCABERMEJA S.A.","TEUS llenos",,,,,"112",,"2.024","6"
"CARTAGENA","TERMINAL DE CONTENEDORES DE CARTAGENA S. A.","TEUS vacios","4.922","2.326","38.523",,,"1.003","2.024","6"
"CARTAGENA","SOCIEDAD PORTUARIA REGIONAL DE CARTAGENA SA","TEUS llenos","7.145","11.320","35.433",,,"914","2.024","6"
"CARTAGENA","SOCIEDAD PORTUARIA TRANSMARSYP S.A.","TEUS llenos",,,,,,"568","2.024","6"
"BUENAVENTURA","SOCIEDAD PUERTO INDUSTRIAL AGUADULCE S.A.","TEUS vacios","15.907",,,,,,"2.024","6"
"BARRANCABERMEJA","SOCIEDAD PORTUARIA IMPALA TERMINALS BARRANCABERMEJA S.A.","TEUS vacios",,,,,"80",,"2.024","6"
"CARTAGENA","TERMINAL DE CONTENEDORES DE CARTAGENA S. A.","TEUS llenos","17.700","18.443","123.801",,,"5.475","2.024","6"
"CARTAGENA","SOCIEDAD PORTUARIA TRANSMARSYP S.A.","TEUS vacios",,,,,,"23","2.024","6"
"BUENAVENTURA","SOCIEDAD PORTUARIA REGIONAL DE BUENAVENTURA S.A","TEUS vacios","6.271",,"1.712",,,,"2.024","6"
"BUENAVENTURA","SOCIEDAD PUERTO INDUSTRIAL AGUADULCE S.A.","TEUS llenos","5.820","23.765",,,,"782","2.024","7"
"CARTAGENA","COMPAÑIA DE PUERTOS ASOCIADOS S.A.","TEUS vacios","2.370","446",,"930",,,"2.024","7"
"BUENAVENTURA","SOCIEDAD PORTUARIA TERMINAL DE CONTENEDORES DE BUENAVENTURA S.A.","TEUS vacios","7.638","8","1.219",,,,"2.024","7"
"BARRANQUILLA","SOCIEDAD PORTUARIA REGIONAL DE BARRANQUILLA S.A.","TEUS llenos","5.477","5.033","3","18",,,"2.024","7"
"SANTA MARTA","SOCIEDAD PORTUARIA REGIONAL DE SANTA MARTA SA","TEUS vacios","5.513","615","33",,,"99","2.024","7"
"BARRANCABERMEJA","SOCIEDAD PORTUARIA IMPALA TERMINALS BARRANCABERMEJA S.A.","TEUS vacios",,,,,"160",,"2.024","7"
"CARTAGENA","TERMINAL DE CONTENEDORES DE CARTAGENA S. A.","TEUS llenos","17.473","19.170","127.863",,,"6.252","2.024","7"
"CARTAGENA","COMPAÑIA DE PUERTOS ASOCIADOS S.A.","TEUS llenos","2.156","2.235",,"1.157",,,"2.024","7"
"BARRANCABERMEJA","SOCIEDAD PORTUARIA IMPALA TERMINALS BARRANCABERMEJA S.A.","TEUS llenos",,,,,"217",,"2.024","7"
"BUENAVENTURA","SOCIEDAD PORTUARIA REGIONAL DE BUENAVENTURA S.A","TEUS llenos","6.401","12.442","3.346",,,,"2.024","7"
"CARTAGENA","SOCIEDAD PORTUARIA PUERTO BAHIA SA","TEUS vacios",,,"26",,,,"2.024","7"
"TURBO","UNIBAN LOGISTICA S.A","TEUS llenos","3.808","416",,,,"593","2.024","7"
"SAN ANDRES","SAN ANDRES PORT SOCIETY SA","TEUS llenos",,"152",,,,"601","2.024","7"
"CARTAGENA","TERMINAL DE CONTENEDORES DE CARTAGENA S. A.","TEUS vacios","6.042","2.206","34.687",,,"1.550","2.024","7"
"BARRANQUILLA","PALERMO SOCIEDAD PORTUARIA S.A","TEUS llenos",,,"0",,,,"2.024","7"
"SAN ANDRES","SAN ANDRES PORT SOCIETY SA","TEUS vacios","160",,,,,"610","2.024","7"
"CARTAGENA","SOCIEDAD PORTUARIA REGIONAL DE CARTAGENA SA","TEUS vacios","2.176","975","14.694",,,"933","2.024","7"
"BUENAVENTURA","SOCIEDAD PORTUARIA TERMINAL DE CONTENEDORES DE BUENAVENTURA S.A.","TEUS llenos","4.282","12.738","1.095",,,,"2.024","7"
"TURBO","UNIBAN LOGISTICA S.A","TEUS vacios","426","3.450",,,,,"2.024","7"
"BUENAVENTURA","SOCIEDAD PORTUARIA REGIONAL DE BUENAVENTURA S.A","TEUS vacios","5.431",,"764",,,,"2.024","7"
"BUENAVENTURA","SOCIEDAD PUERTO INDUSTRIAL AGUADULCE S.A.","TEUS vacios","16.239",,,,,"1","2.024","7"
"CARTAGENA","SOCIEDAD PORTUARIA TRANSMARSYP S.A.","TEUS vacios",,,,,,"28","2.024","7"
"CARTAGENA","SOCIEDAD PORTUARIA TRANSMARSYP S.A.","TEUS llenos",,,,,,"451","2.024","7"
"CARTAGENA","PUERTO DE MAMONAL S.A.","TEUS llenos",,"4",,,,,"2.024","7"
"CARTAGENA","SOCIEDAD PORTUARIA REGIONAL DE CARTAGENA SA","TEUS llenos","8.294","10.115","50.052",,,"682","2.024","7"
"BARRANQUILLA","SOCIEDAD PORTUARIA REGIONAL DE BARRANQUILLA S.A.","TEUS vacios","1.056","2.639",,,,"484","2.024","7"
"CARTAGENA","SOCIEDAD PORTUARIA PUERTO BAHIA SA","TEUS llenos",,"30",,,,,"2.024","7"
"CARTAGENA","TERMINAL DE CONTENEDORES DE CARTAGENA S. A.","TEUS vacios","5.096","2.616","31.251",,,"1.552","2.024","8"
"SAN ANDRES","SAN ANDRES PORT SOCIETY SA","TEUS llenos","2","142",,,,"523","2.024","8"
"SANTA MARTA","SOCIEDAD PORTUARIA REGIONAL DE SANTA MARTA SA","TEUS vacios","7.452","1.096","24",,,"45","2.024","8"
"CARTAGENA","SOCIEDAD PORTUARIA TRANSMARSYP S.A.","TEUS vacios",,,,,,"39","2.024","8"
"CARTAGENA","SOCIEDAD PORTUARIA TRANSMARSYP S.A.","TEUS llenos",,,,,,"536","2.024","8"
"BARRANCABERMEJA","SOCIEDAD PORTUARIA IMPALA TERMINALS BARRANCABERMEJA S.A.","TEUS vacios",,,,,"89",,"2.024","8"
"BUENAVENTURA","SOCIEDAD PORTUARIA REGIONAL DE BUENAVENTURA S.A","TEUS vacios","5.698","328","3.728",,,,"2.024","8"
"CARTAGENA","SOCIEDAD PORTUARIA PUERTO BAHIA SA","TEUS vacios",,,"66",,,,"2.024","8"
"BUENAVENTURA","SOCIEDAD PUERTO INDUSTRIAL AGUADULCE S.A.","TEUS llenos","7.570","23.924",,,,"886","2.024","8"
"CARTAGENA","SOCIEDAD PORTUARIA REGIONAL DE CARTAGENA SA","TEUS llenos","7.927","12.986","40.538",,,"1.136","2.024","8"
"CARTAGENA","PUERTO DE MAMONAL S.A.","TEUS llenos",,"5",,,,,"2.024","8"
"SAN ANDRES","SAN ANDRES PORT SOCIETY SA","TEUS vacios","190",,,,,"495","2.024","8"
"TURBO","UNIBAN LOGISTICA S.A","TEUS vacios","364","4.380",,,,,"2.024","8"
"CARTAGENA","COMPAÑIA DE PUERTOS ASOCIADOS S.A.","TEUS vacios","198","769",,,,,"2.024","8"
"BUENAVENTURA","SOCIEDAD PORTUARIA TERMINAL DE CONTENEDORES DE BUENAVENTURA S.A.","TEUS llenos","3.865","12.902","682",,,,"2.024","8"
"BARRANCABERMEJA","SOCIEDAD PORTUARIA IMPALA TERMINALS BARRANCABERMEJA S.A.","TEUS llenos",,,,,"158",,"2.024","8"
"BARRANQUILLA","SOCIEDAD PORTUARIA REGIONAL DE BARRANQUILLA S.A.","TEUS vacios","609","1.752",,,,"1.588","2.024","8"
"BUENAVENTURA","SOCIEDAD PORTUARIA TERMINAL DE CONTENEDORES DE BUENAVENTURA S.A.","TEUS vacios","8.414",,"2.550",,,,"2.024","8"
"CARTAGENA","COMPAÑIA DE PUERTOS ASOCIADOS S.A.","TEUS llenos","1.614","1.384",,"391",,,"2.024","8"
"CARTAGENA","TERMINAL DE CONTENEDORES DE CARTAGENA S. A.","TEUS llenos","17.944","19.841","128.075",,,"6.883","2.024","8"
"BARRANQUILLA","PALERMO SOCIEDAD PORTUARIA S.A","TEUS llenos",,,"0",,,,"2.024","8"
"BARRANQUILLA","SOCIEDAD PORTUARIA REGIONAL DE BARRANQUILLA S.A.","TEUS llenos","5.753","6.578","37","24",,,"2.024","8"
"BUENAVENTURA","SOCIEDAD PUERTO INDUSTRIAL AGUADULCE S.A.","TEUS vacios","14.989",,,,,"42","2.024","8"
"BUENAVENTURA","SOCIEDAD PORTUARIA REGIONAL DE BUENAVENTURA S.A","TEUS llenos","8.958","20.050","12.507",,,,"2.024","8"
"TURBO","UNIBAN LOGISTICA S.A","TEUS llenos","4.044","342",,,,"948","2.024","8"
"CARTAGENA","SOCIEDAD PORTUARIA REGIONAL DE CARTAGENA SA","TEUS vacios","2.639","1.926","11.106",,,"2.303","2.024","8"
"CARTAGENA","SOCIEDAD PORTUARIA PUERTO BAHIA SA","TEUS llenos",,"4",,,,,"2.024","8"
"CARTAGENA","PUERTO DE MAMONAL S.A.","TEUS llenos","14","2",,,,,"2.024","9"
"GUAJIRA","CERREJON ZONA NORTE S.A.","TEUS llenos",,"68",,,,,"2.024","9"
"CARTAGENA","SOCIEDAD PORTUARIA REGIONAL DE CARTAGENA SA","TEUS llenos","7.721","11.408","38.958",,,"672","2.024","9"
"SAN ANDRES","SAN ANDRES PORT SOCIETY SA","TEUS llenos","1","170",,,,"562","2.024","9"
"BUENAVENTURA","SOCIEDAD PORTUARIA TERMINAL DE CONTENEDORES DE BUENAVENTURA S.A.","TEUS vacios","9.627","268","1.866",,,,"2.024","9"
"CARTAGENA","SOCIEDAD PORTUARIA REGIONAL DE CARTAGENA SA","TEUS vacios","1.793","1.083","10.918",,,"2.415","2.024","9"
"BUENAVENTURA","SOCIEDAD PORTUARIA REGIONAL DE BUENAVENTURA S.A","TEUS llenos","8.350","17.824","10.343",,,,"2.024","9"
"BUENAVENTURA","SOCIEDAD PUERTO INDUSTRIAL AGUADULCE S.A.","TEUS vacios","18.813",,,,,"32","2.024","9"
"BUENAVENTURA","SOCIEDAD PUERTO INDUSTRIAL AGUADULCE S.A.","TEUS llenos","7.519","19.967",,,,"803","2.024","9"
"SAN ANDRES","SAN ANDRES PORT SOCIETY SA","TEUS vacios","145","4",,,,"551","2.024","9"
"CARTAGENA","TERMINAL DE CONTENEDORES DE CARTAGENA S. A.","TEUS llenos","17.373","18.706","113.906",,,"6.078","2.024","9"
"BUENAVENTURA","SOCIEDAD PORTUARIA TERMINAL DE CONTENEDORES DE BUENAVENTURA S.A.","TEUS llenos","4.662","14.666","1.105",,,,"2.024","9"
"CARTAGENA","SOCIEDAD PORTUARIA TRANSMARSYP S.A.","TEUS llenos",,,,,,"492","2.024","9"
"BARRANQUILLA","SOCIEDAD PORTUARIA REGIONAL DE BARRANQUILLA S.A.","TEUS vacios","408","2.044",,,,"1.223","2.024","9"
"TURBO","UNIBAN LOGISTICA S.A","TEUS llenos","4.306","470",,,,"826","2.024","9"
"BARRANQUILLA","PALERMO SOCIEDAD PORTUARIA S.A","TEUS llenos",,"4","120",,,,"2.024","9"
"SANTA MARTA","SOCIEDAD PORTUARIA REGIONAL DE SANTA MARTA SA","TEUS vacios","3.100","1.046","6",,,"32","2.024","9"
"CARTAGENA","TERMINAL DE CONTENEDORES DE CARTAGENA S. A.","TEUS vacios","6.235","2.308","35.192",,,"1.138","2.024","9"
"BUENAVENTURA","SOCIEDAD PORTUARIA REGIONAL DE BUENAVENTURA S.A","TEUS vacios","6.133","260","1.106",,,,"2.024","9"
"BARRANCABERMEJA","SOCIEDAD PORTUARIA IMPALA TERMINALS BARRANCABERMEJA S.A.","TEUS llenos",,,,,"245",,"2.024","9"
"BARRANQUILLA","SOCIEDAD PORTUARIA REGIONAL DE BARRANQUILLA S.A.","TEUS llenos","5.176","3.628","7","19",,,"2.024","9"
"CARTAGENA","SOCIEDAD PORTUARIA PUERTO BAHIA SA","TEUS vacios",,,"8",,,,"2.024","9"
"CARTAGENA","COMPAÑIA DE PUERTOS ASOCIADOS S.A.","TEUS vacios","1.712","545",,,,,"2.024","9"
"BARRANCABERMEJA","SOCIEDAD PORTUARIA IMPALA TERMINALS BARRANCABERMEJA S.A.","TEUS vacios",,,,,"193",,"2.024","9"
"CARTAGENA","COMPAÑIA DE PUERTOS ASOCIADOS S.A.","TEUS llenos","2.398","2.534",,"98",,,"2.024","9"
"CARTAGENA","SOCIEDAD PORTUARIA PUERTO BAHIA SA","TEUS llenos",,"12","2",,,,"2.024","9"
"TURBO","UNIBAN LOGISTICA S.A","TEUS vacios","206","5.018",,,,,"2.024","9"
"CARTAGENA","SOCIEDAD PORTUARIA TRANSMARSYP S.A.","TEUS vacios",,,,,,"37","2.024","9"
"BARRANQUILLA","PALERMO SOCIEDAD PORTUARIA S.A","TEUS llenos",,"2",,,,,"2.024","10"
"GUAJIRA","CERREJON ZONA NORTE S.A.","TEUS vacios",,"208",,,,,"2.024","10"
"BUENAVENTURA","SOCIEDAD PORTUARIA TERMINAL DE CONTENEDORES DE BUENAVENTURA S.A.","TEUS vacios","10.864","347","596",,,,"2.024","10"
"BUENAVENTURA","SOCIEDAD PUERTO INDUSTRIAL AGUADULCE S.A.","TEUS llenos","5.664","22.772",,,,"811","2.024","10"
"BARRANQUILLA","SOCIEDAD PORTUARIA REGIONAL DE BARRANQUILLA S.A.","TEUS llenos","5.874","5.165","37","36",,"2","2.024","10"
"TURBO","UNIBAN LOGISTICA S.A","TEUS llenos","4.674","423",,,,"905","2.024","10"
"BUENAVENTURA","SOCIEDAD PORTUARIA REGIONAL DE BUENAVENTURA S.A","TEUS llenos","8.693","13.443","9.587",,,,"2.024","10"
"BUENAVENTURA","SOCIEDAD PORTUARIA REGIONAL DE BUENAVENTURA S.A","TEUS vacios","4.415","727","426",,,,"2.024","10"
"CARTAGENA","SOCIEDAD PORTUARIA TRANSMARSYP S.A.","TEUS vacios",,,,,,"24","2.024","10"
"TURBO","UNIBAN LOGISTICA S.A","TEUS vacios","152","4.222",,,,,"2.024","10"
"CARTAGENA","SOCIEDAD PORTUARIA REGIONAL DE CARTAGENA SA","TEUS llenos","8.442","12.053","38.197",,,"1.277","2.024","10"
"CARTAGENA","COMPAÑIA DE PUERTOS ASOCIADOS S.A.","TEUS vacios","2.650","1.501",,,,,"2.024","10"
"CARTAGENA","TERMINAL DE CONTENEDORES DE CARTAGENA S. A.","TEUS vacios","4.901","2.479","17.249",,,"2.840","2.024","10"
"SAN ANDRES","SAN ANDRES PORT SOCIETY SA","TEUS vacios","164",,,,,"472","2.024","10"
"CARTAGENA","SOCIEDAD PORTUARIA TRANSMARSYP S.A.","TEUS llenos",,,,,,"410","2.024","10"
"CARTAGENA","COMPAÑIA DE PUERTOS ASOCIADOS S.A.","TEUS llenos","2.106","2.576",,"303",,,"2.024","10"
"CARTAGENA","TERMINAL DE CONTENEDORES DE CARTAGENA S. A.","TEUS llenos","20.198","20.700","122.543",,,"6.833","2.024","10"
"BARRANQUILLA","SOCIEDAD PORTUARIA REGIONAL DE BARRANQUILLA S.A.","TEUS vacios","1.037","1.201",,,,"1.034","2.024","10"
"GUAJIRA","CERREJON ZONA NORTE S.A.","TEUS llenos",,"179",,,,,"2.024","10"
"BUENAVENTURA","SOCIEDAD PORTUARIA TERMINAL DE CONTENEDORES DE BUENAVENTURA S.A.","TEUS llenos","3.279","17.210","887",,,,"2.024","10"
"SAN ANDRES","SAN ANDRES PORT SOCIETY SA","TEUS llenos",,"95",,,,"572","2.024","10"
"SANTA MARTA","SOCIEDAD PORTUARIA REGIONAL DE SANTA MARTA SA","TEUS vacios","4.246","902","474",,,"30","2.024","10"
"BARRANCABERMEJA","SOCIEDAD PORTUARIA IMPALA TERMINALS BARRANCABERMEJA S.A.","TEUS vacios",,,,,"487",,"2.024","10"
"BUENAVENTURA","SOCIEDAD PUERTO INDUSTRIAL AGUADULCE S.A.","TEUS vacios","14.997","8",,,,"24","2.024","10"
"BARRANCABERMEJA","SOCIEDAD PORTUARIA IMPALA TERMINALS BARRANCABERMEJA S.A.","TEUS llenos",,,,,"308",,"2.024","10"
"CARTAGENA","SOCIEDAD PORTUARIA PUERTO BAHIA SA","TEUS llenos",,,"2",,,,"2.024","10"
"CARTAGENA","SOCIEDAD PORTUARIA PUERTO BAHIA SA","TEUS vacios",,,"14",,,,"2.024","10"
"CARTAGENA","PUERTO DE MAMONAL S.A.","TEUS llenos",,"10",,,,,"2.024","10"
"CARTAGENA","SOCIEDAD PORTUARIA REGIONAL DE CARTAGENA SA","TEUS vacios","2.097","1.607","11.287",,,"1.500","2.024","10"
"BUENAVENTURA","SOCIEDAD PORTUARIA REGIONAL DE BUENAVENTURA S.A","TEUS llenos","8.864","19.631","10.346",,,,"2.024","11"
"BUENAVENTURA","SOCIEDAD PORTUARIA TERMINAL DE CONTENEDORES DE BUENAVENTURA S.A.","TEUS llenos","3.078","16.843","1.372",,,,"2.024","11"
"BARRANQUILLA","SOCIEDAD PORTUARIA REGIONAL DE BARRANQUILLA S.A.","TEUS llenos","4.624","4.687","31","29",,,"2.024","11"
"SAN ANDRES","SAN ANDRES PORT SOCIETY SA","TEUS vacios","193",,,,,"514","2.024","11"
"CARTAGENA","SOCIEDAD PORTUARIA PUERTO BAHIA SA","TEUS vacios",,"6","24",,,,"2.024","11"
"CARTAGENA","PUERTO DE MAMONAL S.A.","TEUS llenos",,"30",,,,,"2.024","11"
"BUENAVENTURA","SOCIEDAD PUERTO INDUSTRIAL AGUADULCE S.A.","TEUS llenos","11.246","34.928",,,,"861","2.024","11"
"BUENAVENTURA","SOCIEDAD PUERTO INDUSTRIAL AGUADULCE S.A.","TEUS vacios","24.926","375",,,,"212","2.024","11"
"CARTAGENA","SOCIEDAD PORTUARIA TRANSMARSYP S.A.","TEUS llenos",,,,,,"602","2.024","11"
"BARRANQUILLA","PALERMO SOCIEDAD PORTUARIA S.A","TEUS llenos","28","10",,,,,"2.024","11"
"TURBO","UNIBAN LOGISTICA S.A","TEUS vacios","482","3.945",,,,,"2.024","11"
"BUENAVENTURA","SOCIEDAD PORTUARIA REGIONAL DE BUENAVENTURA S.A","TEUS vacios","7.770","1.102","910",,,,"2.024","11"
"BARRANCABERMEJA","SOCIEDAD PORTUARIA IMPALA TERMINALS BARRANCABERMEJA S.A.","TEUS vacios",,,,,"115",,"2.024","11"
"CARTAGENA","SOCIEDAD PORTUARIA REGIONAL DE CARTAGENA SA","TEUS vacios","2.556","838","8.331",,,"1.346","2.024","11"
"CARTAGENA","SOCIEDAD PORTUARIA REGIONAL DE CARTAGENA SA","TEUS llenos","8.045","14.485","54.018",,,"961","2.024","11"
"BARRANQUILLA","SOCIEDAD PORTUARIA REGIONAL DE BARRANQUILLA S.A.","TEUS vacios","277","1.510",,,,"777","2.024","11"
"BUENAVENTURA","SOCIEDAD PORTUARIA TERMINAL DE CONTENEDORES DE BUENAVENTURA S.A.","TEUS vacios","10.728","2","1.802",,,,"2.024","11"
"CARTAGENA","COMPAÑIA DE PUERTOS ASOCIADOS S.A.","TEUS llenos","1.616","2.459",,"266",,,"2.024","11"
"CARTAGENA","SOCIEDAD PORTUARIA TRANSMARSYP S.A.","TEUS vacios",,,,,,"38","2.024","11"
"BARRANCABERMEJA","SOCIEDAD PORTUARIA IMPALA TERMINALS BARRANCABERMEJA S.A.","TEUS llenos",,,,,"388",,"2.024","11"
"CARTAGENA","COMPAÑIA DE PUERTOS ASOCIADOS S.A.","TEUS vacios","2.914","265",,"675",,,"2.024","11"
"CARTAGENA","SOCIEDAD PORTUARIA PUERTO BAHIA SA","TEUS llenos",,"186",,,,,"2.024","11"
"CARTAGENA","TERMINAL DE CONTENEDORES DE CARTAGENA S. A.","TEUS vacios","5.739","3.697","25.279",,,"2.759","2.024","11"
"TURBO","UNIBAN LOGISTICA S.A","TEUS llenos","4.322","318",,,,"1.121","2.024","11"
"SANTA MARTA","SOCIEDAD PORTUARIA REGIONAL DE SANTA MARTA SA","TEUS vacios","3.399","1.114","292",,,"361","2.024","11"
"CARTAGENA","TERMINAL DE CONTENEDORES DE CARTAGENA S. A.","TEUS llenos","18.593","22.425","118.490",,,"5.806","2.024","11"
"SAN ANDRES","SAN ANDRES PORT SOCIETY SA","TEUS llenos",,"194",,,,"509","2.024","11"
"BUENAVENTURA","SOCIEDAD PUERTO INDUSTRIAL AGUADULCE S.A.","TEUS vacios","38.575","12",,,,"1","2.024","12"
"CARTAGENA","COMPAÑIA DE PUERTOS ASOCIADOS S.A.","TEUS vacios","2.868","234",,"98",,,"2.024","12"
"BUENAVENTURA","SOCIEDAD PUERTO INDUSTRIAL AGUADULCE S.A.","TEUS llenos","8.628","44.847",,,,"636","2.024","12"
"SANTA MARTA","SOCIEDAD PORTUARIA REGIONAL DE SANTA MARTA SA","TEUS vacios","3.415","1.072","223",,,"544","2.024","12"
"BARRANCABERMEJA","SOCIEDAD PORTUARIA IMPALA TERMINALS BARRANCABERMEJA S.A.","TEUS llenos",,,,,"243",,"2.024","12"
"CARTAGENA","COMPAÑIA DE PUERTOS ASOCIADOS S.A.","TEUS llenos","2.190","2.824",,"386",,,"2.024","12"
"CARTAGENA","PUERTO DE MAMONAL S.A.","TEUS llenos",,"9",,,,,"2.024","12"
"CARTAGENA","SOCIEDAD PORTUARIA REGIONAL DE CARTAGENA SA","TEUS llenos","9.657","11.130","45.313",,,"896","2.024","12"
"BUENAVENTURA","SOCIEDAD PORTUARIA REGIONAL DE BUENAVENTURA S.A","TEUS vacios","5.345","266","126",,,,"2.024","12"
"BUENAVENTURA","SOCIEDAD PORTUARIA TERMINAL DE CONTENEDORES DE BUENAVENTURA S.A.","TEUS llenos","5.027","14.853","2.734",,,,"2.024","12"
"CARTAGENA","SOCIEDAD PORTUARIA PUERTO BAHIA SA","TEUS llenos",,"194","20",,,,"2.024","12"
"SAN ANDRES","SAN ANDRES PORT SOCIETY SA","TEUS vacios","133",,,,,"696","2.024","12"
"BARRANCABERMEJA","SOCIEDAD PORTUARIA IMPALA TERMINALS BARRANCABERMEJA S.A.","TEUS vacios",,,,,"137",,"2.024","12"
"CARTAGENA","TERMINAL DE CONTENEDORES DE CARTAGENA S. A.","TEUS vacios","8.322","2.680","32.791",,,"1.724","2.024","12"
"SAN ANDRES","SAN ANDRES PORT SOCIETY SA","TEUS llenos",,"208",,,,"679","2.024","12"
"BUENAVENTURA","SOCIEDAD PORTUARIA REGIONAL DE BUENAVENTURA S.A","TEUS llenos","7.302","11.121","11.362",,,,"2.024","12"
"TURBO","UNIBAN LOGISTICA S.A","TEUS vacios","461","4.100",,,,,"2.024","12"
"CARTAGENA","SOCIEDAD PORTUARIA PUERTO BAHIA SA","TEUS vacios",,"4","28",,,,"2.024","12"
"CARTAGENA","TERMINAL DE CONTENEDORES DE CARTAGENA S. A.","TEUS llenos","19.237","20.383","120.795",,,"7.310","2.024","12"
"BARRANQUILLA","PALERMO SOCIEDAD PORTUARIA S.A","TEUS llenos",,"18","38",,,,"2.024","12"
"CARTAGENA","SOCIEDAD PORTUARIA TRANSMARSYP S.A.","TEUS vacios",,,,,,"32","2.024","12"
"CARTAGENA","SOCIEDAD PORTUARIA TRANSMARSYP S.A.","TEUS llenos",,,,,,"574","2.024","12"
"CARTAGENA","SOCIEDAD PORTUARIA REGIONAL DE CARTAGENA SA","TEUS vacios","1.945","907","10.276",,,"601","2.024","12"
"BUENAVENTURA","SOCIEDAD PORTUARIA TERMINAL DE CONTENEDORES DE BUENAVENTURA S.A.","TEUS vacios","10.487","1.349","768",,,,"2.024","12"
"BARRANQUILLA","SOCIEDAD PORTUARIA REGIONAL DE BARRANQUILLA S.A.","TEUS vacios","992","1.873",,,,"867","2.024","12"
"TURBO","UNIBAN LOGISTICA S.A","TEUS llenos","3.702","316",,,,"807","2.024","12"
"BARRANQUILLA","SOCIEDAD PORTUARIA REGIONAL DE BARRANQUILLA S.A.","TEUS llenos","5.429","5.257","33","19",,,"2.024","12"
"CARTAGENA","SOCIEDAD PORTUARIA REGIONAL DE CARTAGENA SA","TEUS vacios","1.979","1.162","9.205",,,"744","2.025","1"
"BARRANCABERMEJA","SOCIEDAD PORTUARIA IMPALA TERMINALS BARRANCABERMEJA S.A.","TEUS vacios",,,,,"254",,"2.025","1"
"BUENAVENTURA","SOCIEDAD PORTUARIA TERMINAL DE CONTENEDORES DE BUENAVENTURA S.A.","TEUS vacios","11.964","308","1.841",,,,"2.025","1"
"GUAJIRA","CERREJON ZONA NORTE S.A.","TEUS vacios",,"216",,,,,"2.025","1"
"CARTAGENA","TERMINAL DE CONTENEDORES DE CARTAGENA S. A.","TEUS vacios","7.752","3.264","41.415",,,"2.917","2.025","1"
"SAN ANDRES","SAN ANDRES PORT SOCIETY SA","TEUS llenos","11","140",,,,"495","2.025","1"
"SAN ANDRES","SAN ANDRES PORT SOCIETY SA","TEUS vacios","114",,,,,"620","2.025","1"
"BARRANQUILLA","SOCIEDAD PORTUARIA REGIONAL DE BARRANQUILLA S.A.","TEUS llenos","4.067","5.049","22","22",,,"2.025","1"
"BARRANQUILLA","PALERMO SOCIEDAD PORTUARIA S.A","TEUS llenos","38","18","78",,,,"2.025","1"
"CARTAGENA","COMPAÑIA DE PUERTOS ASOCIADOS S.A.","TEUS llenos","1.572","1.589",,"596",,,"2.025","1"
"CARTAGENA","SOCIEDAD PORTUARIA REGIONAL DE CARTAGENA SA","TEUS llenos","8.174","14.443","42.197",,,"1.513","2.025","1"
"CARTAGENA","TERMINAL DE CONTENEDORES DE CARTAGENA S. A.","TEUS llenos","16.514","18.404","117.232",,,"4.256","2.025","1"
"CARTAGENA","SOCIEDAD PORTUARIA PUERTO BAHIA SA","TEUS vacios",,,"10",,,,"2.025","1"
"SANTA MARTA","SOCIEDAD PORTUARIA REGIONAL DE SANTA MARTA SA","TEUS vacios","6.556","1.519","121",,,"852","2.025","1"
"BUENAVENTURA","SOCIEDAD PUERTO INDUSTRIAL AGUADULCE S.A.","TEUS vacios","32.455","12",,,,,"2.025","1"
"CARTAGENA","COMPAÑIA DE PUERTOS ASOCIADOS S.A.","TEUS vacios","1.264","723",,,,,"2.025","1"
"CARTAGENA","PUERTO DE MAMONAL S.A.","TEUS llenos",,"1",,,,,"2.025","1"
"BUENAVENTURA","SOCIEDAD PORTUARIA REGIONAL DE BUENAVENTURA S.A","TEUS llenos","5.121","10.818","12.447",,,,"2.025","1"
"BUENAVENTURA","SOCIEDAD PORTUARIA REGIONAL DE BUENAVENTURA S.A","TEUS vacios","6.106",,"3.272",,,,"2.025","1"
"BARRANQUILLA","SOCIEDAD PORTUARIA REGIONAL DE BARRANQUILLA S.A.","TEUS vacios","1.864","2.163",,,,"798","2.025","1"
"BUENAVENTURA","SOCIEDAD PUERTO INDUSTRIAL AGUADULCE S.A.","TEUS llenos","8.881","46.290",,,,"1.258","2.025","1"
"CARTAGENA","SOCIEDAD PORTUARIA TRANSMARSYP S.A.","TEUS vacios",,,,,,"36","2.025","1"
"CARTAGENA","SOCIEDAD PORTUARIA PUERTO BAHIA SA","TEUS llenos",,"2",,,,,"2.025","1"
"BARRANCABERMEJA","SOCIEDAD PORTUARIA IMPALA TERMINALS BARRANCABERMEJA S.A.","TEUS llenos",,,,,"269",,"2.025","1"
"TURBO","UNIBAN LOGISTICA S.A","TEUS vacios","423","6.570",,,,,"2.025","1"
"CARTAGENA","SOCIEDAD PORTUARIA TRANSMARSYP S.A.","TEUS llenos",,,,,,"438","2.025","1"
"TURBO","UNIBAN LOGISTICA S.A","TEUS llenos","5.591","424",,,,"1.133","2.025","1"
"BUENAVENTURA","SOCIEDAD PORTUARIA TERMINAL DE CONTENEDORES DE BUENAVENTURA S.A.","TEUS llenos","1.971","17.999","1.900",,,,"2.025","1"
"CARTAGENA","TERMINAL DE CONTENEDORES DE CARTAGENA S. A.","TEUS vacios","6.362","1.914","24.956",,,"869","2.025","2"
"BUENAVENTURA","SOCIEDAD PUERTO INDUSTRIAL AGUADULCE S.A.","TEUS llenos","4.249","22.700",,,,"1.006","2.025","2"
"CARTAGENA","SOCIEDAD PORTUARIA REGIONAL DE CARTAGENA SA","TEUS vacios","2.078","1.980","17.330",,,"1.987","2.025","2"
"SAN ANDRES","SAN ANDRES PORT SOCIETY SA","TEUS vacios","86",,,,,"539","2.025","2"
"BUENAVENTURA","SOCIEDAD PORTUARIA TERMINAL DE CONTENEDORES DE BUENAVENTURA S.A.","TEUS llenos","2.993","13.606","2.538",,,,"2.025","2"
"BUENAVENTURA","SOCIEDAD PORTUARIA TERMINAL DE CONTENEDORES DE BUENAVENTURA S.A.","TEUS vacios","9.066",,"6",,,,"2.025","2"
"CARTAGENA","SOCIEDAD PORTUARIA PUERTO BAHIA SA","TEUS vacios",,,"64",,,,"2.025","2"
"BARRANQUILLA","SOCIEDAD PORTUARIA REGIONAL DE BARRANQUILLA S.A.","TEUS llenos","5.470","4.341",,,,,"2.025","2"
"CARTAGENA","COMPAÑIA DE PUERTOS ASOCIADOS S.A.","TEUS vacios","2.410","719",,,,,"2.025","2"
"BARRANQUILLA","SOCIEDAD PORTUARIA REGIONAL DE BARRANQUILLA S.A.","TEUS vacios","670","1.758",,,,"780","2.025","2"
"CARTAGENA","PUERTO DE MAMONAL S.A.","TEUS llenos",,"6",,,,,"2.025","2"
"BUENAVENTURA","SOCIEDAD PUERTO INDUSTRIAL AGUADULCE S.A.","TEUS vacios","17.633",,,,,"4","2.025","2"
"BARRANQUILLA","PALERMO SOCIEDAD PORTUARIA S.A","TEUS llenos",,"0",,,,,"2.025","2"
"CARTAGENA","SOCIEDAD PORTUARIA REGIONAL DE CARTAGENA SA","TEUS llenos","11.134","7.938","46.304",,,"4.903","2.025","2"
"SANTA MARTA","SOCIEDAD PORTUARIA REGIONAL DE SANTA MARTA SA","TEUS vacios","7.849","1.362","11",,,"273","2.025","2"
"BUENAVENTURA","SOCIEDAD PORTUARIA REGIONAL DE BUENAVENTURA S.A","TEUS vacios","7.687",,"1.570",,,,"2.025","2"
"BUENAVENTURA","SOCIEDAD PORTUARIA REGIONAL DE BUENAVENTURA S.A","TEUS llenos","9.129","18.453","7.057",,,,"2.025","2"
"GUAJIRA","CERREJON ZONA NORTE S.A.","TEUS llenos",,"102",,,,,"2.025","2"
"SAN ANDRES","SAN ANDRES PORT SOCIETY SA","TEUS llenos",,"83",,,,"518","2.025","2"
"CARTAGENA","SOCIEDAD PORTUARIA TRANSMARSYP S.A.","TEUS vacios",,,,,,"33","2.025","2"
"TURBO","UNIBAN LOGISTICA S.A","TEUS llenos","5.736","292",,,,"724","2.025","2"
"BARRANCABERMEJA","SOCIEDAD PORTUARIA IMPALA TERMINALS BARRANCABERMEJA S.A.","TEUS vacios",,,,,"180",,"2.025","2"
"BARRANCABERMEJA","SOCIEDAD PORTUARIA IMPALA TERMINALS BARRANCABERMEJA S.A.","TEUS llenos",,,,,"221",,"2.025","2"
"GUAJIRA","CERREJON ZONA NORTE S.A.","TEUS vacios",,"77",,,,,"2.025","2"
"TURBO","UNIBAN LOGISTICA S.A","TEUS vacios","278","7.212",,,,,"2.025","2"
"CARTAGENA","SOCIEDAD PORTUARIA TRANSMARSYP S.A.","TEUS llenos",,,,,,"486","2.025","2"
"CARTAGENA","COMPAÑIA DE PUERTOS ASOCIADOS S.A.","TEUS llenos","2.364","2.443",,"336",,,"2.025","2"
"CARTAGENA","TERMINAL DE CONTENEDORES DE CARTAGENA S. A.","TEUS llenos","17.079","20.967","97.319",,,"2.131","2.025","2"
"BUENAVENTURA","SOCIEDAD PORTUARIA REGIONAL DE BUENAVENTURA S.A","TEUS vacios","12.429","126","834",,,,"2.025","3"
"BARRANQUILLA","PALERMO SOCIEDAD PORTUARIA S.A","TEUS llenos","4","6","117",,,,"2.025","3"
"CARTAGENA","SOCIEDAD PORTUARIA REGIONAL DE CARTAGENA SA","TEUS vacios","3.635","1.734","14.844",,,"2.003","2.025","3"
"CARTAGENA","COMPAÑIA DE PUERTOS ASOCIADOS S.A.","TEUS llenos","2.756","3.117",,,,,"2.025","3"
"SANTA MARTA","SOCIEDAD PORTUARIA REGIONAL DE SANTA MARTA SA","TEUS vacios","10.689","1.401","4",,,,"2.025","3"
"BUENAVENTURA","SOCIEDAD PORTUARIA TERMINAL DE CONTENEDORES DE BUENAVENTURA S.A.","TEUS llenos","4.480","15.357","1.806",,,,"2.025","3"
"CARTAGENA","SOCIEDAD PORTUARIA TRANSMARSYP S.A.","TEUS vacios",,,,,,"34","2.025","3"
"CARTAGENA","TERMINAL DE CONTENEDORES DE CARTAGENA S. A.","TEUS vacios","3.728","1.672","21.436",,,"1.369","2.025","3"
"BUENAVENTURA","SOCIEDAD PUERTO INDUSTRIAL AGUADULCE S.A.","TEUS vacios","12.144",,,,,,"2.025","3"
"BUENAVENTURA","SOCIEDAD PORTUARIA REGIONAL DE BUENAVENTURA S.A","TEUS llenos","9.835","23.184","8.001",,,,"2.025","3"
"TURBO","UNIBAN LOGISTICA S.A","TEUS vacios","222","7.020",,,,,"2.025","3"
"BARRANCABERMEJA","SOCIEDAD PORTUARIA IMPALA TERMINALS BARRANCABERMEJA S.A.","TEUS vacios",,,,,"209",,"2.025","3"
"BARRANQUILLA","SOCIEDAD PORTUARIA REGIONAL DE BARRANQUILLA S.A.","TEUS llenos","5.117","6.197",,,,,"2.025","3"
"BUENAVENTURA","SOCIEDAD PORTUARIA TERMINAL DE CONTENEDORES DE BUENAVENTURA S.A.","TEUS vacios","9.057","2",,,,,"2.025","3"
"CARTAGENA","SOCIEDAD PORTUARIA REGIONAL DE CARTAGENA SA","TEUS llenos","10.578","9.032","46.228",,,"4.553","2.025","3"
"BARRANQUILLA","SOCIEDAD PORTUARIA REGIONAL DE BARRANQUILLA S.A.","TEUS vacios","2.707","1.569",,,,"1.342","2.025","3"
"SAN ANDRES","SAN ANDRES PORT SOCIETY SA","TEUS llenos",,"227",,,,"521","2.025","3"
"TURBO","UNIBAN LOGISTICA S.A","TEUS llenos","6.485","562",,,,"1.338","2.025","3"
"SAN ANDRES","SAN ANDRES PORT SOCIETY SA","TEUS vacios","273",,,,,"412","2.025","3"
"CARTAGENA","SOCIEDAD PORTUARIA PUERTO BAHIA SA","TEUS llenos",,"293","1",,,,"2.025","3"
"BARRANCABERMEJA","SOCIEDAD PORTUARIA IMPALA TERMINALS BARRANCABERMEJA S.A.","TEUS llenos",,,,,"157",,"2.025","3"
"CARTAGENA","COMPAÑIA DE PUERTOS ASOCIADOS S.A.","TEUS vacios","2.562","2.020",,,,,"2.025","3"
"CARTAGENA","TERMINAL DE CONTENEDORES DE CARTAGENA S. A.","TEUS llenos","17.270","26.612","120.406",,,"1.378","2.025","3"
"CARTAGENA","SOCIEDAD PORTUARIA TRANSMARSYP S.A.","TEUS llenos",,,,,,"555","2.025","3"
"CARTAGENA","SOCIEDAD PORTUARIA PUERTO BAHIA SA","TEUS vacios",,"24","510",,,"300","2.025","3"
"BUENAVENTURA","SOCIEDAD PUERTO INDUSTRIAL AGUADULCE S.A.","TEUS llenos","3.383","16.063",,,,"1.114","2.025","3"
"BUENAVENTURA","SOCIEDAD PORTUARIA REGIONAL DE BUENAVENTURA S.A","TEUS vacios","10.023","70","430",,,,"2.025","4"
"CARTAGENA","SOCIEDAD PORTUARIA PUERTO BAHIA SA","TEUS vacios",,"6","1.452",,,"124","2.025","4"
"BARRANQUILLA","SOCIEDAD PORTUARIA REGIONAL DE BARRANQUILLA S.A.","TEUS vacios","2.358","884",,,,"1.585","2.025","4"
"BARRANQUILLA","SOCIEDAD PORTUARIA REGIONAL DE BARRANQUILLA S.A.","TEUS llenos","4.189","5.128",,,,"111","2.025","4"
"SAN ANDRES","SAN ANDRES PORT SOCIETY SA","TEUS llenos",,"116",,,,"523","2.025","4"
"BUENAVENTURA","SOCIEDAD PORTUARIA REGIONAL DE BUENAVENTURA S.A","TEUS llenos","5.349","21.360","4.754",,,,"2.025","4"
"TURBO","UNIBAN LOGISTICA S.A","TEUS vacios","304","5.922",,,,,"2.025","4"
"CARTAGENA","SOCIEDAD PORTUARIA TRANSMARSYP S.A.","TEUS vacios",,,,,,"27","2.025","4"
"SANTA MARTA","SOCIEDAD PORTUARIA REGIONAL DE SANTA MARTA SA","TEUS vacios","10.038","1.518","8",,,"187","2.025","4"
"BARRANCABERMEJA","SOCIEDAD PORTUARIA IMPALA TERMINALS BARRANCABERMEJA S.A.","TEUS llenos",,,,,"137",,"2.025","4"
"BUENAVENTURA","SOCIEDAD PORTUARIA TERMINAL DE CONTENEDORES DE BUENAVENTURA S.A.","TEUS llenos","2.044","16.982","2.582",,,,"2.025","4"
"CARTAGENA","TERMINAL DE CONTENEDORES DE CARTAGENA S. A.","TEUS vacios","6.960","351","40.230",,,"753","2.025","4"
"BUENAVENTURA","SOCIEDAD PUERTO INDUSTRIAL AGUADULCE S.A.","TEUS llenos","2.683","20.438",,,,"941","2.025","4"
"BUENAVENTURA","SOCIEDAD PUERTO INDUSTRIAL AGUADULCE S.A.","TEUS vacios","15.489",,,,,,"2.025","4"
"CARTAGENA","TERMINAL DE CONTENEDORES DE CARTAGENA S. A.","TEUS llenos","17.111","21.368","130.546",,,"1.476","2.025","4"
"BARRANCABERMEJA","SOCIEDAD PORTUARIA IMPALA TERMINALS BARRANCABERMEJA S.A.","TEUS vacios",,,,,"61",,"2.025","4"
"BARRANQUILLA","PALERMO SOCIEDAD PORTUARIA S.A","TEUS llenos","44","42","134",,,,"2.025","4"
"CARTAGENA","PUERTO DE MAMONAL S.A.","TEUS llenos",,"2",,,,,"2.025","4"
"BUENAVENTURA","SOCIEDAD PORTUARIA TERMINAL DE CONTENEDORES DE BUENAVENTURA S.A.","TEUS vacios","11.189",,"200",,,,"2.025","4"
"TURBO","UNIBAN LOGISTICA S.A","TEUS llenos","5.719","814",,,,"991","2.025","4"
"CARTAGENA","SOCIEDAD PORTUARIA REGIONAL DE CARTAGENA SA","TEUS llenos","11.831","9.924","50.648",,,"4.122","2.025","4"
"CARTAGENA","SOCIEDAD PORTUARIA REGIONAL DE CARTAGENA SA","TEUS vacios","2.829","1.512","8.953",,,"1.929","2.025","4"
"CARTAGENA","COMPAÑIA DE PUERTOS ASOCIADOS S.A.","TEUS vacios","3.853","222",,,,,"2.025","4"
"CARTAGENA","COMPAÑIA DE PUERTOS ASOCIADOS S.A.","TEUS llenos","2.094","3.876",,"331",,,"2.025","4"
"SAN ANDRES","SAN ANDRES PORT SOCIETY SA","TEUS vacios","149",,,,,"407","2.025","4"
"CARTAGENA","SOCIEDAD PORTUARIA PUERTO BAHIA SA","TEUS llenos",,"272",,,,,"2.025","4"
"CARTAGENA","SOCIEDAD PORTUARIA TRANSMARSYP S.A.","TEUS llenos",,,,,,"391","2.025","4"
"SAN ANDRES","SAN ANDRES PORT SOCIETY SA","TEUS vacios","178",,,,,"647","2.025","5"
"CARTAGENA","SOCIEDAD PORTUARIA REGIONAL DE CARTAGENA SA","TEUS llenos","11.532","13.964","50.401",,,"5.267","2.025","5"
"BARRANCABERMEJA","SOCIEDAD PORTUARIA IMPALA TERMINALS BARRANCABERMEJA S.A.","TEUS vacios",,,,,"168",,"2.025","5"
"CARTAGENA","COMPAÑIA DE PUERTOS ASOCIADOS S.A.","TEUS vacios","3.556","2.760",,,,,"2.025","5"
"BUENAVENTURA","SOCIEDAD PORTUARIA TERMINAL DE CONTENEDORES DE BUENAVENTURA S.A.","TEUS vacios","7.460","5",,,,,"2.025","5"
"CARTAGENA","SOCIEDAD PORTUARIA PUERTO BAHIA SA","TEUS vacios",,,"38",,,"500","2.025","5"
"BARRANQUILLA","SOCIEDAD PORTUARIA REGIONAL DE BARRANQUILLA S.A.","TEUS llenos","4.982","6.614","104","104",,,"2.025","5"
"CARTAGENA","TERMINAL DE CONTENEDORES DE CARTAGENA S. A.","TEUS llenos","18.844","28.433","140.960",,,"1.657","2.025","5"
"BARRANCABERMEJA","SOCIEDAD PORTUARIA IMPALA TERMINALS BARRANCABERMEJA S.A.","TEUS llenos",,,,,"168",,"2.025","5"
"CARTAGENA","COMPAÑIA DE PUERTOS ASOCIADOS S.A.","TEUS llenos","1.977","4.783",,"225",,,"2.025","5"
"BUENAVENTURA","SOCIEDAD PUERTO INDUSTRIAL AGUADULCE S.A.","TEUS vacios","20.007",,,,,"18","2.025","5"
"CARTAGENA","SOCIEDAD PORTUARIA TRANSMARSYP S.A.","TEUS vacios",,,,,,"38","2.025","5"
"BUENAVENTURA","SOCIEDAD PUERTO INDUSTRIAL AGUADULCE S.A.","TEUS llenos","5.463","24.289",,,,"946","2.025","5"
"BUENAVENTURA","SOCIEDAD PORTUARIA TERMINAL DE CONTENEDORES DE BUENAVENTURA S.A.","TEUS llenos","3.449","20.819","1.069",,,,"2.025","5"
"CARTAGENA","TERMINAL DE CONTENEDORES DE CARTAGENA S. A.","TEUS vacios","6.585","666","32.190",,,"407","2.025","5"
"CARTAGENA","SOCIEDAD PORTUARIA REGIONAL DE CARTAGENA SA","TEUS vacios","5.032","2.517","8.163",,,"2.441","2.025","5"
"BUENAVENTURA","SOCIEDAD PORTUARIA REGIONAL DE BUENAVENTURA S.A","TEUS vacios","11.837",,"928",,,,"2.025","5"
"BARRANQUILLA","SOCIEDAD PORTUARIA REGIONAL DE BARRANQUILLA S.A.","TEUS vacios","1.381","1.545",,,,"2.003","2.025","5"
"TURBO","UNIBAN LOGISTICA S.A","TEUS llenos","6.203","796",,,,"964","2.025","5"
"TURBO","UNIBAN LOGISTICA S.A","TEUS vacios","486","5.638",,,,,"2.025","5"
"BUENAVENTURA","SOCIEDAD PORTUARIA REGIONAL DE BUENAVENTURA S.A","TEUS llenos","6.926","22.151","9.606",,,,"2.025","5"
"SAN ANDRES","SAN ANDRES PORT SOCIETY SA","TEUS llenos","1","187",,,,"600","2.025","5"
"SANTA MARTA","SOCIEDAD PORTUARIA REGIONAL DE SANTA MARTA SA","TEUS vacios","6.802","1.831","25",,,"2","2.025","5"
"BARRANQUILLA","PALERMO SOCIEDAD PORTUARIA S.A","TEUS llenos",,"0",,,,,"2.025","5"
"CARTAGENA","SOCIEDAD PORTUARIA PUERTO BAHIA SA","TEUS llenos",,"204",,,,"260","2.025","5"
"CARTAGENA","SOCIEDAD PORTUARIA TRANSMARSYP S.A.","TEUS llenos",,,,,,"593","2.025","5"
"CARTAGENA","SOCIEDAD PORTUARIA PUERTO BAHIA SA","TEUS vacios",,,"1.116",,,"270","2.025","6"
"BUENAVENTURA","SOCIEDAD PORTUARIA REGIONAL DE BUENAVENTURA S.A","TEUS vacios","12.772","141","984",,,,"2.025","6"
"TURBO","UNIBAN LOGISTICA S.A","TEUS vacios","328","5.852",,,,,"2.025","6"
"CARTAGENA","SOCIEDAD PORTUARIA REGIONAL DE CARTAGENA SA","TEUS vacios","6.065","1.998","14.772",,,"2.090","2.025","6"
"CARTAGENA","COMPAÑIA DE PUERTOS ASOCIADOS S.A.","TEUS llenos","2.062","3.309",,"1.320",,,"2.025","6"
"SANTA MARTA","SOCIEDAD PORTUARIA REGIONAL DE SANTA MARTA SA","TEUS vacios","6.905","1.448","9",,,"78","2.025","6"
"BARRANQUILLA","PALERMO SOCIEDAD PORTUARIA S.A","TEUS vacios",,"19",,,,,"2.025","6"
"BARRANQUILLA","PALERMO SOCIEDAD PORTUARIA S.A","TEUS llenos","4","19","196",,,,"2.025","6"
"CARTAGENA","TERMINAL DE CONTENEDORES DE CARTAGENA S. A.","TEUS llenos","19.262","23.720","131.339",,,"2.313","2.025","6"
"BUENAVENTURA","SOCIEDAD PUERTO INDUSTRIAL AGUADULCE S.A.","TEUS llenos","6.436","24.619",,,,"1.594","2.025","6"
"CARTAGENA","SOCIEDAD PORTUARIA TRANSMARSYP S.A.","TEUS vacios",,,,,,"39","2.025","6"
"BUENAVENTURA","SOCIEDAD PORTUARIA TERMINAL DE CONTENEDORES DE BUENAVENTURA S.A.","TEUS llenos","3.734","17.244","2.239",,,,"2.025","6"
"BUENAVENTURA","SOCIEDAD PORTUARIA REGIONAL DE BUENAVENTURA S.A","TEUS llenos","6.792","18.967","7.772",,,,"2.025","6"
"BUENAVENTURA","SOCIEDAD PUERTO INDUSTRIAL AGUADULCE S.A.","TEUS vacios","17.544","2.142",,,,"1.019","2.025","6"
"BARRANQUILLA","SOCIEDAD PORTUARIA REGIONAL DE BARRANQUILLA S.A.","TEUS llenos","4.897","5.688","175","215",,,"2.025","6"
"CARTAGENA","COMPAÑIA DE PUERTOS ASOCIADOS S.A.","TEUS vacios","3.334","730",,,,,"2.025","6"
"TURBO","UNIBAN LOGISTICA S.A","TEUS llenos","4.916","725",,,,"722","2.025","6"
"CARTAGENA","SOCIEDAD PORTUARIA TRANSMARSYP S.A.","TEUS llenos",,,,,,"546","2.025","6"
"BUENAVENTURA","SOCIEDAD PORTUARIA TERMINAL DE CONTENEDORES DE BUENAVENTURA S.A.","TEUS vacios","13.320","12","228",,,,"2.025","6"
"BARRANCABERMEJA","SOCIEDAD PORTUARIA IMPALA TERMINALS BARRANCABERMEJA S.A.","TEUS llenos",,,,,"185",,"2.025","6"
"CARTAGENA","PUERTO DE MAMONAL S.A.","TEUS llenos",,"3",,,,,"2.025","6"
"BARRANQUILLA","SOCIEDAD PORTUARIA REGIONAL DE BARRANQUILLA S.A.","TEUS vacios","1.553","1.570",,,,"1.333","2.025","6"
"CARTAGENA","TERMINAL DE CONTENEDORES DE CARTAGENA S. A.","TEUS vacios","5.209","1.273","35.895",,,"1.452","2.025","6"
"SAN ANDRES","SAN ANDRES PORT SOCIETY SA","TEUS vacios","140",,,,,"743","2.025","6"
"BARRANCABERMEJA","SOCIEDAD PORTUARIA IMPALA TERMINALS BARRANCABERMEJA S.A.","TEUS vacios",,,,,"161",,"2.025","6"
"CARTAGENA","SOCIEDAD PORTUARIA PUERTO BAHIA SA","TEUS llenos","46","741","2",,,"190","2.025","6"
"CARTAGENA","SOCIEDAD PORTUARIA REGIONAL DE CARTAGENA SA","TEUS llenos","9.301","9.319","44.591",,,"5.730","2.025","6"
"SAN ANDRES","SAN ANDRES PORT SOCIETY SA","TEUS llenos",,"146",,,,"650","2.025","6"
"BUENAVENTURA","SOCIEDAD PORTUARIA TERMINAL DE CONTENEDORES DE BUENAVENTURA S.A.","TEUS llenos","4.419","19.339","852",,,,"2.025","7"
"BARRANQUILLA","PALERMO SOCIEDAD PORTUARIA S.A","TEUS llenos","9","10","46",,,,"2.025","7"
"BUENAVENTURA","SOCIEDAD PORTUARIA TERMINAL DE CONTENEDORES DE BUENAVENTURA S.A.","TEUS vacios","13.379","38",,,,,"2.025","7"
"CARTAGENA","SOCIEDAD PORTUARIA PUERTO BAHIA SA","TEUS llenos","59","877","374",,,,"2.025","7"
"CARTAGENA","SOCIEDAD PORTUARIA TRANSMARSYP S.A.","TEUS vacios",,,,,,"34","2.025","7"
"BUENAVENTURA","SOCIEDAD PORTUARIA REGIONAL DE BUENAVENTURA S.A","TEUS vacios","12.046","36","3.279",,,,"2.025","7"
"SAN ANDRES","SAN ANDRES PORT SOCIETY SA","TEUS llenos",,"142",,,,"572","2.025","7"
"CARTAGENA","TERMINAL DE CONTENEDORES DE CARTAGENA S. A.","TEUS llenos","19.558","21.617","132.441",,,"1.385","2.025","7"
"CARTAGENA","SOCIEDAD PORTUARIA REGIONAL DE CARTAGENA SA","TEUS vacios","5.368","2.425","15.535",,,"2.088","2.025","7"
"CARTAGENA","SOCIEDAD PORTUARIA REGIONAL DE CARTAGENA SA","TEUS llenos","10.139","10.323","45.756",,,"3.955","2.025","7"
"BUENAVENTURA","SOCIEDAD PUERTO INDUSTRIAL AGUADULCE S.A.","TEUS llenos","5.414","27.846",,,,"1.485","2.025","7"
"SANTA MARTA","SOCIEDAD PORTUARIA REGIONAL DE SANTA MARTA SA","TEUS vacios","9.684","1.374","196",,,"213","2.025","7"
"SAN ANDRES","SAN ANDRES PORT SOCIETY SA","TEUS vacios","149","2",,,,"528","2.025","7"
"CARTAGENA","COMPAÑIA DE PUERTOS ASOCIADOS S.A.","TEUS llenos","2.494","5.368",,"4.140",,,"2.025","7"
"BUENAVENTURA","SOCIEDAD PUERTO INDUSTRIAL AGUADULCE S.A.","TEUS vacios","22.471","956",,,,"246","2.025","7"
"BARRANQUILLA","SOCIEDAD PORTUARIA REGIONAL DE BARRANQUILLA S.A.","TEUS llenos","4.653","5.748","118","270",,,"2.025","7"
"CARTAGENA","SOCIEDAD PORTUARIA PUERTO BAHIA SA","TEUS vacios",,,"2.058",,,,"2.025","7"
"TURBO","UNIBAN LOGISTICA S.A","TEUS llenos","6.141","700",,,,"845","2.025","7"
"BARRANCABERMEJA","SOCIEDAD PORTUARIA IMPALA TERMINALS BARRANCABERMEJA S.A.","TEUS vacios",,,,,"70",,"2.025","7"
"BARRANQUILLA","PALERMO SOCIEDAD PORTUARIA S.A","TEUS vacios","25",,,,,,"2.025","7"
"CARTAGENA","COMPAÑIA DE PUERTOS ASOCIADOS S.A.","TEUS vacios","7.251","3.215",,"1.170",,,"2.025","7"
"BARRANQUILLA","SOCIEDAD PORTUARIA REGIONAL DE BARRANQUILLA S.A.","TEUS vacios","1.615","1.273",,,,"1.166","2.025","7"
"BUENAVENTURA","SOCIEDAD PORTUARIA REGIONAL DE BUENAVENTURA S.A","TEUS llenos","6.350","21.373","8.771",,,,"2.025","7"
"TURBO","UNIBAN LOGISTICA S.A","TEUS vacios","508","6.242",,,,,"2.025","7"
"CARTAGENA","TERMINAL DE CONTENEDORES DE CARTAGENA S. A.","TEUS vacios","7.667","577","52.499",,,"1.338","2.025","7"
"CARTAGENA","SOCIEDAD PORTUARIA TRANSMARSYP S.A.","TEUS llenos",,,,,,"468","2.025","7"
"BARRANCABERMEJA","SOCIEDAD PORTUARIA IMPALA TERMINALS BARRANCABERMEJA S.A.","TEUS llenos",,,,,"193",,"2.025","7"
"BUENAVENTURA","SOCIEDAD PORTUARIA REGIONAL DE BUENAVENTURA S.A","TEUS llenos","9.013","27.432","9.379",,,,"2.025","8"
"BUENAVENTURA","SOCIEDAD PUERTO INDUSTRIAL AGUADULCE S.A.","TEUS llenos","5.762","26.656",,,,"1.340","2.025","8"
"SAN ANDRES","SAN ANDRES PORT SOCIETY SA","TEUS vacios","163",,,,,"498","2.025","8"
"CARTAGENA","SOCIEDAD PORTUARIA TRANSMARSYP S.A.","TEUS llenos",,,,,,"576","2.025","8"
"SAN ANDRES","SAN ANDRES PORT SOCIETY SA","TEUS llenos",,"172",,,,"544","2.025","8"
"CARTAGENA","SOCIEDAD PORTUARIA TRANSMARSYP S.A.","TEUS vacios",,,,,,"23","2.025","8"
"CARTAGENA","TERMINAL DE CONTENEDORES DE CARTAGENA S. A.","TEUS llenos","18.045","23.522","136.087",,,"2.309","2.025","8"
"BUENAVENTURA","SOCIEDAD PUERTO INDUSTRIAL AGUADULCE S.A.","TEUS vacios","22.100","1.202",,,,"107","2.025","8"
"CARTAGENA","TERMINAL DE CONTENEDORES DE CARTAGENA S. A.","TEUS vacios","6.110","2.015","53.036",,,"1.919","2.025","8"
"BUENAVENTURA","SOCIEDAD PORTUARIA REGIONAL DE BUENAVENTURA S.A","TEUS vacios","15.024","24","1.307",,,,"2.025","8"
"CARTAGENA","COMPAÑIA DE PUERTOS ASOCIADOS S.A.","TEUS vacios","3.542","3.724",,"2.498",,,"2.025","8"
"CARTAGENA","SOCIEDAD PORTUARIA REGIONAL DE CARTAGENA SA","TEUS vacios","7.935","5.167","21.291",,,"2.177","2.025","8"
"CARTAGENA","COMPAÑIA DE PUERTOS ASOCIADOS S.A.","TEUS llenos","1.678","2.499",,"3.964",,,"2.025","8"
"TURBO","UNIBAN LOGISTICA S.A","TEUS vacios","278","6.127",,,,,"2.025","8"
"BUENAVENTURA","SOCIEDAD PORTUARIA TERMINAL DE CONTENEDORES DE BUENAVENTURA S.A.","TEUS vacios","15.466","1",,,,,"2.025","8"
"BUENAVENTURA","SOCIEDAD PORTUARIA TERMINAL DE CONTENEDORES DE BUENAVENTURA S.A.","TEUS llenos","3.679","17.069","1.043",,,,"2.025","8"
"CARTAGENA","SOCIEDAD PORTUARIA REGIONAL DE CARTAGENA SA","TEUS llenos","9.436","9.845","43.893",,,"4.842","2.025","8"
"TURBO","UNIBAN LOGISTICA S.A","TEUS llenos","5.660","689",,,,"816","2.025","8"
"BARRANQUILLA","PALERMO SOCIEDAD PORTUARIA S.A","TEUS llenos","18","12","46",,,,"2.025","8"
"SANTA MARTA","SOCIEDAD PORTUARIA REGIONAL DE SANTA MARTA SA","TEUS vacios","9.466","1.476","2",,,"513","2.025","8"
"BARRANQUILLA","SOCIEDAD PORTUARIA REGIONAL DE BARRANQUILLA S.A.","TEUS vacios","1.444","1.649",,,,"656","2.025","8"
"BARRANQUILLA","SOCIEDAD PORTUARIA REGIONAL DE BARRANQUILLA S.A.","TEUS llenos","4.864","6.512","191",,,,"2.025","8"
"CARTAGENA","SOCIEDAD PORTUARIA PUERTO BAHIA SA","TEUS llenos","300","1.307","170",,,,"2.025","8"
"CARTAGENA","SOCIEDAD PORTUARIA PUERTO BAHIA SA","TEUS vacios",,,"1.495",,,,"2.025","8"
"SAN ANDRES","SAN ANDRES PORT SOCIETY SA","TEUS llenos",,"181",,,,"694","2.025","9"
"SANTA MARTA","SOCIEDAD PORTUARIA REGIONAL DE SANTA MARTA SA","TEUS vacios","9.949","1.447",,,,"376","2.025","9"
"BARRANQUILLA","PALERMO SOCIEDAD PORTUARIA S.A","TEUS llenos","14","14","76",,,,"2.025","9"
"BARRANQUILLA","PALERMO SOCIEDAD PORTUARIA S.A","TEUS vacios",,"2",,,,,"2.025","9"
"CARTAGENA","SOCIEDAD PORTUARIA PUERTO BAHIA SA","TEUS vacios",,,"991",,,,"2.025","9"
"CARTAGENA","SOCIEDAD PORTUARIA PUERTO BAHIA SA","TEUS llenos","277","1.319","2",,,,"2.025","9"
"CARTAGENA","SOCIEDAD PORTUARIA REGIONAL DE CARTAGENA SA","TEUS llenos","9.167","10.434","49.035",,,"4.995","2.025","9"
"TURBO","UNIBAN LOGISTICA S.A","TEUS vacios","380","5.304",,,,,"2.025","9"
"TURBO","UNIBAN LOGISTICA S.A","TEUS llenos","5.529","543",,,,"639","2.025","9"
"CARTAGENA","SOCIEDAD PORTUARIA REGIONAL DE CARTAGENA SA","TEUS vacios","4.429","1.374","19.872",,,"2.605","2.025","9"
"BUENAVENTURA","SOCIEDAD PUERTO INDUSTRIAL AGUADULCE S.A.","TEUS vacios","18.244","3.490",,,,"797","2.025","9"
"BARRANQUILLA","SOCIEDAD PORTUARIA REGIONAL DE BARRANQUILLA S.A.","TEUS vacios","1.766","991",,,,"1.053","2.025","9"
"CARTAGENA","TERMINAL DE CONTENEDORES DE CARTAGENA S. A.","TEUS vacios","8.075","1.696","46.899",,,"2.280","2.025","9"
"BARRANQUILLA","SOCIEDAD PORTUARIA REGIONAL DE BARRANQUILLA S.A.","TEUS llenos","4.917","6.285",,,,,"2.025","9"
"BUENAVENTURA","SOCIEDAD PORTUARIA TERMINAL DE CONTENEDORES DE BUENAVENTURA S.A.","TEUS llenos","5.328","19.180","1.291",,,,"2.025","9"
"CARTAGENA","PUERTO DE MAMONAL S.A.","TEUS llenos",,"178",,,,,"2.025","9"
"CARTAGENA","TERMINAL DE CONTENEDORES DE CARTAGENA S. A.","TEUS llenos","18.447","21.746","124.570",,,"2.178","2.025","9"
"CARTAGENA","COMPAÑIA DE PUERTOS ASOCIADOS S.A.","TEUS vacios","3.075","2.145",,,,,"2.025","9"
"BUENAVENTURA","SOCIEDAD PORTUARIA TERMINAL DE CONTENEDORES DE BUENAVENTURA S.A.","TEUS vacios","11.227","9",,,,,"2.025","9"
"CARTAGENA","SOCIEDAD PORTUARIA TRANSMARSYP S.A.","TEUS llenos",,,,,,"535","2.025","9"
"BUENAVENTURA","SOCIEDAD PORTUARIA REGIONAL DE BUENAVENTURA S.A","TEUS vacios","14.948","131","1.591",,,,"2.025","9"
"BUENAVENTURA","SOCIEDAD PORTUARIA REGIONAL DE BUENAVENTURA S.A","TEUS llenos","8.203","23.693","9.006",,,,"2.025","9"
"SAN ANDRES","SAN ANDRES PORT SOCIETY SA","TEUS vacios","184",,,,,"647","2.025","9"
"BUENAVENTURA","SOCIEDAD PUERTO INDUSTRIAL AGUADULCE S.A.","TEUS llenos","5.054","23.930",,,,"664","2.025","9"
"CARTAGENA","SOCIEDAD PORTUARIA TRANSMARSYP S.A.","TEUS vacios",,,,,,"36","2.025","9"
"CARTAGENA","COMPAÑIA DE PUERTOS ASOCIADOS S.A.","TEUS llenos","2.131","2.829",,"2.079",,,"2.025","9"
"CARTAGENA","SOCIEDAD PORTUARIA PUERTO BAHIA SA","TEUS llenos","208","1.226","363",,,,"2.025","10"
"CARTAGENA","SOCIEDAD PORTUARIA PUERTO BAHIA SA","TEUS vacios","1.779","10","581",,,,"2.025","10"
"BUENAVENTURA","SOCIEDAD PORTUARIA REGIONAL DE BUENAVENTURA S.A","TEUS llenos","7.906","25.018","9.038",,,,"2.025","10"
"BUENAVENTURA","SOCIEDAD PUERTO INDUSTRIAL AGUADULCE S.A.","TEUS llenos","4.809","29.136",,,,"922","2.025","10"
"BUENAVENTURA","SOCIEDAD PUERTO INDUSTRIAL AGUADULCE S.A.","TEUS vacios","26.896","2.087",,,,"6","2.025","10"
"CARTAGENA","PUERTO DE MAMONAL S.A.","TEUS llenos",,"2",,,,,"2.025","10"
"BUENAVENTURA","SOCIEDAD PORTUARIA TERMINAL DE CONTENEDORES DE BUENAVENTURA S.A.","TEUS llenos","3.892","17.256","1.246",,,,"2.025","10"
"BARRANQUILLA","PALERMO SOCIEDAD PORTUARIA S.A","TEUS llenos","54","58","0",,,,"2.025","10"
"BUENAVENTURA","SOCIEDAD PORTUARIA REGIONAL DE BUENAVENTURA S.A","TEUS vacios","16.101",,"1.968",,,,"2.025","10"
"SAN ANDRES","SAN ANDRES PORT SOCIETY SA","TEUS vacios","211",,,,,"702","2.025","10"
"CARTAGENA","SOCIEDAD PORTUARIA REGIONAL DE CARTAGENA SA","TEUS llenos","8.694","9.943","60.649",,,"4.329","2.025","10"
"BUENAVENTURA","SOCIEDAD PORTUARIA TERMINAL DE CONTENEDORES DE BUENAVENTURA S.A.","TEUS vacios","15.579",,"76",,,,"2.025","10"
"CARTAGENA","TERMINAL DE CONTENEDORES DE CARTAGENA S. A.","TEUS vacios","5.090","1.570","47.284",,,"1.616","2.025","10"
"CARTAGENA","COMPAÑIA DE PUERTOS ASOCIADOS S.A.","TEUS vacios","2.914","5.875",,"725",,,"2.025","10"
"TURBO","UNIBAN LOGISTICA S.A","TEUS llenos","6.268","628",,,,"888","2.025","10"
"CARTAGENA","SOCIEDAD PORTUARIA REGIONAL DE CARTAGENA SA","TEUS vacios","3.860","2.576","21.954",,,"2.564","2.025","10"
"CARTAGENA","COMPAÑIA DE PUERTOS ASOCIADOS S.A.","TEUS llenos","1.893","3.672",,"5.893",,,"2.025","10"
"SAN ANDRES","SAN ANDRES PORT SOCIETY SA","TEUS llenos",,"193",,,,"574","2.025","10"
"BARRANQUILLA","SOCIEDAD PORTUARIA REGIONAL DE BARRANQUILLA S.A.","TEUS llenos","5.227","6.393","2",,,,"2.025","10"
"CARTAGENA","TERMINAL DE CONTENEDORES DE CARTAGENA S. A.","TEUS llenos","18.805","22.561","142.246",,,"2.243","2.025","10"
"CARTAGENA","SOCIEDAD PORTUARIA TRANSMARSYP S.A.","TEUS llenos",,,,,,"478","2.025","10"
"CARTAGENA","SOCIEDAD PORTUARIA TRANSMARSYP S.A.","TEUS vacios",,,,,,"36","2.025","10"
"BARRANQUILLA","SOCIEDAD PORTUARIA REGIONAL DE BARRANQUILLA S.A.","TEUS vacios","2.348","1.131",,,,"1.879","2.025","10"
"TURBO","UNIBAN LOGISTICA S.A","TEUS vacios","336","6.944",,,,,"2.025","10"
"SANTA MARTA","SOCIEDAD PORTUARIA REGIONAL DE SANTA MARTA SA","TEUS vacios","9.894","1.416","9",,,"306","2.025","10"
"BUENAVENTURA","SOCIEDAD PUERTO INDUSTRIAL AGUADULCE S.A.","TEUS llenos","4.522","20.912",,,,"1.205","2.025","11"
"CARTAGENA","TERMINAL DE CONTENEDORES DE CARTAGENA S. A.","TEUS vacios","8.799","1.564","45.694",,,"5.663","2.025","11"
"CARTAGENA","SOCIEDAD PORTUARIA PUERTO BAHIA SA","TEUS llenos","72","611","371",,,,"2.025","11"
"SAN ANDRES","SAN ANDRES PORT SOCIETY SA","TEUS llenos","4","156",,,,"557","2.025","11"
"TURBO","UNIBAN LOGISTICA S.A","TEUS llenos","5.049","448",,,,"659","2.025","11"
"CARTAGENA","SOCIEDAD PORTUARIA TRANSMARSYP S.A.","TEUS llenos",,,,,,"499","2.025","11"
"BUENAVENTURA","SOCIEDAD PUERTO INDUSTRIAL AGUADULCE S.A.","TEUS vacios","16.935","1.074",,,,"58","2.025","11"
"CARTAGENA","SOCIEDAD PORTUARIA TRANSMARSYP S.A.","TEUS vacios",,,,,,"26","2.025","11"
"BARRANQUILLA","SOCIEDAD PORTUARIA REGIONAL DE BARRANQUILLA S.A.","TEUS llenos","4.478","6.023","2",,,"35","2.025","11"
"TURBO","UNIBAN LOGISTICA S.A","TEUS vacios","190","4.510",,,,,"2.025","11"
"BARRANQUILLA","PALERMO SOCIEDAD PORTUARIA S.A","TEUS llenos","10","34","52",,,,"2.025","11"
"SANTA MARTA","SOCIEDAD PORTUARIA REGIONAL DE SANTA MARTA SA","TEUS vacios","5.134","1.012","31",,,"211","2.025","11"
"BUENAVENTURA","SOCIEDAD PORTUARIA REGIONAL DE BUENAVENTURA S.A","TEUS vacios","18.410","395","1.788",,,,"2.025","11"
"CARTAGENA","SOCIEDAD PORTUARIA REGIONAL DE CARTAGENA SA","TEUS vacios","6.019","1.053","19.958",,,"1.031","2.025","11"
"CARTAGENA","SOCIEDAD PORTUARIA PUERTO BAHIA SA","TEUS vacios","282",,"224",,,,"2.025","11"
"BARRANQUILLA","SOCIEDAD PORTUARIA REGIONAL DE BARRANQUILLA S.A.","TEUS vacios","1.328","1.266",,,,"884","2.025","11"
"CARTAGENA","TERMINAL DE CONTENEDORES DE CARTAGENA S. A.","TEUS llenos","17.162","22.749","126.372",,,"2.453","2.025","11"
"BUENAVENTURA","SOCIEDAD PORTUARIA TERMINAL DE CONTENEDORES DE BUENAVENTURA S.A.","TEUS llenos","3.775","15.120","713",,,,"2.025","11"
"CARTAGENA","SOCIEDAD PORTUARIA REGIONAL DE CARTAGENA SA","TEUS llenos","7.686","11.186","52.205",,,"3.739","2.025","11"
"CARTAGENA","COMPAÑIA DE PUERTOS ASOCIADOS S.A.","TEUS vacios","8.094","3.190",,,,,"2.025","11"
"SAN ANDRES","SAN ANDRES PORT SOCIETY SA","TEUS vacios","149",,,,,"553","2.025","11"
"BUENAVENTURA","SOCIEDAD PORTUARIA REGIONAL DE BUENAVENTURA S.A","TEUS llenos","9.277","27.551","8.038",,,,"2.025","11"
"CARTAGENA","COMPAÑIA DE PUERTOS ASOCIADOS S.A.","TEUS llenos","1.607","2.699",,"1.608",,,"2.025","11"
"BUENAVENTURA","SOCIEDAD PORTUARIA TERMINAL DE CONTENEDORES DE BUENAVENTURA S.A.","TEUS vacios","11.829","1","360",,,,"2.025","11"
"BARRANQUILLA","SOCIEDAD PORTUARIA REGIONAL DE BARRANQUILLA S.A.","TEUS llenos","5.367","6.418",,,,,"2.025","12"
"CARTAGENA","SOCIEDAD PORTUARIA PUERTO BAHIA SA","TEUS vacios",,,"1.557",,,,"2.025","12"
"CARTAGENA","TERMINAL DE CONTENEDORES DE CARTAGENA S. A.","TEUS vacios","5.665","2.583","41.401",,,"2.250","2.025","12"
"CARTAGENA","SOCIEDAD PORTUARIA REGIONAL DE CARTAGENA SA","TEUS llenos","8.543","11.915","51.356",,,"4.188","2.025","12"
"SAN ANDRES","SAN ANDRES PORT SOCIETY SA","TEUS llenos","1","230",,,,"747","2.025","12"
"SAN ANDRES","SAN ANDRES PORT SOCIETY SA","TEUS vacios","221",,,,,"719","2.025","12"
"BUENAVENTURA","SOCIEDAD PORTUARIA TERMINAL DE CONTENEDORES DE BUENAVENTURA S.A.","TEUS vacios","16.703","1","385",,,,"2.025","12"
"CARTAGENA","COMPAÑIA DE PUERTOS ASOCIADOS S.A.","TEUS llenos","1.783","3.069",,"342",,,"2.025","12"
"BARRANQUILLA","SOCIEDAD PORTUARIA REGIONAL DE BARRANQUILLA S.A.","TEUS vacios","2.055","1.756",,,,"1.205","2.025","12"
"TURBO","UNIBAN LOGISTICA S.A","TEUS vacios","338","5.594",,,,,"2.025","12"
"CARTAGENA","TERMINAL DE CONTENEDORES DE CARTAGENA S. A.","TEUS llenos","18.962","22.974","145.112",,,"2.634","2.025","12"
"TURBO","UNIBAN LOGISTICA S.A","TEUS llenos","4.802","433",,,,"893","2.025","12"
"CARTAGENA","COMPAÑIA DE PUERTOS ASOCIADOS S.A.","TEUS vacios","4.658","578",,,,,"2.025","12"
"CARTAGENA","SOCIEDAD PORTUARIA TRANSMARSYP S.A.","TEUS llenos",,,,,,"470","2.025","12"
"CARTAGENA","SOCIEDAD PORTUARIA TRANSMARSYP S.A.","TEUS vacios",,,,,,"41","2.025","12"
"SANTA MARTA","SOCIEDAD PORTUARIA REGIONAL DE SANTA MARTA SA","TEUS vacios","13.058","2.322","78",,,"298","2.025","12"
"BARRANQUILLA","PALERMO SOCIEDAD PORTUARIA S.A","TEUS llenos",,"8","42",,,,"2.025","12"
"BUENAVENTURA","SOCIEDAD PORTUARIA REGIONAL DE BUENAVENTURA S.A","TEUS llenos","8.737","26.548","5.549",,,,"2.025","12"
"CARTAGENA","SOCIEDAD PORTUARIA REGIONAL DE CARTAGENA SA","TEUS vacios","6.941","3.568","24.672",,,"3.754","2.025","12"
"CARTAGENA","SOCIEDAD PORTUARIA PUERTO BAHIA SA","TEUS llenos",,"95",,,,,"2.025","12"
"BUENAVENTURA","SOCIEDAD PORTUARIA REGIONAL DE BUENAVENTURA S.A","TEUS vacios","17.109","127","2.170",,,,"2.025","12"
"BUENAVENTURA","SOCIEDAD PORTUARIA TERMINAL DE CONTENEDORES DE BUENAVENTURA S.A.","TEUS llenos","4.078","18.034","1.047",,,,"2.025","12"
"BUENAVENTURA","SOCIEDAD PUERTO INDUSTRIAL AGUADULCE S.A.","TEUS llenos","4.174","30.316",,,,"658","2.025","12"
"BARRANQUILLA","PALERMO SOCIEDAD PORTUARIA S.A","TEUS vacios","15","11",,,,,"2.025","12"
"BUENAVENTURA","SOCIEDAD PUERTO INDUSTRIAL AGUADULCE S.A.","TEUS vacios","23.270","604",,,,"41","2.025","12"
